drx	drr	ddbj_status	source
DRX000047	DRR000110	public	search_api
DRX000423	DRR000692	public	search_api
DRX000620	DRR000970	public	search_api
DRX000620	DRR001020	public	search_api
DRX000621	DRR001021	public	search_api
DRX000622	DRR000972	public	search_api
DRX000622	DRR001022	public	search_api
DRX000623	DRR000973	public	search_api
DRX000623	DRR001023	public	search_api
DRX000708	DRR001106	public	search_api
DRX000793	DRR001196	public	search_api
DRX000794	DRR001197	public	search_api
DRX000795	DRR001198	public	search_api
DRX001090	DRR001566	public	search_api
DRX001181	DRR001712	public	search_api
DRX001498	DRR002046	public	search_api
DRX002042	DRR002705	public	search_api
DRX002680	DRR003358	public	search_api
DRX002711	DRR003387	public	search_api
DRX002949	DRR003638	public	search_api
DRX002957	DRR003646	public	search_api
DRX003143	DRR003907	public	search_api
DRX005588	DRR006370	public	search_api
DRX005624	DRR006412	public	search_api
DRX012447	DRR013899	public	search_api
DRX012537		suppressed	status_file_only
DRX012538		suppressed	status_file_only
DRX012539		suppressed	status_file_only
DRX012540		suppressed	status_file_only
DRX012541		suppressed	status_file_only
DRX012542		suppressed	status_file_only
DRX012543		suppressed	status_file_only
DRX012544		suppressed	status_file_only
DRX012545		suppressed	status_file_only
DRX012546		suppressed	status_file_only
DRX012547		suppressed	status_file_only
DRX012548		suppressed	status_file_only
DRX012549		suppressed	status_file_only
DRX012550		suppressed	status_file_only
DRX012551		suppressed	status_file_only
DRX012552		suppressed	status_file_only
DRX012553		suppressed	status_file_only
DRX012554		suppressed	status_file_only
DRX012555		suppressed	status_file_only
DRX012556		suppressed	status_file_only
DRX012713	DRR014182	public	search_api
DRX013219	DRR014699	public	search_api
DRX013252	DRR014732	public	search_api
DRX013303	DRR014783	public	search_api
DRX013514	DRR015020	public	search_api
DRX013608	DRR015141	public	search_api
DRX013632	DRR015165	public	search_api
DRX013634	DRR015167	public	search_api
DRX013948	DRR015481	public	search_api
DRX014232	DRR015860	public	search_api
DRX014542		suppressed	status_file_only
DRX014543		suppressed	status_file_only
DRX014546	DRR016179	public	search_api
DRX014547	DRR016180	public	search_api
DRX014548	DRR016181	public	search_api
DRX014549	DRR016182	public	search_api
DRX014550	DRR016183	public	search_api
DRX014551	DRR016184	public	search_api
DRX014552	DRR016185	public	search_api
DRX014553	DRR016186	public	search_api
DRX014554	DRR016187	public	search_api
DRX014555	DRR016188	public	search_api
DRX014556	DRR016189	public	search_api
DRX014782	DRR016415	public	search_api
DRX016737	DRR018548	public	search_api
DRX017210	DRR019021	public	search_api
DRX017695	DRR019542	public	search_api
DRX019613	DRR021460	public	search_api
DRX019783	DRR021630	public	search_api
DRX021353	DRR023299	public	search_api
DRX024398	DRR026803	public	search_api
DRX024434	DRR026839	public	search_api
DRX024514	DRR026919	public	search_api
DRX024517	DRR026922	public	search_api
DRX024568	DRR026973	public	search_api
DRX024827	DRR027232	public	search_api
DRX025191	DRR027596	public	search_api
DRX026039	DRR028963	public	search_api
DRX026370	DRR029310	public	search_api
DRX026591	DRR029531	public	search_api
DRX026592	DRR029532	public	search_api
DRX026593	DRR029533	public	search_api
DRX026594	DRR029534	public	search_api
DRX026595	DRR029535	public	search_api
DRX026596	DRR029536	public	search_api
DRX026597	DRR029537	public	search_api
DRX026598	DRR029538	public	search_api
DRX026599	DRR029539	public	search_api
DRX026600	DRR029540	public	search_api
DRX026601	DRR029541	public	search_api
DRX026602	DRR029542	public	search_api
DRX026603	DRR029543	public	search_api
DRX026604	DRR029544	public	search_api
DRX026605	DRR029545	public	search_api
DRX026606	DRR029546	public	search_api
DRX026958	DRR029940	public	search_api
DRX027147	DRR030129	public	search_api
DRX027147	DRR030130	public	search_api
DRX027148	DRR030131	public	search_api
DRX027148	DRR030132	public	search_api
DRX027413	DRR030397	public	search_api
DRX027451	DRR030435	public	search_api
DRX027544	DRR030528	public	search_api
DRX028153	DRR031151	public	search_api
DRX028657	DRR031689	public	search_api
DRX028659	DRR031691	public	search_api
DRX028911	DRR031973	public	search_api
DRX029065	DRR032127	public	search_api
DRX029174	DRR032236	public	search_api
DRX029277	DRR032471	public	search_api
DRX030322	DRR033599	public	search_api
DRX030323	DRR033600	public	search_api
DRX030324	DRR033601	public	search_api
DRX030325	DRR033602	public	search_api
DRX030326	DRR033603	public	search_api
DRX030327	DRR033604	public	search_api
DRX030977	DRR034344	public	search_api
DRX030980	DRR034347	public	search_api
DRX031053	DRR034420	public	search_api
DRX031109	DRR034476	public	search_api
DRX031611	DRR034978	public	search_api
DRX031828	DRR035195	public	search_api
DRX031897	DRR035264	public	search_api
DRX032082	DRR035449	public	search_api
DRX032217	DRR035584	public	search_api
DRX032403	DRR035770	public	search_api
DRX032404	DRR035771	public	search_api
DRX032405	DRR035772	public	search_api
DRX032406	DRR035773	public	search_api
DRX032407	DRR035774	public	search_api
DRX032562	DRR035929	public	search_api
DRX032563	DRR035930	public	search_api
DRX032564	DRR035931	public	search_api
DRX032565	DRR035932	public	search_api
DRX032566	DRR035933	public	search_api
DRX032567	DRR035934	public	search_api
DRX032568	DRR035935	public	search_api
DRX032569	DRR035936	public	search_api
DRX032570	DRR035937	public	search_api
DRX032571	DRR035938	public	search_api
DRX032572	DRR035939	public	search_api
DRX032573	DRR035940	public	search_api
DRX032574	DRR035941	public	search_api
DRX032575	DRR035942	public	search_api
DRX032576	DRR035943	public	search_api
DRX032577	DRR035944	public	search_api
DRX032578	DRR035945	public	search_api
DRX032579	DRR035946	public	search_api
DRX032580	DRR035947	public	search_api
DRX032581	DRR035948	public	search_api
DRX032582	DRR035949	public	search_api
DRX032583	DRR035950	public	search_api
DRX032584	DRR035951	public	search_api
DRX032585	DRR035952	public	search_api
DRX032586	DRR035953	public	search_api
DRX032587	DRR035954	public	search_api
DRX032641	DRR036008	public	search_api
DRX032642	DRR036009	public	search_api
DRX032643	DRR036010	public	search_api
DRX032644	DRR036011	public	search_api
DRX032645	DRR036012	public	search_api
DRX032646	DRR036013	public	search_api
DRX032647	DRR036014	public	search_api
DRX032648	DRR036015	public	search_api
DRX032649	DRR036016	public	search_api
DRX032650	DRR036017	public	search_api
DRX032651	DRR036018	public	search_api
DRX032652	DRR036019	public	search_api
DRX032653	DRR036020	public	search_api
DRX032654	DRR036021	public	search_api
DRX032655	DRR036022	public	search_api
DRX032656	DRR036023	public	search_api
DRX032657	DRR036024	public	search_api
DRX032658	DRR036025	public	search_api
DRX032659	DRR036026	public	search_api
DRX032660	DRR036027	public	search_api
DRX032661	DRR036028	public	search_api
DRX032662	DRR036029	public	search_api
DRX032663	DRR036030	public	search_api
DRX032664	DRR036031	public	search_api
DRX032665	DRR036032	public	search_api
DRX032666	DRR036033	public	search_api
DRX032667	DRR036034	public	search_api
DRX032668	DRR036035	public	search_api
DRX032669	DRR036036	public	search_api
DRX032670	DRR036037	public	search_api
DRX032671	DRR036038	public	search_api
DRX032688	DRR036055	public	search_api
DRX032689	DRR036056	public	search_api
DRX033124	DRR036883	public	search_api
DRX033125	DRR036884	public	search_api
DRX033126	DRR036885	public	search_api
DRX033127	DRR036886	public	search_api
DRX033128	DRR036887	public	search_api
DRX033129	DRR036888	public	search_api
DRX033130	DRR036889	public	search_api
DRX033131	DRR036890	public	search_api
DRX033132	DRR036891	public	search_api
DRX033133	DRR036892	public	search_api
DRX033134	DRR036893	public	search_api
DRX033135	DRR036894	public	search_api
DRX033136	DRR036895	public	search_api
DRX033137	DRR036896	public	search_api
DRX033138	DRR036897	public	search_api
DRX033139	DRR036898	public	search_api
DRX033140	DRR036899	public	search_api
DRX033141	DRR036900	public	search_api
DRX033142	DRR036901	public	search_api
DRX033143	DRR036902	public	search_api
DRX033144	DRR036903	public	search_api
DRX033145	DRR036904	public	search_api
DRX033146	DRR036905	public	search_api
DRX033147	DRR036906	public	search_api
DRX033148	DRR036907	public	search_api
DRX033149	DRR036908	public	search_api
DRX033150	DRR036909	public	search_api
DRX033151	DRR036910	public	search_api
DRX033152	DRR036911	public	search_api
DRX033153	DRR036912	public	search_api
DRX033154	DRR036913	public	search_api
DRX033155	DRR036914	public	search_api
DRX033156	DRR036915	public	search_api
DRX033157	DRR036916	public	search_api
DRX033158	DRR036917	public	search_api
DRX033159	DRR036918	public	search_api
DRX033160	DRR036919	public	search_api
DRX033161	DRR036920	public	search_api
DRX033162	DRR036921	public	search_api
DRX033163	DRR036922	public	search_api
DRX033164	DRR036923	public	search_api
DRX033165	DRR036924	public	search_api
DRX033166	DRR036925	public	search_api
DRX033167	DRR036926	public	search_api
DRX033168	DRR036927	public	search_api
DRX033169	DRR036928	public	search_api
DRX033170	DRR036929	public	search_api
DRX033171	DRR036930	public	search_api
DRX033172	DRR036931	public	search_api
DRX033173	DRR036932	public	search_api
DRX033174	DRR036933	public	search_api
DRX033311	DRR037076	public	search_api
DRX033312	DRR037077	public	search_api
DRX033313	DRR037078	public	search_api
DRX033314	DRR037079	public	search_api
DRX033315	DRR037080	public	search_api
DRX033316	DRR037081	public	search_api
DRX033317	DRR037082	public	search_api
DRX033318	DRR037083	public	search_api
DRX033319	DRR037084	public	search_api
DRX033320	DRR037085	public	search_api
DRX033321	DRR037086	public	search_api
DRX033322	DRR037087	public	search_api
DRX033323	DRR037088	public	search_api
DRX033406	DRR037171	public	search_api
DRX033407	DRR037172	public	search_api
DRX033408	DRR037173	public	search_api
DRX033418	DRR037183	public	search_api
DRX033419	DRR037184	public	search_api
DRX033420	DRR037185	public	search_api
DRX033421	DRR037186	public	search_api
DRX033422	DRR037187	public	search_api
DRX033423	DRR037188	public	search_api
DRX033424	DRR037189	public	search_api
DRX033425	DRR037190	public	search_api
DRX033426	DRR037191	public	search_api
DRX033429	DRR037194	public	search_api
DRX033435	DRR037200	public	search_api
DRX033646	DRR037418	public	search_api
DRX033764	DRR037536	public	search_api
DRX033868	DRR037640	public	search_api
DRX033914	DRR037686	public	search_api
DRX034113	DRR037885	public	search_api
DRX034685	DRR038457	public	search_api
DRX035432	DRR039204	public	search_api
DRX035521	DRR039293	public	search_api
DRX035790	DRR039562	public	search_api
DRX036196	DRR039970	public	search_api
DRX036197	DRR039971	public	search_api
DRX037143	DRR041509	public	search_api
DRX037190	DRR041556	public	search_api
DRX037784	DRR042150	public	search_api
DRX037850	DRR042216	public	search_api
DRX037883	DRR042249	public	search_api
DRX038310	DRR042677	public	search_api
DRX040513	DRR045217	public	search_api
DRX040557	DRR045261	public	search_api
DRX040801	DRR045505	public	search_api
DRX040889	DRR045593	public	search_api
DRX041721	DRR046433	public	search_api
DRX041814	DRR046526	public	search_api
DRX043709	DRR048426	public	search_api
DRX043890	DRR048607	public	search_api
DRX044189	DRR049136	public	search_api
DRX044295	DRR049242	public	search_api
DRX044436	DRR049383	public	search_api
DRX044778	DRR049736	public	search_api
DRX045377	DRR050371	public	search_api
DRX045378	DRR050372	public	search_api
DRX045850	DRR050940	public	search_api
DRX045946	DRR051054	public	search_api
DRX047993	DRR053101	public	search_api
DRX048714	DRR053832	public	search_api
DRX048911	DRR054056	public	search_api
DRX049676	DRR054969	public	search_api
DRX051110	DRR056432	public	search_api
DRX051275	DRR056597	public	search_api
DRX051708	DRR057072	public	search_api
DRX053282	DRR058700	public	search_api
DRX054021	DRR059690	public	search_api
DRX054783	DRR060539	public	search_api
DRX055752	DRR061508	public	search_api
DRX056347	DRR062106	public	search_api
DRX056348	DRR062107	public	search_api
DRX057151	DRR062910	public	search_api
DRX057224	DRR062983	public	search_api
DRX058221	DRR064076	public	search_api
DRX058426	DRR064281	public	search_api
DRX058429	DRR064284	public	search_api
DRX058828	DRR064683	public	search_api
DRX058875	DRR064730	public	search_api
DRX059514	DRR065369	public	search_api
DRX059573	DRR065428	public	search_api
DRX059915	DRR065770	public	search_api
DRX060959	DRR066999	public	search_api
DRX060992	DRR067032	public	search_api
DRX061302	DRR067371	public	search_api
DRX061787	DRR067867	public	search_api
DRX062040	DRR068089	public	search_api
DRX062201	DRR068250	public	search_api
DRX062216	DRR068265	public	search_api
DRX062338	DRR068387	public	search_api
DRX062390	DRR068439	public	search_api
DRX062396	DRR068445	public	search_api
DRX062808	DRR068858	public	search_api
DRX063127	DRR069177	public	search_api
DRX063320	DRR069370	public	search_api
DRX063723	DRR069773	public	search_api
DRX063906	DRR069956	public	search_api
DRX064022	DRR070072	public	search_api
DRX064023	DRR070073	public	search_api
DRX064439	DRR070489	public	search_api
DRX064650	DRR070700	public	search_api
DRX064651	DRR070701	public	search_api
DRX064652	DRR070702	public	search_api
DRX064774	DRR070824	public	search_api
DRX064780	DRR070830	public	search_api
DRX065189	DRR071239	public	search_api
DRX065556	DRR071606	public	search_api
DRX066085	DRR072135	public	search_api
DRX066137	DRR072187	public	search_api
DRX066501	DRR072563	public	search_api
DRX066536	DRR072598	public	search_api
DRX066896	DRR072958	public	search_api
DRX067005	DRR073091	public	search_api
DRX067253	DRR073339	public	search_api
DRX067635	DRR073721	public	search_api
DRX067999	DRR074085	public	search_api
DRX068009	DRR074095	public	search_api
DRX069554	DRR075657	public	search_api
DRX069784	DRR075887	public	search_api
DRX070427	DRR076583	public	search_api
DRX070710	DRR076866	public	search_api
DRX070745	DRR076901	public	search_api
DRX071401	DRR077557	public	search_api
DRX071464	DRR077620	public	search_api
DRX071575	DRR077731	public	search_api
DRX071595	DRR077751	public	search_api
DRX071681	DRR077837	public	search_api
DRX071738	DRR077894	public	search_api
DRX071833	DRR077989	public	search_api
DRX071895	DRR078051	public	search_api
DRX071954	DRR078110	public	search_api
DRX072019	DRR078175	public	search_api
DRX072044	DRR078200	public	search_api
DRX072237	DRR078393	public	search_api
DRX072254	DRR078410	public	search_api
DRX072287	DRR078443	public	search_api
DRX072422	DRR078578	public	search_api
DRX072619	DRR078775	public	search_api
DRX076274	DRR082436	public	search_api
DRX076769	DRR082938	public	search_api
DRX077851	DRR084020	public	search_api
DRX077926	DRR084095	public	search_api
DRX080981	DRR087152	public	search_api
DRX081245	DRR087416	public	search_api
DRX082757	DRR088934	public	search_api
DRX082881	DRR089058	public	search_api
DRX083471	DRR089743	public	search_api
DRX084274	DRR090569	public	search_api
DRX084622	DRR090917	public	search_api
DRX084848	DRR091192	public	search_api
DRX085292	DRR091722	public	search_api
DRX085630	DRR092060	public	search_api
DRX085870	DRR092300	public	search_api
DRX086351	DRR092848	public	search_api
DRX086510		suppressed	status_file_only
DRX086511		suppressed	status_file_only
DRX086512		suppressed	status_file_only
DRX086513		suppressed	status_file_only
DRX087147	DRR093651	public	search_api
DRX087562	DRR094066	public	search_api
DRX087827	DRR094331	public	search_api
DRX087889	DRR094393	public	search_api
DRX087935	DRR094439	public	search_api
DRX088166	DRR094670	public	search_api
DRX088662	DRR095166	public	search_api
DRX089415	DRR095919	public	search_api
DRX089421	DRR095925	public	search_api
DRX089815	DRR096319	public	search_api
DRX089972	DRR096476	public	search_api
DRX090000	DRR096504	public	search_api
DRX090035	DRR096539	public	search_api
DRX090580	DRR097084	public	search_api
DRX090754	DRR097258	public	search_api
DRX091087	DRR097600	public	search_api
DRX091124	DRR097637	public	search_api
DRX091136	DRR097649	public	search_api
DRX091165	DRR097678	public	search_api
DRX091830	DRR098343	public	search_api
DRX093004	DRR099526	public	search_api
DRX093841		suppressed	status_file_only
DRX093842		suppressed	status_file_only
DRX093843		suppressed	status_file_only
DRX093844		suppressed	status_file_only
DRX093845		suppressed	status_file_only
DRX093846		suppressed	status_file_only
DRX093847		suppressed	status_file_only
DRX093848		suppressed	status_file_only
DRX093849		suppressed	status_file_only
DRX093850		suppressed	status_file_only
DRX093851		suppressed	status_file_only
DRX093852		suppressed	status_file_only
DRX093910	DRR100477	public	search_api
DRX094329	DRR100896	public	search_api
DRX094361	DRR100928	public	search_api
DRX094394		suppressed	status_file_only
DRX094395		suppressed	status_file_only
DRX094396		suppressed	status_file_only
DRX094397		suppressed	status_file_only
DRX094398		suppressed	status_file_only
DRX094399		suppressed	status_file_only
DRX094400		suppressed	status_file_only
DRX094482	DRR101057	public	search_api
DRX094760	DRR101340	public	search_api
DRX094905	DRR101485	public	search_api
DRX095741	DRR102321	public	search_api
DRX095943	DRR102523	public	search_api
DRX096308	DRR102888	public	search_api
DRX096685	DRR103265	public	search_api
DRX096699	DRR103279	public	search_api
DRX099519	DRR106424	public	search_api
DRX099954	DRR106865	public	search_api
DRX100046	DRR106957	public	search_api
DRX1008771	DRR1032314	public	search_api
DRX1008772	DRR1032315	public	search_api
DRX101136	DRR108047	public	search_api
DRX1012201	DRR1035879	public	search_api
DRX1016078	DRR1040025	public	search_api
DRX1016079	DRR1040026	public	search_api
DRX1016080	DRR1040027	public	search_api
DRX1016081	DRR1040028	public	search_api
DRX1016082	DRR1040029	public	search_api
DRX1016083	DRR1040030	public	search_api
DRX1016084	DRR1040031	public	search_api
DRX1016085	DRR1040032	public	search_api
DRX1016086	DRR1040033	public	search_api
DRX1016087	DRR1040034	public	search_api
DRX1016088	DRR1040035	public	search_api
DRX1016089	DRR1040036	public	search_api
DRX1016090	DRR1040037	public	search_api
DRX1016091	DRR1040038	public	search_api
DRX1016092	DRR1040039	public	search_api
DRX1016093	DRR1040040	public	search_api
DRX1016094	DRR1040041	public	search_api
DRX1016095	DRR1040042	public	search_api
DRX1016096	DRR1040043	public	search_api
DRX1016097	DRR1040044	public	search_api
DRX1016098	DRR1040045	public	search_api
DRX1016099	DRR1040046	public	search_api
DRX1016100	DRR1040047	public	search_api
DRX1018051	DRR1042015	public	search_api
DRX1018052	DRR1042016	public	search_api
DRX1018126	DRR1042090	public	search_api
DRX1018127	DRR1042091	public	search_api
DRX1018128	DRR1042092	public	search_api
DRX1018129	DRR1042093	public	search_api
DRX1018130	DRR1042094	public	search_api
DRX1018131	DRR1042095	public	search_api
DRX1018132	DRR1042096	public	search_api
DRX1018133	DRR1042097	public	search_api
DRX1018134	DRR1042098	public	search_api
DRX1018135	DRR1042099	public	search_api
DRX1018136	DRR1042100	public	search_api
DRX1018137	DRR1042101	public	search_api
DRX1018138	DRR1042102	public	search_api
DRX1018139	DRR1042103	public	search_api
DRX1018140	DRR1042104	public	search_api
DRX1018141	DRR1042105	public	search_api
DRX1018142	DRR1042106	public	search_api
DRX1018143	DRR1042107	public	search_api
DRX1018144	DRR1042108	public	search_api
DRX1018145	DRR1042109	public	search_api
DRX1018146	DRR1042110	public	search_api
DRX1018147	DRR1042111	public	search_api
DRX1018148	DRR1042112	public	search_api
DRX1018149	DRR1042113	public	search_api
DRX1018150	DRR1042114	public	search_api
DRX1018151	DRR1042115	public	search_api
DRX1018152	DRR1042116	public	search_api
DRX1018153	DRR1042117	public	search_api
DRX1018154	DRR1042118	public	search_api
DRX1018155	DRR1042119	public	search_api
DRX1018156	DRR1042120	public	search_api
DRX1018157	DRR1042121	public	search_api
DRX1018158	DRR1042122	public	search_api
DRX1018159	DRR1042123	public	search_api
DRX1018160	DRR1042124	public	search_api
DRX1018161	DRR1042125	public	search_api
DRX1018162	DRR1042126	public	search_api
DRX1018163	DRR1042127	public	search_api
DRX1018164	DRR1042128	public	search_api
DRX1018165	DRR1042129	public	search_api
DRX1018166	DRR1042130	public	search_api
DRX1018167	DRR1042131	public	search_api
DRX1020940	DRR1044922	public	search_api
DRX1020941	DRR1044923	public	search_api
DRX103945	DRR110878	public	search_api
DRX104076	DRR111009	public	search_api
DRX104097	DRR111030	public	search_api
DRX104340	DRR111273	public	search_api
DRX104840	DRR111773	public	search_api
DRX104890	DRR111823	public	search_api
DRX105116	DRR112049	public	search_api
DRX105797	DRR112730	public	search_api
DRX106507	DRR113440	public	search_api
DRX106528	DRR113461	public	search_api
DRX1066755	DRR1091234	public	search_api
DRX1066756	DRR1091235	public	search_api
DRX1066829	DRR1091308	public	search_api
DRX1066830	DRR1091309	public	search_api
DRX1066831	DRR1091310	public	search_api
DRX1066832	DRR1091311	public	search_api
DRX1066833	DRR1091312	public	search_api
DRX1066942	DRR1091421	public	search_api
DRX1066943	DRR1091422	public	search_api
DRX1066944	DRR1091423	public	search_api
DRX1066945	DRR1091424	public	search_api
DRX1066946	DRR1091425	public	search_api
DRX1066947	DRR1091426	public	search_api
DRX1066948	DRR1091427	public	search_api
DRX1066949	DRR1091428	public	search_api
DRX1066950	DRR1091429	public	search_api
DRX1066951	DRR1091430	public	search_api
DRX1066952	DRR1091431	public	search_api
DRX1066953	DRR1091432	public	search_api
DRX1066954	DRR1091433	public	search_api
DRX1066955	DRR1091434	public	search_api
DRX1066956	DRR1091435	public	search_api
DRX1066957	DRR1091436	public	search_api
DRX1066958	DRR1091437	public	search_api
DRX1066959	DRR1091438	public	search_api
DRX1066960	DRR1091439	public	search_api
DRX1066961	DRR1091440	public	search_api
DRX1066972	DRR1091451	public	search_api
DRX1066973	DRR1091452	public	search_api
DRX1067208	DRR1091687	public	search_api
DRX1067209	DRR1091688	public	search_api
DRX1067210	DRR1091689	public	search_api
DRX1067211	DRR1091690	public	search_api
DRX1067212	DRR1091691	public	search_api
DRX1067213	DRR1091692	public	search_api
DRX107446	DRR114379	public	search_api
DRX107731	DRR114664	public	search_api
DRX107832	DRR114765	public	search_api
DRX108140	DRR115073	public	search_api
DRX108204	DRR115137	public	search_api
DRX109169	DRR116102	public	search_api
DRX109318	DRR116251	public	search_api
DRX109757	DRR116690	public	search_api
DRX110060	DRR116993	public	search_api
DRX110608	DRR117541	public	search_api
DRX110661	DRR117594	public	search_api
DRX110852	DRR117785	public	search_api
DRX111034	DRR117967	public	search_api
DRX112318	DRR119316	public	search_api
DRX112933	DRR119931	public	search_api
DRX114372	DRR121370	public	search_api
DRX114372	DRR124374	public	search_api
DRX114789	DRR121852	public	search_api
DRX114789	DRR121853	public	search_api
DRX114894	DRR121958	public	search_api
DRX115020	DRR122163	public	search_api
DRX115046	DRR122189	public	search_api
DRX119154	DRR126410	public	search_api
DRX120073	DRR127329	public	search_api
DRX120981	DRR128238	public	search_api
DRX121248	DRR128508	public	search_api
DRX121259	DRR128519	public	search_api
DRX121948	DRR129208	public	search_api
DRX123685	DRR130947	public	search_api
DRX123692	DRR130954	public	search_api
DRX133072	DRR140345	public	search_api
DRX134114	DRR141400	public	search_api
DRX137679	DRR146887	public	search_api
DRX137783	DRR146991	public	search_api
DRX137816	DRR147024	public	search_api
DRX138019	DRR147227	public	search_api
DRX138034	DRR147242	public	search_api
DRX138314	DRR147522	public	search_api
DRX138802	DRR148051	public	search_api
DRX138893	DRR148142	public	search_api
DRX143123	DRR152429	public	search_api
DRX143670	DRR152987	public	search_api
DRX143718	DRR153035	public	search_api
DRX148185	DRR157513	public	search_api
DRX152249	DRR161624	public	search_api
DRX152289	DRR161664	public	search_api
DRX152292	DRR161667	public	search_api
DRX152366	DRR161741	public	search_api
DRX153440	DRR162821	public	search_api
DRX153630	DRR163011	public	search_api
DRX156919	DRR166305	public	search_api
DRX158862	DRR168248	public	search_api
DRX159659	DRR169045	public	search_api
DRX159662	DRR169048	public	search_api
DRX160072	DRR169458	public	search_api
DRX161395		suppressed	status_file_only
DRX171212		suppressed	status_file_only
DRX171213		suppressed	status_file_only
DRX171214		suppressed	status_file_only
DRX171215		suppressed	status_file_only
DRX171216		suppressed	status_file_only
DRX171217		suppressed	status_file_only
DRX171218		suppressed	status_file_only
DRX171219		suppressed	status_file_only
DRX171220		suppressed	status_file_only
DRX171221		suppressed	status_file_only
DRX171222		suppressed	status_file_only
DRX171223		suppressed	status_file_only
DRX171224		suppressed	status_file_only
DRX171225		suppressed	status_file_only
DRX171226		suppressed	status_file_only
DRX171227		suppressed	status_file_only
DRX171228		suppressed	status_file_only
DRX171229		suppressed	status_file_only
DRX171230		suppressed	status_file_only
DRX171231		suppressed	status_file_only
DRX171232		suppressed	status_file_only
DRX171233		suppressed	status_file_only
DRX171234		suppressed	status_file_only
DRX171235		suppressed	status_file_only
DRX171242		suppressed	status_file_only
DRX171243		suppressed	status_file_only
DRX171244		suppressed	status_file_only
DRX171245		suppressed	status_file_only
DRX171246		suppressed	status_file_only
DRX171247		suppressed	status_file_only
DRX171250		suppressed	status_file_only
DRX171251		suppressed	status_file_only
DRX185386		suppressed	status_file_only
DRX185387		suppressed	status_file_only
DRX185388		suppressed	status_file_only
DRX185389		suppressed	status_file_only
DRX185390		suppressed	status_file_only
DRX185391		suppressed	status_file_only
DRX185392		suppressed	status_file_only
DRX185393		suppressed	status_file_only
DRX185394		suppressed	status_file_only
DRX185395		suppressed	status_file_only
DRX185396		suppressed	status_file_only
DRX185397		suppressed	status_file_only
DRX185398		suppressed	status_file_only
DRX185399		suppressed	status_file_only
DRX185400		suppressed	status_file_only
DRX185401		suppressed	status_file_only
DRX185402		suppressed	status_file_only
DRX185403		suppressed	status_file_only
DRX185404		suppressed	status_file_only
DRX185405		suppressed	status_file_only
DRX185406		suppressed	status_file_only
DRX185407		suppressed	status_file_only
DRX185888		suppressed	status_file_only
DRX185889		suppressed	status_file_only
DRX185890		suppressed	status_file_only
DRX185891		suppressed	status_file_only
DRX198042		suppressed	status_file_only
DRX198043		suppressed	status_file_only
DRX198044		suppressed	status_file_only
DRX198045		suppressed	status_file_only
DRX198046		suppressed	status_file_only
DRX198047		suppressed	status_file_only
DRX198048		suppressed	status_file_only
DRX198049		suppressed	status_file_only
DRX198050		suppressed	status_file_only
DRX199580	DRR209230	public	search_api
DRX199580	DRR347271	public	search_api
DRX199581	DRR209231	public	search_api
DRX199581	DRR347272	public	search_api
DRX199582	DRR209232	public	search_api
DRX199582	DRR347273	public	search_api
DRX199583	DRR209233	public	search_api
DRX199583	DRR347274	public	search_api
DRX199999	DRR209649	public	search_api
DRX199999	DRR347690	public	search_api
DRX212176		suppressed	status_file_only
DRX212177		suppressed	status_file_only
DRX212178		suppressed	status_file_only
DRX212179		suppressed	status_file_only
DRX212180		suppressed	status_file_only
DRX212181		suppressed	status_file_only
DRX212182		suppressed	status_file_only
DRX212183		suppressed	status_file_only
DRX212184		suppressed	status_file_only
DRX212185		suppressed	status_file_only
DRX212186		suppressed	status_file_only
DRX212187		suppressed	status_file_only
DRX212188		suppressed	status_file_only
DRX212189		suppressed	status_file_only
DRX212190		suppressed	status_file_only
DRX212191		suppressed	status_file_only
DRX212192		suppressed	status_file_only
DRX225476		suppressed	status_file_only
DRX225477		suppressed	status_file_only
DRX225484		suppressed	status_file_only
DRX225485		suppressed	status_file_only
DRX225505		suppressed	status_file_only
DRX225544		suppressed	status_file_only
DRX225545		suppressed	status_file_only
DRX225546		suppressed	status_file_only
DRX225551		suppressed	status_file_only
DRX231129		suppressed	status_file_only
DRX231130		suppressed	status_file_only
DRX231131		suppressed	status_file_only
DRX231132		suppressed	status_file_only
DRX231133		suppressed	status_file_only
DRX231134		suppressed	status_file_only
DRX231135		suppressed	status_file_only
DRX231136		suppressed	status_file_only
DRX231137		suppressed	status_file_only
DRX231138		suppressed	status_file_only
DRX231139		suppressed	status_file_only
DRX231140		suppressed	status_file_only
DRX231141		suppressed	status_file_only
DRX231142		suppressed	status_file_only
DRX231143		suppressed	status_file_only
DRX233301	DRR243501	public	search_api
DRX233302	DRR243502	public	search_api
DRX233303	DRR243503	public	search_api
DRX233304	DRR243504	public	search_api
DRX249043		suppressed	status_file_only
DRX249044		suppressed	status_file_only
DRX249045		suppressed	status_file_only
DRX249046		suppressed	status_file_only
DRX249047		suppressed	status_file_only
DRX249048		suppressed	status_file_only
DRX249049		suppressed	status_file_only
DRX249050		suppressed	status_file_only
DRX249051		suppressed	status_file_only
DRX249052		suppressed	status_file_only
DRX249053		suppressed	status_file_only
DRX249054		suppressed	status_file_only
DRX249055		suppressed	status_file_only
DRX249056		suppressed	status_file_only
DRX249057		suppressed	status_file_only
DRX253365		suppressed	status_file_only
DRX253366		suppressed	status_file_only
DRX254617	DRR264919	suppressed	search_api
DRX254623	DRR264925	suppressed	search_api
DRX260048		suppressed	status_file_only
DRX264554		suppressed	status_file_only
DRX264555		suppressed	status_file_only
DRX264556		suppressed	status_file_only
DRX264557		suppressed	status_file_only
DRX264558		suppressed	status_file_only
DRX264559		suppressed	status_file_only
DRX264560		suppressed	status_file_only
DRX264561		suppressed	status_file_only
DRX264562		suppressed	status_file_only
DRX264563		suppressed	status_file_only
DRX264564		suppressed	status_file_only
DRX264565		suppressed	status_file_only
DRX264566		suppressed	status_file_only
DRX264567		suppressed	status_file_only
DRX264568		suppressed	status_file_only
DRX264569		suppressed	status_file_only
DRX264570		suppressed	status_file_only
DRX264571		suppressed	status_file_only
DRX266316		suppressed	status_file_only
DRX266599		suppressed	status_file_only
DRX266600		suppressed	status_file_only
DRX266601		suppressed	status_file_only
DRX266602		suppressed	status_file_only
DRX266603		suppressed	status_file_only
DRX266604		suppressed	status_file_only
DRX266605		suppressed	status_file_only
DRX266606		suppressed	status_file_only
DRX266607		suppressed	status_file_only
DRX266608		suppressed	status_file_only
DRX266609		suppressed	status_file_only
DRX266610		suppressed	status_file_only
DRX266611		suppressed	status_file_only
DRX266612		suppressed	status_file_only
DRX266613		suppressed	status_file_only
DRX266614		suppressed	status_file_only
DRX266615		suppressed	status_file_only
DRX266616		suppressed	status_file_only
DRX266617		suppressed	status_file_only
DRX266618		suppressed	status_file_only
DRX266619		suppressed	status_file_only
DRX266620		suppressed	status_file_only
DRX266621		suppressed	status_file_only
DRX266622		suppressed	status_file_only
DRX266623		suppressed	status_file_only
DRX266624		suppressed	status_file_only
DRX266625		suppressed	status_file_only
DRX266626		suppressed	status_file_only
DRX266627		suppressed	status_file_only
DRX266628		suppressed	status_file_only
DRX266629		suppressed	status_file_only
DRX266630		suppressed	status_file_only
DRX266631		suppressed	status_file_only
DRX266632		suppressed	status_file_only
DRX266633		suppressed	status_file_only
DRX266634		suppressed	status_file_only
DRX266635		suppressed	status_file_only
DRX266636		suppressed	status_file_only
DRX266637		suppressed	status_file_only
DRX266638		suppressed	status_file_only
DRX266639		suppressed	status_file_only
DRX266640		suppressed	status_file_only
DRX266641		suppressed	status_file_only
DRX266642		suppressed	status_file_only
DRX266643		suppressed	status_file_only
DRX266644		suppressed	status_file_only
DRX266645		suppressed	status_file_only
DRX266646		suppressed	status_file_only
DRX266647		suppressed	status_file_only
DRX266648		suppressed	status_file_only
DRX266649		suppressed	status_file_only
DRX266650		suppressed	status_file_only
DRX266651		suppressed	status_file_only
DRX266652		suppressed	status_file_only
DRX266653		suppressed	status_file_only
DRX266654		suppressed	status_file_only
DRX266655		suppressed	status_file_only
DRX266656		suppressed	status_file_only
DRX266657		suppressed	status_file_only
DRX266658		suppressed	status_file_only
DRX266659		suppressed	status_file_only
DRX266660		suppressed	status_file_only
DRX266661		suppressed	status_file_only
DRX266662		suppressed	status_file_only
DRX266663		suppressed	status_file_only
DRX266664		suppressed	status_file_only
DRX266665		suppressed	status_file_only
DRX266666		suppressed	status_file_only
DRX267158		withdrawn	status_file_only
DRX267159		withdrawn	status_file_only
DRX267160		withdrawn	status_file_only
DRX267161		withdrawn	status_file_only
DRX267162		withdrawn	status_file_only
DRX267163		withdrawn	status_file_only
DRX267164		withdrawn	status_file_only
DRX267165		withdrawn	status_file_only
DRX267166		withdrawn	status_file_only
DRX267167		withdrawn	status_file_only
DRX267168		withdrawn	status_file_only
DRX267169		withdrawn	status_file_only
DRX267170		withdrawn	status_file_only
DRX267171		withdrawn	status_file_only
DRX267172		withdrawn	status_file_only
DRX267173		withdrawn	status_file_only
DRX267174		withdrawn	status_file_only
DRX267175		withdrawn	status_file_only
DRX267176		withdrawn	status_file_only
DRX267177		withdrawn	status_file_only
DRX267178		withdrawn	status_file_only
DRX267179		withdrawn	status_file_only
DRX267180		withdrawn	status_file_only
DRX267181		withdrawn	status_file_only
DRX291127		suppressed	status_file_only
DRX291128		suppressed	status_file_only
DRX291129		suppressed	status_file_only
DRX291130		suppressed	status_file_only
DRX291146		suppressed	status_file_only
DRX291147		suppressed	status_file_only
DRX291148		suppressed	status_file_only
DRX291149		suppressed	status_file_only
DRX291150		suppressed	status_file_only
DRX291151		suppressed	status_file_only
DRX291152		suppressed	status_file_only
DRX291153		suppressed	status_file_only
DRX291154		suppressed	status_file_only
DRX291155		suppressed	status_file_only
DRX291156		suppressed	status_file_only
DRX296723		suppressed	status_file_only
DRX296724		suppressed	status_file_only
DRX296725		suppressed	status_file_only
DRX296726		suppressed	status_file_only
DRX296727		suppressed	status_file_only
DRX296728		suppressed	status_file_only
DRX296729		suppressed	status_file_only
DRX296730		suppressed	status_file_only
DRX296731		suppressed	status_file_only
DRX296732		suppressed	status_file_only
DRX296733		suppressed	status_file_only
DRX296734		suppressed	status_file_only
DRX296735		suppressed	status_file_only
DRX296736		suppressed	status_file_only
DRX296737		suppressed	status_file_only
DRX296738		suppressed	status_file_only
DRX296739		suppressed	status_file_only
DRX296740		suppressed	status_file_only
DRX296741		suppressed	status_file_only
DRX296742		suppressed	status_file_only
DRX296743		suppressed	status_file_only
DRX296744		suppressed	status_file_only
DRX296745		suppressed	status_file_only
DRX296746		suppressed	status_file_only
DRX302762	DRR313359	public	search_api
DRX307229	DRR317873	public	search_api
DRX307984		suppressed	status_file_only
DRX307985		suppressed	status_file_only
DRX307986		suppressed	status_file_only
DRX307987		suppressed	status_file_only
DRX307988		suppressed	status_file_only
DRX307989		suppressed	status_file_only
DRX307990		suppressed	status_file_only
DRX307991		suppressed	status_file_only
DRX307992		suppressed	status_file_only
DRX307993		suppressed	status_file_only
DRX307994		suppressed	status_file_only
DRX307995		suppressed	status_file_only
DRX307996		suppressed	status_file_only
DRX307997		suppressed	status_file_only
DRX307998		suppressed	status_file_only
DRX307999		suppressed	status_file_only
DRX308000		suppressed	status_file_only
DRX308001		suppressed	status_file_only
DRX308002		suppressed	status_file_only
DRX308003		suppressed	status_file_only
DRX310652		suppressed	status_file_only
DRX310653		suppressed	status_file_only
DRX310654		suppressed	status_file_only
DRX310655		suppressed	status_file_only
DRX310656		suppressed	status_file_only
DRX310657		suppressed	status_file_only
DRX310658		suppressed	status_file_only
DRX310659		suppressed	status_file_only
DRX310660		suppressed	status_file_only
DRX310661		suppressed	status_file_only
DRX310662		suppressed	status_file_only
DRX310663		suppressed	status_file_only
DRX310664		suppressed	status_file_only
DRX310665		suppressed	status_file_only
DRX310666		suppressed	status_file_only
DRX310667		suppressed	status_file_only
DRX310668		suppressed	status_file_only
DRX310669		suppressed	status_file_only
DRX310670		suppressed	status_file_only
DRX310671		suppressed	status_file_only
DRX310672		suppressed	status_file_only
DRX310673		suppressed	status_file_only
DRX310674		suppressed	status_file_only
DRX310675		suppressed	status_file_only
DRX310676		suppressed	status_file_only
DRX310677		suppressed	status_file_only
DRX310678		suppressed	status_file_only
DRX310679		suppressed	status_file_only
DRX310680		suppressed	status_file_only
DRX310681		suppressed	status_file_only
DRX310682		suppressed	status_file_only
DRX310683		suppressed	status_file_only
DRX310684		suppressed	status_file_only
DRX310685		suppressed	status_file_only
DRX310686		suppressed	status_file_only
DRX310687		suppressed	status_file_only
DRX310688		suppressed	status_file_only
DRX310689		suppressed	status_file_only
DRX310690		suppressed	status_file_only
DRX310691		suppressed	status_file_only
DRX310692		suppressed	status_file_only
DRX310693		suppressed	status_file_only
DRX310694		suppressed	status_file_only
DRX310695		suppressed	status_file_only
DRX310696		suppressed	status_file_only
DRX310697		suppressed	status_file_only
DRX310698		suppressed	status_file_only
DRX310699		suppressed	status_file_only
DRX310700		suppressed	status_file_only
DRX310701		suppressed	status_file_only
DRX310702		suppressed	status_file_only
DRX310703		suppressed	status_file_only
DRX310704		suppressed	status_file_only
DRX310705		suppressed	status_file_only
DRX310706		suppressed	status_file_only
DRX310707		suppressed	status_file_only
DRX310708		suppressed	status_file_only
DRX310709		suppressed	status_file_only
DRX310710		suppressed	status_file_only
DRX310711		suppressed	status_file_only
DRX310712		suppressed	status_file_only
DRX339816		suppressed	status_file_only
DRX339817		suppressed	status_file_only
DRX339818		suppressed	status_file_only
DRX397277		suppressed	status_file_only
DRX397278		suppressed	status_file_only
DRX397279		suppressed	status_file_only
DRX397280		suppressed	status_file_only
DRX397281		suppressed	status_file_only
DRX397282		suppressed	status_file_only
DRX397283		suppressed	status_file_only
DRX397284		suppressed	status_file_only
DRX397285		suppressed	status_file_only
DRX397286		suppressed	status_file_only
DRX397287		suppressed	status_file_only
DRX412223		suppressed	status_file_only
DRX412224		suppressed	status_file_only
DRX412225		suppressed	status_file_only
DRX412226		suppressed	status_file_only
DRX412227		suppressed	status_file_only
DRX412228		suppressed	status_file_only
DRX412229		suppressed	status_file_only
DRX412230		suppressed	status_file_only
DRX412231		suppressed	status_file_only
DRX412252		suppressed	status_file_only
DRX412270		suppressed	status_file_only
DRX412291		suppressed	status_file_only
DRX412292		suppressed	status_file_only
DRX412295		suppressed	status_file_only
DRX412296		suppressed	status_file_only
DRX412297		suppressed	status_file_only
DRX412320		suppressed	status_file_only
DRX412321		suppressed	status_file_only
DRX412322		suppressed	status_file_only
DRX412345		suppressed	status_file_only
DRX412346		suppressed	status_file_only
DRX412347		suppressed	status_file_only
DRX412348		suppressed	status_file_only
DRX412363		suppressed	status_file_only
DRX412364		suppressed	status_file_only
DRX412365		suppressed	status_file_only
DRX412366		suppressed	status_file_only
DRX412367		suppressed	status_file_only
DRX412368		suppressed	status_file_only
DRX412369		suppressed	status_file_only
DRX412392		suppressed	status_file_only
DRX412393		suppressed	status_file_only
DRX412394		suppressed	status_file_only
DRX412395		suppressed	status_file_only
DRX412406		suppressed	status_file_only
DRX412407		suppressed	status_file_only
DRX412427		suppressed	status_file_only
DRX412428		suppressed	status_file_only
DRX412429		suppressed	status_file_only
DRX412430		suppressed	status_file_only
DRX414421		suppressed	status_file_only
DRX414422		suppressed	status_file_only
DRX414423		suppressed	status_file_only
DRX414424		suppressed	status_file_only
DRX430882		suppressed	status_file_only
DRX430883		suppressed	status_file_only
DRX438469		suppressed	status_file_only
DRX438470		suppressed	status_file_only
DRX438471		suppressed	status_file_only
DRX438472		suppressed	status_file_only
DRX440544		suppressed	status_file_only
DRX447839		suppressed	status_file_only
DRX447840		suppressed	status_file_only
DRX447841		suppressed	status_file_only
DRX447842		suppressed	status_file_only
DRX447843		suppressed	status_file_only
DRX448035		suppressed	status_file_only
DRX448036		suppressed	status_file_only
DRX448037		suppressed	status_file_only
DRX448038		suppressed	status_file_only
DRX448039		suppressed	status_file_only
DRX448040		suppressed	status_file_only
DRX448041		suppressed	status_file_only
DRX448042		suppressed	status_file_only
DRX448043		suppressed	status_file_only
DRX448044		suppressed	status_file_only
DRX448045		suppressed	status_file_only
DRX448046		suppressed	status_file_only
DRX448047		suppressed	status_file_only
DRX448048		suppressed	status_file_only
DRX448049		suppressed	status_file_only
DRX448050		suppressed	status_file_only
DRX448051		suppressed	status_file_only
DRX448052		suppressed	status_file_only
DRX448053		suppressed	status_file_only
DRX448054		suppressed	status_file_only
DRX448055		suppressed	status_file_only
DRX448056		suppressed	status_file_only
DRX448057		suppressed	status_file_only
DRX448058		suppressed	status_file_only
DRX448059		suppressed	status_file_only
DRX448060		suppressed	status_file_only
DRX448061		suppressed	status_file_only
DRX448062		suppressed	status_file_only
DRX448063		suppressed	status_file_only
DRX448064		suppressed	status_file_only
DRX448065		suppressed	status_file_only
DRX448066		suppressed	status_file_only
DRX448067		suppressed	status_file_only
DRX448068		suppressed	status_file_only
DRX448069		suppressed	status_file_only
DRX448070		suppressed	status_file_only
DRX448071		suppressed	status_file_only
DRX448072		suppressed	status_file_only
DRX448073		suppressed	status_file_only
DRX448074		suppressed	status_file_only
DRX448075		suppressed	status_file_only
DRX448076		suppressed	status_file_only
DRX448077		suppressed	status_file_only
DRX448078		suppressed	status_file_only
DRX448079		suppressed	status_file_only
DRX448080		suppressed	status_file_only
DRX448081		suppressed	status_file_only
DRX448082		suppressed	status_file_only
DRX448083		suppressed	status_file_only
DRX448084		suppressed	status_file_only
DRX448085		suppressed	status_file_only
DRX448086		suppressed	status_file_only
DRX448087		suppressed	status_file_only
DRX448088		suppressed	status_file_only
DRX448089		suppressed	status_file_only
DRX448090		suppressed	status_file_only
DRX448091		suppressed	status_file_only
DRX448092		suppressed	status_file_only
DRX448093		suppressed	status_file_only
DRX448094		suppressed	status_file_only
DRX448095		suppressed	status_file_only
DRX448096		suppressed	status_file_only
DRX448097		suppressed	status_file_only
DRX448098		suppressed	status_file_only
DRX448099		suppressed	status_file_only
DRX448100		suppressed	status_file_only
DRX448101		suppressed	status_file_only
DRX448102		suppressed	status_file_only
DRX448103		suppressed	status_file_only
DRX448104		suppressed	status_file_only
DRX448105		suppressed	status_file_only
DRX448106		suppressed	status_file_only
DRX448107		suppressed	status_file_only
DRX448108		suppressed	status_file_only
DRX448109		suppressed	status_file_only
DRX448110		suppressed	status_file_only
DRX448111		suppressed	status_file_only
DRX448112		suppressed	status_file_only
DRX448113		suppressed	status_file_only
DRX448114		suppressed	status_file_only
DRX448115		suppressed	status_file_only
DRX448116		suppressed	status_file_only
DRX448117		suppressed	status_file_only
DRX448118		suppressed	status_file_only
DRX448119		suppressed	status_file_only
DRX448120		suppressed	status_file_only
DRX448121		suppressed	status_file_only
DRX448122		suppressed	status_file_only
DRX448123		suppressed	status_file_only
DRX448124		suppressed	status_file_only
DRX448125		suppressed	status_file_only
DRX448126		suppressed	status_file_only
DRX448127		suppressed	status_file_only
DRX448128		suppressed	status_file_only
DRX448129		suppressed	status_file_only
DRX448130		suppressed	status_file_only
DRX448131		suppressed	status_file_only
DRX448132		suppressed	status_file_only
DRX448133		suppressed	status_file_only
DRX448134		suppressed	status_file_only
DRX448135		suppressed	status_file_only
DRX448136		suppressed	status_file_only
DRX448137		suppressed	status_file_only
DRX448138		suppressed	status_file_only
DRX448139		suppressed	status_file_only
DRX448140		suppressed	status_file_only
DRX448141		suppressed	status_file_only
DRX448142		suppressed	status_file_only
DRX448143		suppressed	status_file_only
DRX448144		suppressed	status_file_only
DRX448145		suppressed	status_file_only
DRX448146		suppressed	status_file_only
DRX448147		suppressed	status_file_only
DRX448148		suppressed	status_file_only
DRX448149		suppressed	status_file_only
DRX448150		suppressed	status_file_only
DRX448151		suppressed	status_file_only
DRX448152		suppressed	status_file_only
DRX448153		suppressed	status_file_only
DRX448154		suppressed	status_file_only
DRX448155		suppressed	status_file_only
DRX448156		suppressed	status_file_only
DRX448157		suppressed	status_file_only
DRX448158		suppressed	status_file_only
DRX448159		suppressed	status_file_only
DRX448160		suppressed	status_file_only
DRX448161		suppressed	status_file_only
DRX448162		suppressed	status_file_only
DRX448163		suppressed	status_file_only
DRX448164		suppressed	status_file_only
DRX448165		suppressed	status_file_only
DRX448166		suppressed	status_file_only
DRX448167		suppressed	status_file_only
DRX448168		suppressed	status_file_only
DRX448169		suppressed	status_file_only
DRX448170		suppressed	status_file_only
DRX448171		suppressed	status_file_only
DRX448172		suppressed	status_file_only
DRX448173		suppressed	status_file_only
DRX448174		suppressed	status_file_only
DRX448175		suppressed	status_file_only
DRX448176		suppressed	status_file_only
DRX448177		suppressed	status_file_only
DRX448178		suppressed	status_file_only
DRX448179		suppressed	status_file_only
DRX448180		suppressed	status_file_only
DRX448181		suppressed	status_file_only
DRX448182		suppressed	status_file_only
DRX448183		suppressed	status_file_only
DRX448184		suppressed	status_file_only
DRX448185		suppressed	status_file_only
DRX448186		suppressed	status_file_only
DRX448187		suppressed	status_file_only
DRX448188		suppressed	status_file_only
DRX448355		suppressed	status_file_only
DRX448356		suppressed	status_file_only
DRX448357		suppressed	status_file_only
DRX448358		suppressed	status_file_only
DRX448359		suppressed	status_file_only
DRX448360		suppressed	status_file_only
DRX448361		suppressed	status_file_only
DRX448362		suppressed	status_file_only
DRX448363		suppressed	status_file_only
DRX448364		suppressed	status_file_only
DRX448365		suppressed	status_file_only
DRX448366		suppressed	status_file_only
DRX448367		suppressed	status_file_only
DRX448368		suppressed	status_file_only
DRX448369		suppressed	status_file_only
DRX448370		suppressed	status_file_only
DRX448371		suppressed	status_file_only
DRX448372		suppressed	status_file_only
DRX448373		suppressed	status_file_only
DRX448374		suppressed	status_file_only
DRX448375		suppressed	status_file_only
DRX448376		suppressed	status_file_only
DRX448377		suppressed	status_file_only
DRX448378		suppressed	status_file_only
DRX448379		suppressed	status_file_only
DRX448380		suppressed	status_file_only
DRX448381		suppressed	status_file_only
DRX448382		suppressed	status_file_only
DRX467742		suppressed	status_file_only
DRX467743		suppressed	status_file_only
DRX467744		suppressed	status_file_only
DRX467745		suppressed	status_file_only
DRX467746		suppressed	status_file_only
DRX467747		suppressed	status_file_only
DRX467748		suppressed	status_file_only
DRX467749		suppressed	status_file_only
DRX467750		suppressed	status_file_only
DRX467751		suppressed	status_file_only
DRX467752		suppressed	status_file_only
DRX467753		suppressed	status_file_only
DRX476967		suppressed	status_file_only
DRX476968		suppressed	status_file_only
DRX476969		suppressed	status_file_only
DRX476970		suppressed	status_file_only
DRX478152		withdrawn	status_file_only
DRX478153		withdrawn	status_file_only
DRX478154		withdrawn	status_file_only
DRX478155		withdrawn	status_file_only
DRX478156		withdrawn	status_file_only
DRX478157		withdrawn	status_file_only
DRX478158		withdrawn	status_file_only
DRX478159		withdrawn	status_file_only
DRX478160		withdrawn	status_file_only
DRX478161		withdrawn	status_file_only
DRX478162		withdrawn	status_file_only
DRX478163		withdrawn	status_file_only
DRX479931		suppressed	status_file_only
DRX480038		suppressed	status_file_only
DRX480039		suppressed	status_file_only
DRX480040		suppressed	status_file_only
DRX480041		suppressed	status_file_only
DRX480042		suppressed	status_file_only
DRX480043		suppressed	status_file_only
DRX480044		suppressed	status_file_only
DRX480045		suppressed	status_file_only
DRX480046		suppressed	status_file_only
DRX480047		suppressed	status_file_only
DRX480048		suppressed	status_file_only
DRX480049		suppressed	status_file_only
DRX480050		suppressed	status_file_only
DRX480051		suppressed	status_file_only
DRX480052		suppressed	status_file_only
DRX480053		suppressed	status_file_only
DRX480054		suppressed	status_file_only
DRX480055		suppressed	status_file_only
DRX480056		suppressed	status_file_only
DRX480057		suppressed	status_file_only
DRX480058		suppressed	status_file_only
DRX480059		suppressed	status_file_only
DRX480060		suppressed	status_file_only
DRX480061		suppressed	status_file_only
DRX480062		suppressed	status_file_only
DRX480063		suppressed	status_file_only
DRX480064		suppressed	status_file_only
DRX480065		suppressed	status_file_only
DRX480066		suppressed	status_file_only
DRX480067		suppressed	status_file_only
DRX480068		suppressed	status_file_only
DRX480069		suppressed	status_file_only
DRX480070		suppressed	status_file_only
DRX480071		suppressed	status_file_only
DRX480072		suppressed	status_file_only
DRX480073		suppressed	status_file_only
DRX480074		suppressed	status_file_only
DRX480075		suppressed	status_file_only
DRX480076		suppressed	status_file_only
DRX480077		suppressed	status_file_only
DRX480078		suppressed	status_file_only
DRX480079		suppressed	status_file_only
DRX480080		suppressed	status_file_only
DRX480081		suppressed	status_file_only
DRX480082		suppressed	status_file_only
DRX494057		suppressed	status_file_only
DRX494058		suppressed	status_file_only
DRX494059		suppressed	status_file_only
DRX501477		suppressed	status_file_only
DRX516346		suppressed	status_file_only
DRX516347		suppressed	status_file_only
DRX516348		suppressed	status_file_only
DRX516349		suppressed	status_file_only
DRX522607		suppressed	status_file_only
DRX573991	DRR593444	public	search_api
DRX573992	DRR593445	public	search_api
DRX573993	DRR593446	public	search_api
DRX573994	DRR593447	public	search_api
DRX573995	DRR593448	public	search_api
DRX573996	DRR593449	public	search_api
DRX574023	DRR593476	public	search_api
DRX574024	DRR593477	public	search_api
DRX574025	DRR593478	public	search_api
DRX574026	DRR593479	public	search_api
DRX574027	DRR593480	public	search_api
DRX574028	DRR593481	public	search_api
DRX574253	DRR593706	public	search_api
DRX574254	DRR593707	public	search_api
DRX574255	DRR593708	public	search_api
DRX574256	DRR593709	public	search_api
DRX574257	DRR593710	public	search_api
DRX574258	DRR593711	public	search_api
DRX574259	DRR593712	public	search_api
DRX574260	DRR593713	public	search_api
DRX574261	DRR593714	public	search_api
DRX574262	DRR593715	public	search_api
DRX574263	DRR593716	public	search_api
DRX574264	DRR593717	public	search_api
DRX574265	DRR593718	public	search_api
DRX574266	DRR593719	public	search_api
DRX574267	DRR593720	public	search_api
DRX574268	DRR593721	public	search_api
DRX574269	DRR593722	public	search_api
DRX574270	DRR593723	public	search_api
DRX574271	DRR593724	public	search_api
DRX574272	DRR593725	public	search_api
DRX574273	DRR593726	public	search_api
DRX589305		suppressed	status_file_only
DRX593714		suppressed	status_file_only
DRX593715		suppressed	status_file_only
DRX593716		suppressed	status_file_only
DRX593717		suppressed	status_file_only
DRX594622		suppressed	status_file_only
DRX594623		suppressed	status_file_only
DRX594624		suppressed	status_file_only
DRX594625		suppressed	status_file_only
DRX594626		suppressed	status_file_only
DRX594627		suppressed	status_file_only
DRX594628		suppressed	status_file_only
DRX594629		suppressed	status_file_only
DRX594630		suppressed	status_file_only
DRX594631		suppressed	status_file_only
DRX594632		suppressed	status_file_only
DRX594633		suppressed	status_file_only
DRX594634		suppressed	status_file_only
DRX594635		suppressed	status_file_only
DRX594636		suppressed	status_file_only
DRX594637		suppressed	status_file_only
DRX594638		suppressed	status_file_only
DRX594639		suppressed	status_file_only
DRX594640		suppressed	status_file_only
DRX594641		suppressed	status_file_only
DRX594642		suppressed	status_file_only
DRX594643		suppressed	status_file_only
DRX594644		suppressed	status_file_only
DRX594645		suppressed	status_file_only
DRX594646		suppressed	status_file_only
DRX594647		suppressed	status_file_only
DRX594648		suppressed	status_file_only
DRX594649		suppressed	status_file_only
DRX594650		suppressed	status_file_only
DRX594651		suppressed	status_file_only
DRX594652		suppressed	status_file_only
DRX594653		suppressed	status_file_only
DRX594654		suppressed	status_file_only
DRX594655		suppressed	status_file_only
DRX594656		suppressed	status_file_only
DRX594657		suppressed	status_file_only
DRX594658		suppressed	status_file_only
DRX594659		suppressed	status_file_only
DRX594660		suppressed	status_file_only
DRX594661		suppressed	status_file_only
DRX594662		suppressed	status_file_only
DRX594663		suppressed	status_file_only
DRX594664		suppressed	status_file_only
DRX594665		suppressed	status_file_only
DRX594666		suppressed	status_file_only
DRX594667		suppressed	status_file_only
DRX594668		suppressed	status_file_only
DRX594669		suppressed	status_file_only
DRX594670		suppressed	status_file_only
DRX594671		suppressed	status_file_only
DRX594672		suppressed	status_file_only
DRX594673		suppressed	status_file_only
DRX594674		suppressed	status_file_only
DRX594675		suppressed	status_file_only
DRX594676		suppressed	status_file_only
DRX594677		suppressed	status_file_only
DRX594678		suppressed	status_file_only
DRX594679		suppressed	status_file_only
DRX594680		suppressed	status_file_only
DRX594681		suppressed	status_file_only
DRX594682		suppressed	status_file_only
DRX594683		suppressed	status_file_only
DRX594684		suppressed	status_file_only
DRX594685		suppressed	status_file_only
DRX594686		suppressed	status_file_only
DRX594687		suppressed	status_file_only
DRX594688		suppressed	status_file_only
DRX594689		suppressed	status_file_only
DRX594690		suppressed	status_file_only
DRX594691		suppressed	status_file_only
DRX594692		suppressed	status_file_only
DRX594693		suppressed	status_file_only
DRX594694		suppressed	status_file_only
DRX594695		suppressed	status_file_only
DRX594696		suppressed	status_file_only
DRX594697		suppressed	status_file_only
DRX594698		suppressed	status_file_only
DRX594699		suppressed	status_file_only
DRX594700		suppressed	status_file_only
DRX594701		suppressed	status_file_only
DRX594702		suppressed	status_file_only
DRX594703		suppressed	status_file_only
DRX594704		suppressed	status_file_only
DRX594705		suppressed	status_file_only
DRX594706		suppressed	status_file_only
DRX594707		suppressed	status_file_only
DRX594708		suppressed	status_file_only
DRX594709		suppressed	status_file_only
DRX594710		suppressed	status_file_only
DRX594711		suppressed	status_file_only
DRX594712		suppressed	status_file_only
DRX594713		suppressed	status_file_only
DRX594714		suppressed	status_file_only
DRX594715		suppressed	status_file_only
DRX594716		suppressed	status_file_only
DRX594717		suppressed	status_file_only
DRX594718		suppressed	status_file_only
DRX594719		suppressed	status_file_only
DRX594720		suppressed	status_file_only
DRX594721		suppressed	status_file_only
DRX608746	DRR628418	public	search_api
DRX608747	DRR628419	public	search_api
DRX608748	DRR628420	public	search_api
DRX608749	DRR628421	public	search_api
DRX608750	DRR628422	public	search_api
DRX608751	DRR628423	public	search_api
DRX608752	DRR628424	public	search_api
DRX608753	DRR628425	public	search_api
DRX608754	DRR628426	public	search_api
DRX608755	DRR628427	public	search_api
DRX608756	DRR628428	public	search_api
DRX608757	DRR628429	public	search_api
DRX608758	DRR628430	public	search_api
DRX608759	DRR628431	public	search_api
DRX608760	DRR628432	public	search_api
DRX608761	DRR628433	public	search_api
DRX608762	DRR628434	public	search_api
DRX608763	DRR628435	public	search_api
DRX608764	DRR628436	public	search_api
DRX608765	DRR628437	public	search_api
DRX608766	DRR628438	public	search_api
DRX608767	DRR628439	public	search_api
DRX608768	DRR628440	public	search_api
DRX608769	DRR628441	public	search_api
DRX608770	DRR628442	public	search_api
DRX608771	DRR628443	public	search_api
DRX608772	DRR628444	public	search_api
DRX608773	DRR628445	public	search_api
DRX608774	DRR628446	public	search_api
DRX608775	DRR628447	public	search_api
DRX608776	DRR628448	public	search_api
DRX608777	DRR628449	public	search_api
DRX608778	DRR628450	public	search_api
DRX608779	DRR628451	public	search_api
DRX608780	DRR628452	public	search_api
DRX608781	DRR628453	public	search_api
DRX608782	DRR628454	public	search_api
DRX608783	DRR628455	public	search_api
DRX608784	DRR628456	public	search_api
DRX608785	DRR628457	public	search_api
DRX608786	DRR628458	public	search_api
DRX608787	DRR628459	public	search_api
DRX608788	DRR628460	public	search_api
DRX608789	DRR628461	public	search_api
DRX608790	DRR628462	public	search_api
DRX608791	DRR628463	public	search_api
DRX608792	DRR628464	public	search_api
DRX608793	DRR628465	public	search_api
DRX608794	DRR628466	public	search_api
DRX608795	DRR628467	public	search_api
DRX608796	DRR628468	public	search_api
DRX608797	DRR628469	public	search_api
DRX608798	DRR628470	public	search_api
DRX608799	DRR628471	public	search_api
DRX608800	DRR628472	public	search_api
DRX608801	DRR628473	public	search_api
DRX608802	DRR628474	public	search_api
DRX608803	DRR628475	public	search_api
DRX608804	DRR628476	public	search_api
DRX608805	DRR628477	public	search_api
DRX608806	DRR628478	public	search_api
DRX608807	DRR628479	public	search_api
DRX608808	DRR628480	public	search_api
DRX608809	DRR628481	public	search_api
DRX608810	DRR628482	public	search_api
DRX608811	DRR628483	public	search_api
DRX608812	DRR628484	public	search_api
DRX608813	DRR628485	public	search_api
DRX608814	DRR628486	public	search_api
DRX608815	DRR628487	public	search_api
DRX608816	DRR628488	public	search_api
DRX608817	DRR628489	public	search_api
DRX608818	DRR628490	public	search_api
DRX608819	DRR628491	public	search_api
DRX608820	DRR628492	public	search_api
DRX608821	DRR628493	public	search_api
DRX608822	DRR628494	public	search_api
DRX608823	DRR628495	public	search_api
DRX608824	DRR628496	public	search_api
DRX608825	DRR628497	public	search_api
DRX608826	DRR628498	public	search_api
DRX608827	DRR628499	public	search_api
DRX608828	DRR628500	public	search_api
DRX608829	DRR628501	public	search_api
DRX647298		suppressed	status_file_only
DRX667269		suppressed	status_file_only
DRX667270		suppressed	status_file_only
DRX667271		suppressed	status_file_only
DRX667272		suppressed	status_file_only
DRX667273		suppressed	status_file_only
DRX667274		suppressed	status_file_only
DRX667275		suppressed	status_file_only
DRX667276		suppressed	status_file_only
DRX667277		suppressed	status_file_only
DRX667278		suppressed	status_file_only
DRX667279		suppressed	status_file_only
DRX667280		suppressed	status_file_only
DRX667281		suppressed	status_file_only
DRX667282		suppressed	status_file_only
DRX667283		suppressed	status_file_only
DRX667284		suppressed	status_file_only
DRX667285		suppressed	status_file_only
DRX667286		suppressed	status_file_only
DRX667287		suppressed	status_file_only
DRX667288		suppressed	status_file_only
DRX667289		suppressed	status_file_only
DRX667290		suppressed	status_file_only
DRX667291		suppressed	status_file_only
DRX667292		suppressed	status_file_only
DRX667293		suppressed	status_file_only
DRX667294		suppressed	status_file_only
DRX667295		suppressed	status_file_only
DRX667296		suppressed	status_file_only
DRX667297		suppressed	status_file_only
DRX667298		suppressed	status_file_only
DRX667299		suppressed	status_file_only
DRX667300		suppressed	status_file_only
DRX667301		suppressed	status_file_only
DRX667302		suppressed	status_file_only
DRX667303		suppressed	status_file_only
DRX667304		suppressed	status_file_only
DRX667305		suppressed	status_file_only
DRX667306		suppressed	status_file_only
DRX667307		suppressed	status_file_only
DRX667308		suppressed	status_file_only
DRX667309		suppressed	status_file_only
DRX667310		suppressed	status_file_only
DRX667311		suppressed	status_file_only
DRX667312		suppressed	status_file_only
DRX667313		suppressed	status_file_only
DRX667314		suppressed	status_file_only
DRX667315		suppressed	status_file_only
DRX667316		suppressed	status_file_only
DRX667317		suppressed	status_file_only
DRX667318		suppressed	status_file_only
DRX667319		suppressed	status_file_only
DRX667320		suppressed	status_file_only
DRX667321		suppressed	status_file_only
DRX667322		suppressed	status_file_only
DRX667323		suppressed	status_file_only
DRX667324		suppressed	status_file_only
DRX667325		suppressed	status_file_only
DRX667326		suppressed	status_file_only
DRX667327		suppressed	status_file_only
DRX667328		suppressed	status_file_only
DRX667329		suppressed	status_file_only
DRX667330		suppressed	status_file_only
DRX667331		suppressed	status_file_only
DRX667332		suppressed	status_file_only
DRX671624		suppressed	status_file_only
DRX671625		suppressed	status_file_only
DRX671626		suppressed	status_file_only
DRX671627		suppressed	status_file_only
DRX671628		suppressed	status_file_only
DRX671629		suppressed	status_file_only
DRX671630		suppressed	status_file_only
DRX671631		suppressed	status_file_only
DRX671632		suppressed	status_file_only
DRX671633		suppressed	status_file_only
DRX671634		suppressed	status_file_only
DRX671635		suppressed	status_file_only
DRX678152		suppressed	status_file_only
DRX678153		suppressed	status_file_only
DRX678154		suppressed	status_file_only
DRX678155		suppressed	status_file_only
DRX678156		suppressed	status_file_only
DRX678157		suppressed	status_file_only
DRX678158		suppressed	status_file_only
DRX678159		suppressed	status_file_only
DRX678160		suppressed	status_file_only
DRX678161		suppressed	status_file_only
DRX678162		suppressed	status_file_only
DRX678163		suppressed	status_file_only
DRX678164		suppressed	status_file_only
DRX678165		suppressed	status_file_only
DRX678166		suppressed	status_file_only
DRX678167		suppressed	status_file_only
DRX678168		suppressed	status_file_only
DRX678169		suppressed	status_file_only
DRX678170		suppressed	status_file_only
DRX678171		suppressed	status_file_only
DRX678172		suppressed	status_file_only
DRX678768		suppressed	status_file_only
DRX682477		suppressed	status_file_only
DRX682478		suppressed	status_file_only
DRX682479		suppressed	status_file_only
DRX682480		suppressed	status_file_only
DRX682481		suppressed	status_file_only
DRX682482		suppressed	status_file_only
DRX682483		suppressed	status_file_only
DRX682484		suppressed	status_file_only
DRX682485		suppressed	status_file_only
DRX682486		suppressed	status_file_only
DRX682487		suppressed	status_file_only
DRX682488		suppressed	status_file_only
DRX682489		suppressed	status_file_only
DRX682490		suppressed	status_file_only
DRX682491		suppressed	status_file_only
DRX682492		suppressed	status_file_only
DRX682493		suppressed	status_file_only
DRX682494		suppressed	status_file_only
DRX682495		suppressed	status_file_only
DRX682496		suppressed	status_file_only
DRX682497		suppressed	status_file_only
DRX682498		suppressed	status_file_only
DRX682499		suppressed	status_file_only
DRX682500		suppressed	status_file_only
DRX682501		suppressed	status_file_only
DRX682502		suppressed	status_file_only
DRX682503		suppressed	status_file_only
DRX682504		suppressed	status_file_only
DRX682505		suppressed	status_file_only
DRX682506		suppressed	status_file_only
DRX682507		suppressed	status_file_only
DRX682508		suppressed	status_file_only
DRX682509		suppressed	status_file_only
DRX682510		suppressed	status_file_only
DRX682511		suppressed	status_file_only
DRX682512		suppressed	status_file_only
DRX682513		suppressed	status_file_only
DRX682514		suppressed	status_file_only
DRX682515		suppressed	status_file_only
DRX682516		suppressed	status_file_only
DRX682517		suppressed	status_file_only
DRX682518		suppressed	status_file_only
DRX682519		suppressed	status_file_only
DRX682520		suppressed	status_file_only
DRX682521		suppressed	status_file_only
DRX682522		suppressed	status_file_only
DRX682523		suppressed	status_file_only
DRX682524		suppressed	status_file_only
DRX682525		suppressed	status_file_only
DRX682526		suppressed	status_file_only
DRX682527		suppressed	status_file_only
DRX682528		suppressed	status_file_only
DRX682529		suppressed	status_file_only
DRX682530		suppressed	status_file_only
DRX682531		suppressed	status_file_only
DRX682532		suppressed	status_file_only
DRX682533		suppressed	status_file_only
DRX682534		suppressed	status_file_only
DRX682535		suppressed	status_file_only
DRX682536		suppressed	status_file_only
DRX682537		suppressed	status_file_only
DRX682538		suppressed	status_file_only
DRX682539		suppressed	status_file_only
DRX682540		suppressed	status_file_only
DRX682541		suppressed	status_file_only
DRX682542		suppressed	status_file_only
DRX682543		suppressed	status_file_only
DRX682544		suppressed	status_file_only
DRX682545		suppressed	status_file_only
DRX682546		suppressed	status_file_only
DRX682547		suppressed	status_file_only
DRX682548		suppressed	status_file_only
DRX682549		suppressed	status_file_only
DRX682550		suppressed	status_file_only
DRX682551		suppressed	status_file_only
DRX682552		suppressed	status_file_only
DRX682553		suppressed	status_file_only
DRX682554		suppressed	status_file_only
DRX682555		suppressed	status_file_only
DRX682556		suppressed	status_file_only
DRX682557		suppressed	status_file_only
DRX682558		suppressed	status_file_only
DRX682559		suppressed	status_file_only
DRX682560		suppressed	status_file_only
DRX682561		suppressed	status_file_only
DRX682562		suppressed	status_file_only
DRX682563		suppressed	status_file_only
DRX682564		suppressed	status_file_only
DRX682565		suppressed	status_file_only
DRX682566		suppressed	status_file_only
DRX682567		suppressed	status_file_only
DRX682568		suppressed	status_file_only
DRX682569		suppressed	status_file_only
DRX682570		suppressed	status_file_only
DRX682571		suppressed	status_file_only
DRX682572		suppressed	status_file_only
DRX682573		suppressed	status_file_only
DRX682574		suppressed	status_file_only
DRX682575		suppressed	status_file_only
DRX682576		suppressed	status_file_only
DRX682577		suppressed	status_file_only
DRX682578		suppressed	status_file_only
DRX682579		suppressed	status_file_only
DRX682580		suppressed	status_file_only
DRX682581		suppressed	status_file_only
DRX682582		suppressed	status_file_only
DRX682583		suppressed	status_file_only
DRX682584		suppressed	status_file_only
DRX682585		suppressed	status_file_only
DRX682586		suppressed	status_file_only
DRX682587		suppressed	status_file_only
DRX682588		suppressed	status_file_only
DRX682589		suppressed	status_file_only
DRX682590		suppressed	status_file_only
DRX683655	DRR703570	public	search_api
DRX683656	DRR703571	public	search_api
DRX683657	DRR703572	public	search_api
DRX683658	DRR703573	public	search_api
DRX683659	DRR703574	public	search_api
DRX683660	DRR703575	public	search_api
DRX683661	DRR703576	public	search_api
DRX683662	DRR703577	public	search_api
DRX683990	DRR703905	public	search_api
DRX683991	DRR703906	public	search_api
DRX683992	DRR703907	public	search_api
DRX683993	DRR703908	public	search_api
DRX690537	DRR710516	public	search_api
DRX690538	DRR710517	public	search_api
DRX690539	DRR710518	public	search_api
DRX690540	DRR710519	public	search_api
DRX690541	DRR710520	public	search_api
DRX690542	DRR710521	public	search_api
DRX690543	DRR710522	public	search_api
DRX690544	DRR710523	public	search_api
DRX690545	DRR710524	public	search_api
DRX690546	DRR710525	public	search_api
DRX690547	DRR710526	public	search_api
DRX690548	DRR710527	public	search_api
DRX690549	DRR710528	public	search_api
DRX690550	DRR710529	public	search_api
DRX690551	DRR710530	public	search_api
DRX690552	DRR710531	public	search_api
DRX690553	DRR710532	public	search_api
DRX690554	DRR710533	public	search_api
DRX690555	DRR710534	public	search_api
DRX690556	DRR710535	public	search_api
DRX690557	DRR710536	public	search_api
DRX690558	DRR710537	public	search_api
DRX690559	DRR710538	public	search_api
DRX690560	DRR710539	public	search_api
DRX690561	DRR710540	public	search_api
DRX690562	DRR710541	public	search_api
DRX690563	DRR710542	public	search_api
DRX690564	DRR710543	public	search_api
DRX690565	DRR710544	public	search_api
DRX690566	DRR710545	public	search_api
DRX690567	DRR710546	public	search_api
DRX690568	DRR710547	public	search_api
DRX690569	DRR710548	public	search_api
DRX690570	DRR710549	public	search_api
DRX690571	DRR710550	public	search_api
DRX690572	DRR710551	public	search_api
DRX698875		suppressed	status_file_only
DRX699365		suppressed	status_file_only
DRX699366		suppressed	status_file_only
DRX699367		suppressed	status_file_only
DRX699368		suppressed	status_file_only
DRX699369		suppressed	status_file_only
DRX699370		suppressed	status_file_only
DRX699371		suppressed	status_file_only
DRX699372		suppressed	status_file_only
DRX699373		suppressed	status_file_only
DRX699374		suppressed	status_file_only
DRX699375		suppressed	status_file_only
DRX699376		suppressed	status_file_only
DRX699377		suppressed	status_file_only
DRX699378		suppressed	status_file_only
DRX699379		suppressed	status_file_only
DRX699380		suppressed	status_file_only
DRX699381		suppressed	status_file_only
DRX699382		suppressed	status_file_only
DRX699383		suppressed	status_file_only
DRX699384		suppressed	status_file_only
DRX699385		suppressed	status_file_only
DRX699386		suppressed	status_file_only
DRX699387		suppressed	status_file_only
DRX699388		suppressed	status_file_only
DRX699389		suppressed	status_file_only
DRX699390		suppressed	status_file_only
DRX699391		suppressed	status_file_only
DRX699392		suppressed	status_file_only
DRX699393		suppressed	status_file_only
DRX699394		suppressed	status_file_only
DRX740372	DRR760812	public	search_api
DRX740373	DRR760813	public	search_api
DRX740373	DRR760814	public	search_api
DRX740373	DRR760815	public	search_api
DRX740373	DRR760816	public	search_api
DRX740373	DRR760817	public	search_api
DRX740374	DRR760818	public	search_api
DRX740375	DRR760819	public	search_api
DRX740375	DRR760820	public	search_api
DRX740375	DRR760821	public	search_api
DRX740375	DRR760822	public	search_api
DRX740375	DRR760823	public	search_api
DRX740376	DRR760824	public	search_api
DRX740376	DRR760825	public	search_api
DRX740376	DRR760826	public	search_api
DRX740377	DRR760827	public	search_api
DRX740378	DRR760828	public	search_api
DRX740378	DRR760829	public	search_api
DRX740378	DRR760830	public	search_api
DRX740378	DRR760831	public	search_api
DRX740378	DRR760832	public	search_api
DRX740379	DRR760833	public	search_api
DRX740379	DRR760834	public	search_api
DRX740379	DRR760835	public	search_api
DRX740379	DRR760836	public	search_api
DRX740379	DRR760837	public	search_api
DRX740380	DRR760838	public	search_api
DRX740381	DRR760839	public	search_api
DRX740381	DRR760840	public	search_api
DRX740381	DRR760841	public	search_api
DRX740382	DRR760842	public	search_api
DRX740383	DRR760843	public	search_api
DRX740383	DRR760844	public	search_api
DRX740383	DRR760845	public	search_api
DRX740384	DRR760846	public	search_api
DRX740384	DRR760847	public	search_api
DRX740384	DRR760848	public	search_api
DRX740384	DRR760849	public	search_api
DRX740384	DRR760850	public	search_api
DRX740385	DRR760851	public	search_api
DRX740386	DRR760852	public	search_api
DRX740386	DRR760853	public	search_api
DRX740386	DRR760854	public	search_api
DRX740387	DRR760855	public	search_api
DRX740387	DRR760856	public	search_api
DRX740387	DRR760857	public	search_api
DRX740387	DRR760858	public	search_api
DRX740387	DRR760859	public	search_api
DRX740388	DRR760860	public	search_api
DRX740388	DRR760861	public	search_api
DRX740388	DRR760862	public	search_api
DRX740388	DRR760863	public	search_api
DRX740388	DRR760864	public	search_api
DRX740389	DRR760865	public	search_api
DRX740390	DRR760866	public	search_api
DRX740390	DRR760867	public	search_api
DRX740391	DRR760868	public	search_api
DRX740392	DRR760869	public	search_api
DRX740392	DRR760870	public	search_api
DRX740393	DRR760871	public	search_api
DRX740393	DRR760872	public	search_api
DRX740393	DRR760873	public	search_api
DRX740393	DRR760874	public	search_api
DRX740393	DRR760875	public	search_api
DRX740394	DRR760876	public	search_api
DRX740395	DRR760877	public	search_api
DRX740395	DRR760878	public	search_api
DRX740396	DRR760879	public	search_api
DRX740397	DRR760880	public	search_api
DRX740397	DRR760881	public	search_api
DRX740397	DRR760882	public	search_api
DRX740397	DRR760883	public	search_api
DRX740397	DRR760884	public	search_api
DRX740398	DRR760885	public	search_api
DRX740398	DRR760886	public	search_api
DRX740398	DRR760887	public	search_api
DRX740398	DRR760888	public	search_api
DRX740398	DRR760889	public	search_api
DRX740399	DRR760890	public	search_api
DRX740400	DRR760891	public	search_api
DRX740400	DRR760892	public	search_api
DRX740400	DRR760893	public	search_api
DRX740400	DRR760894	public	search_api
DRX740400	DRR760895	public	search_api
DRX740401	DRR760896	public	search_api
DRX740401	DRR760897	public	search_api
DRX740401	DRR760898	public	search_api
DRX740401	DRR760899	public	search_api
DRX740401	DRR760900	public	search_api
DRX740402	DRR760901	public	search_api
DRX740403	DRR760902	public	search_api
DRX740403	DRR760903	public	search_api
DRX740403	DRR760904	public	search_api
DRX740403	DRR760905	public	search_api
DRX740403	DRR760906	public	search_api
DRX740404	DRR760907	public	search_api
DRX740405	DRR760908	public	search_api
DRX740405	DRR760909	public	search_api
DRX740405	DRR760910	public	search_api
DRX740405	DRR760911	public	search_api
DRX740405	DRR760912	public	search_api
DRX740406	DRR760913	public	search_api
DRX740406	DRR760914	public	search_api
DRX740406	DRR760915	public	search_api
DRX740406	DRR760916	public	search_api
DRX740406	DRR760917	public	search_api
DRX740407	DRR760918	public	search_api
DRX740407	DRR760919	public	search_api
DRX740407	DRR760920	public	search_api
DRX740407	DRR760921	public	search_api
DRX740407	DRR760922	public	search_api
DRX740408	DRR760923	public	search_api
DRX740408	DRR760924	public	search_api
DRX740408	DRR760925	public	search_api
DRX740408	DRR760926	public	search_api
DRX740408	DRR760927	public	search_api
DRX740409	DRR760928	public	search_api
DRX740409	DRR760929	public	search_api
DRX740409	DRR760930	public	search_api
DRX740409	DRR760931	public	search_api
DRX740409	DRR760932	public	search_api
DRX740410	DRR760933	public	search_api
DRX740411	DRR760934	public	search_api
DRX740411	DRR760935	public	search_api
DRX740411	DRR760936	public	search_api
DRX740411	DRR760937	public	search_api
DRX740411	DRR760938	public	search_api
DRX740415	DRR760942	public	search_api
DRX740416	DRR760943	public	search_api
DRX740417	DRR760944	public	search_api
DRX740418	DRR760945	public	search_api
DRX740419	DRR760946	public	search_api
DRX740420	DRR760947	public	search_api
DRX740421	DRR760948	public	search_api
DRX740422	DRR760949	public	search_api
DRX740423	DRR760950	public	search_api
DRX740424	DRR760951	public	search_api
DRX740425	DRR760952	public	search_api
DRX740426	DRR760953	public	search_api
DRX740427	DRR760954	public	search_api
DRX740428	DRR760955	public	search_api
DRX740429	DRR760956	public	search_api
DRX740430	DRR760957	public	search_api
DRX740431	DRR760958	public	search_api
DRX740432	DRR760959	public	search_api
DRX740433	DRR760960	public	search_api
DRX740434	DRR760961	public	search_api
DRX740435	DRR760962	public	search_api
DRX740436	DRR760963	public	search_api
DRX740437	DRR760964	public	search_api
DRX740438	DRR760965	public	search_api
DRX740439	DRR760966	public	search_api
DRX740546	DRR761095	public	search_api
DRX740547	DRR761096	public	search_api
DRX740548	DRR761097	public	search_api
DRX740548	DRR761098	public	search_api
DRX740548	DRR761099	public	search_api
DRX740548	DRR761100	public	search_api
DRX740548	DRR761101	public	search_api
DRX740548	DRR761102	public	search_api
DRX740986	DRR761542	public	search_api
DRX740987	DRR761543	public	search_api
DRX740988	DRR761544	public	search_api
DRX740989	DRR761545	public	search_api
DRX740990	DRR761546	public	search_api
DRX740991	DRR761547	public	search_api
DRX740992	DRR761548	public	search_api
DRX740993	DRR761549	public	search_api
DRX740994	DRR761550	public	search_api
DRX740995	DRR761551	public	search_api
DRX740996	DRR761552	public	search_api
DRX741006	DRR761562	public	search_api
DRX741007	DRR761563	public	search_api
DRX741008	DRR761564	public	search_api
DRX741009	DRR761565	public	search_api
DRX741010	DRR761566	public	search_api
DRX741011	DRR761567	public	search_api
DRX741012	DRR761568	public	search_api
DRX741013	DRR761569	public	search_api
DRX741014	DRR761570	public	search_api
DRX741015	DRR761571	public	search_api
DRX741016	DRR761572	public	search_api
DRX741017	DRR761573	public	search_api
DRX741018	DRR761574	public	search_api
DRX741019	DRR761575	public	search_api
DRX741020	DRR761576	public	search_api
DRX741021	DRR761577	public	search_api
DRX741022	DRR761578	public	search_api
DRX741023	DRR761579	public	search_api
DRX741024	DRR761580	public	search_api
DRX741025	DRR761581	public	search_api
DRX741026	DRR761582	public	search_api
DRX741026	DRR761583	public	search_api
DRX741026	DRR761584	public	search_api
DRX741026	DRR761585	public	search_api
DRX741026	DRR761586	public	search_api
DRX741035	DRR761617	public	search_api
DRX741036	DRR761618	public	search_api
DRX741037	DRR761619	public	search_api
DRX741038	DRR761620	public	search_api
DRX741039	DRR761621	public	search_api
DRX741080	DRR761662	public	search_api
DRX741081	DRR761663	public	search_api
DRX741084	DRR761666	public	search_api
DRX741085	DRR761667	public	search_api
DRX741086	DRR761668	public	search_api
DRX741153	DRR761751	public	search_api
DRX741154	DRR761752	public	search_api
DRX741155	DRR761753	public	search_api
DRX741156	DRR761754	public	search_api
DRX741157	DRR761755	public	search_api
DRX741158	DRR761756	public	search_api
DRX741159	DRR761757	public	search_api
DRX741160	DRR761758	public	search_api
DRX741161	DRR761759	public	search_api
DRX741162	DRR761760	public	search_api
DRX741179	DRR761777	public	search_api
DRX741180	DRR761778	public	search_api
DRX741181	DRR761779	public	search_api
DRX741182	DRR761780	public	search_api
DRX741183	DRR761781	public	search_api
DRX741184	DRR761782	public	search_api
DRX741185	DRR761783	public	search_api
DRX741186	DRR761784	public	search_api
DRX741187	DRR761785	public	search_api
DRX741188	DRR761786	public	search_api
DRX741189	DRR761787	public	search_api
DRX741190	DRR761788	public	search_api
DRX741495	DRR762093	public	search_api
DRX741496	DRR762094	public	search_api
DRX741497	DRR762095	public	search_api
DRX741498	DRR762096	public	search_api
DRX741499	DRR762097	public	search_api
DRX741500	DRR762098	public	search_api
DRX741501	DRR762099	public	search_api
DRX741502	DRR762100	public	search_api
DRX741503	DRR762101	public	search_api
DRX741504	DRR762102	public	search_api
DRX741505	DRR762103	public	search_api
DRX741506	DRR762104	public	search_api
DRX741507	DRR762105	public	search_api
DRX741508	DRR762106	public	search_api
DRX741509	DRR762107	public	search_api
DRX741510	DRR762108	public	search_api
DRX741511	DRR762109	public	search_api
DRX741512	DRR762110	public	search_api
DRX741513	DRR762111	public	search_api
DRX741514	DRR762112	public	search_api
DRX741515	DRR762113	public	search_api
DRX741516	DRR762114	public	search_api
DRX741517	DRR762115	public	search_api
DRX741518	DRR762116	public	search_api
DRX741519	DRR762117	public	search_api
DRX741520	DRR762118	public	search_api
DRX741521	DRR762119	public	search_api
DRX741522	DRR762120	public	search_api
DRX741523	DRR762121	public	search_api
DRX741524	DRR762122	public	search_api
DRX741525	DRR762123	public	search_api
DRX741526	DRR762124	public	search_api
DRX741527	DRR762125	public	search_api
DRX741528	DRR762126	public	search_api
DRX741529	DRR762127	public	search_api
DRX741530	DRR762128	public	search_api
DRX741531	DRR762129	public	search_api
DRX741532	DRR762130	public	search_api
DRX741533	DRR762131	public	search_api
DRX741534	DRR762132	public	search_api
DRX741535	DRR762133	public	search_api
DRX741536	DRR762134	public	search_api
DRX741537	DRR762135	public	search_api
DRX741538	DRR762136	public	search_api
DRX741539	DRR762137	public	search_api
DRX741540	DRR762138	public	search_api
DRX741541	DRR762139	public	search_api
DRX741542	DRR762140	public	search_api
DRX741543	DRR762141	public	search_api
DRX741544	DRR762142	public	search_api
DRX741545	DRR762143	public	search_api
DRX741546	DRR762144	public	search_api
DRX741550	DRR762157	public	search_api
DRX741551	DRR762158	public	search_api
DRX741552	DRR762159	public	search_api
DRX741553	DRR762160	public	search_api
DRX741554	DRR762161	public	search_api
DRX741555	DRR762162	public	search_api
DRX741556	DRR762163	public	search_api
DRX741556	DRR762164	public	search_api
DRX741557	DRR762165	public	search_api
DRX741557	DRR762166	public	search_api
DRX741558	DRR762167	public	search_api
DRX741558	DRR762168	public	search_api
DRX741559	DRR762169	public	search_api
DRX741559	DRR762170	public	search_api
DRX741560	DRR762171	public	search_api
DRX741560	DRR762172	public	search_api
DRX741561	DRR762173	public	search_api
DRX741561	DRR762174	public	search_api
DRX742295	DRR762927	public	search_api
DRX742296	DRR762928	public	search_api
DRX742297	DRR762929	public	search_api
DRX742298	DRR762930	public	search_api
DRX742299	DRR762931	public	search_api
DRX742300	DRR762932	public	search_api
DRX742301	DRR762933	public	search_api
DRX742302	DRR762934	public	search_api
DRX742303	DRR762935	public	search_api
DRX742304	DRR762936	public	search_api
DRX742305	DRR762937	public	search_api
DRX742306	DRR762938	public	search_api
DRX742307	DRR762939	public	search_api
DRX742308	DRR762940	public	search_api
DRX742309	DRR762941	public	search_api
DRX742310	DRR762942	public	search_api
DRX742311	DRR762943	public	search_api
DRX742312	DRR762944	public	search_api
DRX742313	DRR762945	public	search_api
DRX742314	DRR762946	public	search_api
DRX742315	DRR762947	public	search_api
DRX742316	DRR762948	public	search_api
DRX742317	DRR762949	public	search_api
DRX742318	DRR762950	public	search_api
DRX742319	DRR762951	public	search_api
DRX742320	DRR762952	public	search_api
DRX742321	DRR762953	public	search_api
DRX742322	DRR762954	public	search_api
DRX742323	DRR762955	public	search_api
DRX742324	DRR762956	public	search_api
DRX742325	DRR762957	public	search_api
DRX742326	DRR762958	public	search_api
DRX742327	DRR762959	public	search_api
DRX742328	DRR762960	public	search_api
DRX742329	DRR762961	public	search_api
DRX742330	DRR762962	public	search_api
DRX742331	DRR762963	public	search_api
DRX742332	DRR762964	public	search_api
DRX742333	DRR762965	public	search_api
DRX742334	DRR762966	public	search_api
DRX742335	DRR762967	public	search_api
DRX742336	DRR762968	public	search_api
DRX742337	DRR762969	public	search_api
DRX742338	DRR762970	public	search_api
DRX742339	DRR762971	public	search_api
DRX742340	DRR762972	public	search_api
DRX742341	DRR762973	public	search_api
DRX742342	DRR762974	public	search_api
DRX742343	DRR762975	public	search_api
DRX742344	DRR762976	public	search_api
DRX742344	DRR762977	public	search_api
DRX742345	DRR762978	public	search_api
DRX742345	DRR762979	public	search_api
DRX742346	DRR762980	public	search_api
DRX742347	DRR762981	public	search_api
DRX742347	DRR762982	public	search_api
DRX742348	DRR762983	public	search_api
DRX742349	DRR762984	public	search_api
DRX742349	DRR762985	public	search_api
DRX742350	DRR762986	public	search_api
DRX742351	DRR762987	public	search_api
DRX742351	DRR762988	public	search_api
DRX742352	DRR762989	public	search_api
DRX742352	DRR762990	public	search_api
DRX742353	DRR762991	public	search_api
DRX742353	DRR762992	public	search_api
DRX742354	DRR762993	public	search_api
DRX742355	DRR762994	public	search_api
DRX742356	DRR762995	public	search_api
DRX742356	DRR762996	public	search_api
DRX742357	DRR762997	public	search_api
DRX742358	DRR762998	public	search_api
DRX742359	DRR762999	public	search_api
DRX742630	DRR763277	public	search_api
DRX742631	DRR763278	public	search_api
DRX742632	DRR763279	public	search_api
DRX742633	DRR763280	public	search_api
DRX742634	DRR763281	public	search_api
DRX742635	DRR763282	public	search_api
DRX742636	DRR763283	public	search_api
DRX742637	DRR763284	public	search_api
DRX742638	DRR763285	public	search_api
DRX742639	DRR763286	public	search_api
DRX742640	DRR763287	public	search_api
DRX742641	DRR763288	public	search_api
DRX742642	DRR763289	public	search_api
DRX742643	DRR763290	public	search_api
DRX742644	DRR763291	public	search_api
DRX742645	DRR763292	public	search_api
DRX742646	DRR763293	public	search_api
DRX742647	DRR763294	public	search_api
DRX742648	DRR763295	public	search_api
DRX742649	DRR763296	public	search_api
DRX742650	DRR763297	public	search_api
DRX742651	DRR763298	public	search_api
DRX742652	DRR763299	public	search_api
DRX742653	DRR763300	public	search_api
DRX742654	DRR763301	public	search_api
DRX742655	DRR763302	public	search_api
DRX742656	DRR763303	public	search_api
DRX742657	DRR763304	public	search_api
DRX742658	DRR763305	public	search_api
DRX742659	DRR763306	public	search_api
DRX742660	DRR763307	public	search_api
DRX742661	DRR763308	public	search_api
DRX742662	DRR763309	public	search_api
DRX742730	DRR763377	public	search_api
DRX742731	DRR763378	public	search_api
DRX742732	DRR763379	public	search_api
DRX742733	DRR763380	public	search_api
DRX742734	DRR763381	public	search_api
DRX742735	DRR763382	public	search_api
DRX742736	DRR763383	public	search_api
DRX742737	DRR763384	public	search_api
DRX742738	DRR763385	public	search_api
DRX742739	DRR763386	public	search_api
DRX742740	DRR763387	public	search_api
DRX742741	DRR763388	public	search_api
DRX742742	DRR763389	public	search_api
DRX742743	DRR763390	public	search_api
DRX742744	DRR763391	public	search_api
DRX742745	DRR763392	public	search_api
DRX742746	DRR763393	public	search_api
DRX742747	DRR763394	public	search_api
DRX742748	DRR763395	public	search_api
DRX742749	DRR763396	public	search_api
DRX742750	DRR763397	public	search_api
DRX742751	DRR763398	public	search_api
DRX742752	DRR763399	public	search_api
DRX742753	DRR763400	public	search_api
DRX742764	DRR763411	public	search_api
DRX742765	DRR763412	public	search_api
DRX742766	DRR763413	public	search_api
DRX742767	DRR763414	public	search_api
DRX742768	DRR763415	public	search_api
DRX742769	DRR763416	public	search_api
DRX742782	DRR763429	public	search_api
DRX742783	DRR763430	public	search_api
DRX742784	DRR763431	public	search_api
DRX742800	DRR763447	public	search_api
DRX742801	DRR763448	public	search_api
DRX742830	DRR763479	public	search_api
DRX742831	DRR763480	public	search_api
DRX742832	DRR763481	public	search_api
DRX742833	DRR763482	public	search_api
DRX742834	DRR763483	public	search_api
DRX742835	DRR763484	public	search_api
DRX742836	DRR763485	public	search_api
DRX742837	DRR763486	public	search_api
DRX742838	DRR763487	public	search_api
DRX742839	DRR763488	public	search_api
DRX742840	DRR763489	public	search_api
DRX742841	DRR763490	public	search_api
DRX742842	DRR763491	public	search_api
DRX742843	DRR763492	public	search_api
DRX742844	DRR763493	public	search_api
DRX742845	DRR763494	public	search_api
DRX742846	DRR763495	public	search_api
DRX742847	DRR763496	public	search_api
DRX742848	DRR763497	public	search_api
DRX742849	DRR763498	public	search_api
DRX742850	DRR763499	public	search_api
DRX742851	DRR763500	public	search_api
DRX742852	DRR763501	public	search_api
DRX742853	DRR763502	public	search_api
DRX742854	DRR763503	public	search_api
DRX742855	DRR763504	public	search_api
DRX742856	DRR763505	public	search_api
DRX742857	DRR763506	public	search_api
DRX742858	DRR763507	public	search_api
DRX742859	DRR763508	public	search_api
DRX742860	DRR763509	public	search_api
DRX742861	DRR763510	public	search_api
DRX742862	DRR763511	public	search_api
DRX742863	DRR763512	public	search_api
DRX742864	DRR763513	public	search_api
DRX742865	DRR763514	public	search_api
DRX743367	DRR764070	public	search_api
DRX743368	DRR764071	public	search_api
DRX743369	DRR764072	public	search_api
DRX743370	DRR764073	public	search_api
DRX743371	DRR764074	public	search_api
DRX743372	DRR764075	public	search_api
DRX743373	DRR764076	public	search_api
DRX743374	DRR764077	public	search_api
DRX743375	DRR764078	public	search_api
DRX743376	DRR764079	public	search_api
DRX743377	DRR764080	public	search_api
DRX743378	DRR764081	public	search_api
DRX743379	DRR764082	public	search_api
DRX743380	DRR764083	public	search_api
DRX743381	DRR764084	public	search_api
DRX743382	DRR764085	public	search_api
DRX743383	DRR764086	public	search_api
DRX743384	DRR764087	public	search_api
DRX743385	DRR764088	public	search_api
DRX743386	DRR764089	public	search_api
DRX743387	DRR764090	public	search_api
DRX743388	DRR764091	public	search_api
DRX743389	DRR764092	public	search_api
DRX743390	DRR764093	public	search_api
DRX743391	DRR764094	public	search_api
DRX743392	DRR764095	public	search_api
DRX743393	DRR764096	public	search_api
DRX743394	DRR764097	public	search_api
DRX743395	DRR764098	public	search_api
DRX743396	DRR764099	public	search_api
DRX743397	DRR764100	public	search_api
DRX743398	DRR764101	public	search_api
DRX743399	DRR764102	public	search_api
DRX743400	DRR764103	public	search_api
DRX743401	DRR764104	public	search_api
DRX743402	DRR764105	public	search_api
DRX743403	DRR764106	public	search_api
DRX743404	DRR764107	public	search_api
DRX743405	DRR764108	public	search_api
DRX743406	DRR764109	public	search_api
DRX743407	DRR764110	public	search_api
DRX743408	DRR764111	public	search_api
DRX743409	DRR764112	public	search_api
DRX743410	DRR764113	public	search_api
DRX743411	DRR764114	public	search_api
DRX743412	DRR764115	public	search_api
DRX743413	DRR764116	public	search_api
DRX743414	DRR764117	public	search_api
DRX743415	DRR764118	public	search_api
DRX743416	DRR764119	public	search_api
DRX743417	DRR764120	public	search_api
DRX743418	DRR764121	public	search_api
DRX743419	DRR764122	public	search_api
DRX743420	DRR764123	public	search_api
DRX743421	DRR764124	public	search_api
DRX743422	DRR764125	public	search_api
DRX743423	DRR764126	public	search_api
DRX743424	DRR764127	public	search_api
DRX743425	DRR764128	public	search_api
DRX743426	DRR764129	public	search_api
DRX743427	DRR764130	public	search_api
DRX743428	DRR764131	public	search_api
DRX743429	DRR764132	public	search_api
DRX743430	DRR764133	public	search_api
DRX743431	DRR764134	public	search_api
DRX743432	DRR764135	public	search_api
DRX743433	DRR764136	public	search_api
DRX743434	DRR764137	public	search_api
DRX743435	DRR764138	public	search_api
DRX743436	DRR764139	public	search_api
DRX743437	DRR764140	public	search_api
DRX743438	DRR764141	public	search_api
DRX743439	DRR764142	public	search_api
DRX743440	DRR764143	public	search_api
DRX743441	DRR764144	public	search_api
DRX743442	DRR764145	public	search_api
DRX743443	DRR764146	public	search_api
DRX743444	DRR764147	public	search_api
DRX743445	DRR764148	public	search_api
DRX743446	DRR764149	public	search_api
DRX743447	DRR764150	public	search_api
DRX743448	DRR764151	public	search_api
DRX743449	DRR764152	public	search_api
DRX743450	DRR764153	public	search_api
DRX743451	DRR764154	public	search_api
DRX743452	DRR764155	public	search_api
DRX743453	DRR764156	public	search_api
DRX743454	DRR764157	public	search_api
DRX743455	DRR764158	public	search_api
DRX743456	DRR764159	public	search_api
DRX743457	DRR764160	public	search_api
DRX743458	DRR764161	public	search_api
DRX743459	DRR764162	public	search_api
DRX743460	DRR764163	public	search_api
DRX743461	DRR764164	public	search_api
DRX743462	DRR764165	public	search_api
DRX743463	DRR764166	public	search_api
DRX743464	DRR764167	public	search_api
DRX743465	DRR764168	public	search_api
DRX743466	DRR764169	public	search_api
DRX743467	DRR764170	public	search_api
DRX743468	DRR764171	public	search_api
DRX743469	DRR764172	public	search_api
DRX743470	DRR764173	public	search_api
DRX743471	DRR764174	public	search_api
DRX743472	DRR764175	public	search_api
DRX743473	DRR764176	public	search_api
DRX743474	DRR764177	public	search_api
DRX743475	DRR764178	public	search_api
DRX743476	DRR764179	public	search_api
DRX743477	DRR764180	public	search_api
DRX743478	DRR764181	public	search_api
DRX743479	DRR764182	public	search_api
DRX743480	DRR764183	public	search_api
DRX743481	DRR764184	public	search_api
DRX743482	DRR764185	public	search_api
DRX743483	DRR764186	public	search_api
DRX743484	DRR764187	public	search_api
DRX743485	DRR764188	public	search_api
DRX743486	DRR764189	public	search_api
DRX743487	DRR764190	public	search_api
DRX743488	DRR764191	public	search_api
DRX743489	DRR764192	public	search_api
DRX743490	DRR764193	public	search_api
DRX743491	DRR764194	public	search_api
DRX743492	DRR764195	public	search_api
DRX743493	DRR764196	public	search_api
DRX743494	DRR764197	public	search_api
DRX743495	DRR764198	public	search_api
DRX743496	DRR764199	public	search_api
DRX743497	DRR764200	public	search_api
DRX743498	DRR764201	public	search_api
DRX743499	DRR764202	public	search_api
DRX743500	DRR764203	public	search_api
DRX743501	DRR764204	public	search_api
DRX743502	DRR764205	public	search_api
DRX743503	DRR764206	public	search_api
DRX743504	DRR764207	public	search_api
DRX743505	DRR764208	public	search_api
DRX743506	DRR764209	public	search_api
DRX743507	DRR764210	public	search_api
DRX743508	DRR764211	public	search_api
DRX743509	DRR764212	public	search_api
DRX743510	DRR764213	public	search_api
DRX743511	DRR764214	public	search_api
DRX743512	DRR764215	public	search_api
DRX743513	DRR764216	public	search_api
DRX743514	DRR764217	public	search_api
DRX743515	DRR764218	public	search_api
DRX743516	DRR764219	public	search_api
DRX743517	DRR764220	public	search_api
DRX743518	DRR764221	public	search_api
DRX743519	DRR764222	public	search_api
DRX743520	DRR764223	public	search_api
DRX743521	DRR764224	public	search_api
DRX743522	DRR764225	public	search_api
DRX743523	DRR764226	public	search_api
DRX743524	DRR764227	public	search_api
DRX743525	DRR764228	public	search_api
DRX743526	DRR764229	public	search_api
DRX743527	DRR764230	public	search_api
DRX743528	DRR764231	public	search_api
DRX743529	DRR764232	public	search_api
DRX743530	DRR764233	public	search_api
DRX743531	DRR764234	public	search_api
DRX743532	DRR764235	public	search_api
DRX743533	DRR764236	public	search_api
DRX743534	DRR764237	public	search_api
DRX743535	DRR764238	public	search_api
DRX743536	DRR764239	public	search_api
DRX743537	DRR764240	public	search_api
DRX743538	DRR764241	public	search_api
DRX743539	DRR764242	public	search_api
DRX743540	DRR764243	public	search_api
DRX743541	DRR764244	public	search_api
DRX743542	DRR764245	public	search_api
DRX743543	DRR764246	public	search_api
DRX743544	DRR764247	public	search_api
DRX743545	DRR764248	public	search_api
DRX743546	DRR764249	public	search_api
DRX743547	DRR764250	public	search_api
DRX743548	DRR764251	public	search_api
DRX743549	DRR764252	public	search_api
DRX743550	DRR764253	public	search_api
DRX743551	DRR764254	public	search_api
DRX743552	DRR764255	public	search_api
DRX743553	DRR764256	public	search_api
DRX743554	DRR764257	public	search_api
DRX743555	DRR764258	public	search_api
DRX743556	DRR764259	public	search_api
DRX743557	DRR764260	public	search_api
DRX743558	DRR764261	public	search_api
DRX743559	DRR764262	public	search_api
DRX743560	DRR764263	public	search_api
DRX743561	DRR764264	public	search_api
DRX743562	DRR764265	public	search_api
DRX743563	DRR764266	public	search_api
DRX743564	DRR764267	public	search_api
DRX743565	DRR764268	public	search_api
DRX743566	DRR764269	public	search_api
DRX743567	DRR764270	public	search_api
DRX743568	DRR764271	public	search_api
DRX743569	DRR764272	public	search_api
DRX743570	DRR764273	public	search_api
DRX743571	DRR764274	public	search_api
DRX743572	DRR764275	public	search_api
DRX743573	DRR764276	public	search_api
DRX743574	DRR764277	public	search_api
DRX743575	DRR764278	public	search_api
DRX743576	DRR764279	public	search_api
DRX743577	DRR764280	public	search_api
DRX743578	DRR764281	public	search_api
DRX743579	DRR764282	public	search_api
DRX743580	DRR764283	public	search_api
DRX743581	DRR764284	public	search_api
DRX743582	DRR764285	public	search_api
DRX743583	DRR764286	public	search_api
DRX743584	DRR764287	public	search_api
DRX743585	DRR764288	public	search_api
DRX743586	DRR764289	public	search_api
DRX743587	DRR764290	public	search_api
DRX743588	DRR764291	public	search_api
DRX743589	DRR764292	public	search_api
DRX743590	DRR764293	public	search_api
DRX743591	DRR764294	public	search_api
DRX743592	DRR764295	public	search_api
DRX743593	DRR764296	public	search_api
DRX743594	DRR764297	public	search_api
DRX743595	DRR764298	public	search_api
DRX743596	DRR764299	public	search_api
DRX743597	DRR764300	public	search_api
DRX743598	DRR764301	public	search_api
DRX743599	DRR764302	public	search_api
DRX743600	DRR764303	public	search_api
DRX743601	DRR764304	public	search_api
DRX743602	DRR764305	public	search_api
DRX743603	DRR764306	public	search_api
DRX743604	DRR764307	public	search_api
DRX743605	DRR764308	public	search_api
DRX743606	DRR764309	public	search_api
DRX743607	DRR764310	public	search_api
DRX743608	DRR764311	public	search_api
DRX743609	DRR764312	public	search_api
DRX743610	DRR764313	public	search_api
DRX743611	DRR764314	public	search_api
DRX743612	DRR764315	public	search_api
DRX743613	DRR764316	public	search_api
DRX743614	DRR764317	public	search_api
DRX743615	DRR764318	public	search_api
DRX743616	DRR764319	public	search_api
DRX743617	DRR764320	public	search_api
DRX743618	DRR764321	public	search_api
DRX743619	DRR764322	public	search_api
DRX743620	DRR764323	public	search_api
DRX743621	DRR764324	public	search_api
DRX743622	DRR764325	public	search_api
DRX743623	DRR764326	public	search_api
DRX743624	DRR764327	public	search_api
DRX743625	DRR764328	public	search_api
DRX743626	DRR764329	public	search_api
DRX743627	DRR764330	public	search_api
DRX743628	DRR764331	public	search_api
DRX743629	DRR764332	public	search_api
DRX743630	DRR764333	public	search_api
DRX743631	DRR764334	public	search_api
DRX743632	DRR764335	public	search_api
DRX743633	DRR764336	public	search_api
DRX743634	DRR764337	public	search_api
DRX743635	DRR764338	public	search_api
DRX743636	DRR764339	public	search_api
DRX743637	DRR764340	public	search_api
DRX743638	DRR764341	public	search_api
DRX743639	DRR764342	public	search_api
DRX743640	DRR764343	public	search_api
DRX743641	DRR764344	public	search_api
DRX743642	DRR764345	public	search_api
DRX743643	DRR764346	public	search_api
DRX743644	DRR764347	public	search_api
DRX743645	DRR764348	public	search_api
DRX743646	DRR764349	public	search_api
DRX743647	DRR764350	public	search_api
DRX743648	DRR764351	public	search_api
DRX743649	DRR764352	public	search_api
DRX743650	DRR764353	public	search_api
DRX743651	DRR764354	public	search_api
DRX743652	DRR764355	public	search_api
DRX743653	DRR764356	public	search_api
DRX743654	DRR764357	public	search_api
DRX743655	DRR764358	public	search_api
DRX743656	DRR764359	public	search_api
DRX743657	DRR764360	public	search_api
DRX743658	DRR764361	public	search_api
DRX743659	DRR764362	public	search_api
DRX743660	DRR764363	public	search_api
DRX743661	DRR764364	public	search_api
DRX743662	DRR764365	public	search_api
DRX743663	DRR764366	public	search_api
DRX743664	DRR764367	public	search_api
DRX743665	DRR764368	public	search_api
DRX743666	DRR764369	public	search_api
DRX743838	DRR764541	public	search_api
DRX743838	DRR764542	public	search_api
DRX743838	DRR764543	public	search_api
DRX743838	DRR764544	public	search_api
DRX743839	DRR764545	public	search_api
DRX743839	DRR764546	public	search_api
DRX743839	DRR764547	public	search_api
DRX743839	DRR764548	public	search_api
DRX743840	DRR764549	public	search_api
DRX743840	DRR764550	public	search_api
DRX743840	DRR764551	public	search_api
DRX743840	DRR764552	public	search_api
DRX743841	DRR764553	public	search_api
DRX743841	DRR764554	public	search_api
DRX743841	DRR764555	public	search_api
DRX743841	DRR764556	public	search_api
DRX743842	DRR764557	public	search_api
DRX743842	DRR764558	public	search_api
DRX743842	DRR764559	public	search_api
DRX743842	DRR764560	public	search_api
DRX743843	DRR764561	public	search_api
DRX743843	DRR764562	public	search_api
DRX743843	DRR764563	public	search_api
DRX743852	DRR764572	public	search_api
DRX743853	DRR764573	public	search_api
DRX743854	DRR764574	public	search_api
DRX743855	DRR764575	public	search_api
DRX743856	DRR764576	public	search_api
DRX743857	DRR764577	public	search_api
DRX743858	DRR764578	public	search_api
DRX743859	DRR764579	public	search_api
DRX743860	DRR764580	public	search_api
DRX743893	DRR764613	public	search_api
DRX743894	DRR764614	public	search_api
DRX743895	DRR764615	public	search_api
DRX743896	DRR764616	public	search_api
DRX743897	DRR764617	public	search_api
DRX743898	DRR764618	public	search_api
DRX743899	DRR764619	public	search_api
DRX743900	DRR764620	public	search_api
DRX743901	DRR764621	public	search_api
DRX743902	DRR764622	public	search_api
DRX743903	DRR764623	public	search_api
DRX743904	DRR764624	public	search_api
DRX743905	DRR764625	public	search_api
DRX743906	DRR764626	public	search_api
DRX743907	DRR764627	public	search_api
DRX743908	DRR764628	public	search_api
DRX743909	DRR764629	public	search_api
DRX743910	DRR764630	public	search_api
DRX743911	DRR764631	public	search_api
DRX743912	DRR764632	public	search_api
DRX743913	DRR764633	public	search_api
DRX743914	DRR764634	public	search_api
DRX743915	DRR764635	public	search_api
DRX743916	DRR764636	public	search_api
DRX743917	DRR764637	public	search_api
DRX743918	DRR764638	public	search_api
DRX743919	DRR764639	public	search_api
DRX743920	DRR764640	public	search_api
DRX743921	DRR764641	public	search_api
DRX743922	DRR764642	public	search_api
DRX743923	DRR764643	public	search_api
DRX743924	DRR764644	public	search_api
DRX743925	DRR764645	public	search_api
DRX743926	DRR764646	public	search_api
DRX743927	DRR764647	public	search_api
DRX743928	DRR764648	public	search_api
DRX743929	DRR764649	public	search_api
DRX743930	DRR764650	public	search_api
DRX743931	DRR764651	public	search_api
DRX743932	DRR764652	public	search_api
DRX743933	DRR764653	public	search_api
DRX743934	DRR764654	public	search_api
DRX743935	DRR764655	public	search_api
DRX743936	DRR764656	public	search_api
DRX743937	DRR764657	public	search_api
DRX743938	DRR764658	public	search_api
DRX743939	DRR764659	public	search_api
DRX743940	DRR764660	public	search_api
DRX743941	DRR764661	public	search_api
DRX743942	DRR764662	public	search_api
DRX743943	DRR764663	public	search_api
DRX743944	DRR764664	public	search_api
DRX743945	DRR764665	public	search_api
DRX743946	DRR764666	public	search_api
DRX743977	DRR764697	public	search_api
DRX743978	DRR764698	public	search_api
DRX743979	DRR764699	public	search_api
DRX743980	DRR764700	public	search_api
DRX743981	DRR764701	public	search_api
DRX743982	DRR764702	public	search_api
DRX743983	DRR764703	public	search_api
DRX743984	DRR764704	public	search_api
DRX743985	DRR764705	public	search_api
DRX743986	DRR764706	public	search_api
DRX743987	DRR764707	public	search_api
DRX743988	DRR764708	public	search_api
DRX743989	DRR764709	public	search_api
DRX743990	DRR764710	public	search_api
DRX743991	DRR764711	public	search_api
DRX743992	DRR764712	public	search_api
DRX743993	DRR764713	public	search_api
DRX743994	DRR764714	public	search_api
DRX743995	DRR764715	public	search_api
DRX743996	DRR764716	public	search_api
DRX743997	DRR764717	public	search_api
DRX743998	DRR764718	public	search_api
DRX743999	DRR764719	public	search_api
DRX744000	DRR764720	public	search_api
DRX744001	DRR764721	public	search_api
DRX744002	DRR764722	public	search_api
DRX744003	DRR764723	public	search_api
DRX744004	DRR764724	public	search_api
DRX744006	DRR764726	public	search_api
DRX744006	DRR764727	public	search_api
DRX744006	DRR764728	public	search_api
DRX744007	DRR764729	public	search_api
DRX744007	DRR764730	public	search_api
DRX744007	DRR764731	public	search_api
DRX744007	DRR764732	public	search_api
DRX744008	DRR764733	public	search_api
DRX744008	DRR764734	public	search_api
DRX744009	DRR764735	public	search_api
DRX744009	DRR764736	public	search_api
DRX744009	DRR764737	public	search_api
DRX744010	DRR764738	public	search_api
DRX744010	DRR764739	public	search_api
DRX744011	DRR764740	public	search_api
DRX744011	DRR764741	public	search_api
DRX744012	DRR764742	public	search_api
DRX744012	DRR764743	public	search_api
DRX744012	DRR764744	public	search_api
DRX744013	DRR764745	public	search_api
DRX744013	DRR764746	public	search_api
DRX744014	DRR764747	public	search_api
DRX744014	DRR764748	public	search_api
DRX744015	DRR764749	public	search_api
DRX744015	DRR764750	public	search_api
DRX744016	DRR764751	public	search_api
DRX744016	DRR764752	public	search_api
DRX744017	DRR764753	public	search_api
DRX744017	DRR764754	public	search_api
DRX744017	DRR764755	public	search_api
DRX744018	DRR764756	public	search_api
DRX744018	DRR764757	public	search_api
DRX744018	DRR764758	public	search_api
DRX744019	DRR764759	public	search_api
DRX744020	DRR764760	public	search_api
DRX744021	DRR764761	public	search_api
DRX744021	DRR764762	public	search_api
DRX744022	DRR764763	public	search_api
DRX744023	DRR764764	public	search_api
DRX744023	DRR764765	public	search_api
DRX744024	DRR764766	public	search_api
DRX744024	DRR764767	public	search_api
DRX744025	DRR764768	public	search_api
DRX744025	DRR764769	public	search_api
DRX744025	DRR764770	public	search_api
DRX744026	DRR764771	public	search_api
DRX744026	DRR764772	public	search_api
DRX744027	DRR764773	public	search_api
DRX744027	DRR764774	public	search_api
DRX744028	DRR764775	public	search_api
DRX744029	DRR764776	public	search_api
DRX744029	DRR764777	public	search_api
DRX744030	DRR764778	public	search_api
DRX744030	DRR764779	public	search_api
DRX744030	DRR764780	public	search_api
DRX744031	DRR764781	public	search_api
DRX744031	DRR764782	public	search_api
DRX744031	DRR764783	public	search_api
DRX744032	DRR764784	public	search_api
DRX744032	DRR764785	public	search_api
DRX744033	DRR764786	public	search_api
DRX744033	DRR764787	public	search_api
DRX744034	DRR764788	public	search_api
DRX744035	DRR764789	public	search_api
DRX744035	DRR764790	public	search_api
DRX744035	DRR764791	public	search_api
DRX744036	DRR764792	public	search_api
DRX744037	DRR764793	public	search_api
DRX744037	DRR764794	public	search_api
DRX744038	DRR764795	public	search_api
DRX744039	DRR764796	public	search_api
DRX744039	DRR764797	public	search_api
DRX744040	DRR764798	public	search_api
DRX744041	DRR764799	public	search_api
DRX744041	DRR764800	public	search_api
DRX744042	DRR764801	public	search_api
DRX744042	DRR764802	public	search_api
DRX744043	DRR764803	public	search_api
DRX744044	DRR764804	public	search_api
DRX744044	DRR764805	public	search_api
DRX744045	DRR764806	public	search_api
DRX744046	DRR764807	public	search_api
DRX744046	DRR764808	public	search_api
DRX744046	DRR764809	public	search_api
DRX744047	DRR764810	public	search_api
DRX744047	DRR764811	public	search_api
DRX744048	DRR764812	public	search_api
DRX744048	DRR764813	public	search_api
DRX744049	DRR764814	public	search_api
DRX744049	DRR764815	public	search_api
DRX744050	DRR764816	public	search_api
DRX744050	DRR764817	public	search_api
DRX744051	DRR764818	public	search_api
DRX744051	DRR764819	public	search_api
DRX744051	DRR764820	public	search_api
DRX744052	DRR764821	public	search_api
DRX744052	DRR764822	public	search_api
DRX744052	DRR764823	public	search_api
DRX744053	DRR764824	public	search_api
DRX744054	DRR764825	public	search_api
DRX744054	DRR764826	public	search_api
DRX744054	DRR764827	public	search_api
DRX744054	DRR764828	public	search_api
DRX744054	DRR764829	public	search_api
DRX744054	DRR764830	public	search_api
DRX744054	DRR764831	public	search_api
DRX744055	DRR764832	public	search_api
DRX744055	DRR764833	public	search_api
DRX744056	DRR764834	public	search_api
DRX744056	DRR764835	public	search_api
DRX744057	DRR764836	public	search_api
DRX744057	DRR764837	public	search_api
DRX744058	DRR764838	public	search_api
DRX744058	DRR764839	public	search_api
DRX744059	DRR764840	public	search_api
DRX744059	DRR764841	public	search_api
DRX744060	DRR764842	public	search_api
DRX744060	DRR764843	public	search_api
DRX744061	DRR764844	public	search_api
DRX744062	DRR764845	public	search_api
DRX744062	DRR764846	public	search_api
DRX744063	DRR764847	public	search_api
DRX744063	DRR764848	public	search_api
DRX744063	DRR764849	public	search_api
DRX744064	DRR764850	public	search_api
DRX744064	DRR764851	public	search_api
DRX744064	DRR764852	public	search_api
DRX744065	DRR764853	public	search_api
DRX744066	DRR764854	public	search_api
DRX744067	DRR764855	public	search_api
DRX744067	DRR764856	public	search_api
DRX744068	DRR764857	public	search_api
DRX744068	DRR764858	public	search_api
DRX744069	DRR764859	public	search_api
DRX744069	DRR764860	public	search_api
DRX744069	DRR764861	public	search_api
DRX744069	DRR764862	public	search_api
DRX744070	DRR764863	public	search_api
DRX744070	DRR764864	public	search_api
DRX744071	DRR764865	public	search_api
DRX744071	DRR764866	public	search_api
DRX744071	DRR764867	public	search_api
DRX744072	DRR764868	public	search_api
DRX744072	DRR764869	public	search_api
DRX744073	DRR764870	public	search_api
DRX744073	DRR764871	public	search_api
DRX744074	DRR764872	public	search_api
DRX744075	DRR764873	public	search_api
DRX744075	DRR764874	public	search_api
DRX744076	DRR764875	public	search_api
DRX744076	DRR764876	public	search_api
DRX744077	DRR764877	public	search_api
DRX744077	DRR764878	public	search_api
DRX744078	DRR764879	public	search_api
DRX744079	DRR764880	public	search_api
DRX744079	DRR764881	public	search_api
DRX744080	DRR764882	public	search_api
DRX744080	DRR764883	public	search_api
DRX744081	DRR764884	public	search_api
DRX744082	DRR764885	public	search_api
DRX744082	DRR764886	public	search_api
DRX744083	DRR764887	public	search_api
DRX744083	DRR764888	public	search_api
DRX744083	DRR764889	public	search_api
DRX744084	DRR764890	public	search_api
DRX744085	DRR764891	public	search_api
DRX744086	DRR764892	public	search_api
DRX744087	DRR764893	public	search_api
DRX744087	DRR764894	public	search_api
DRX744088	DRR764895	public	search_api
DRX744089	DRR764896	public	search_api
DRX744089	DRR764897	public	search_api
DRX744090	DRR764898	public	search_api
DRX744090	DRR764899	public	search_api
DRX744091	DRR764900	public	search_api
DRX744091	DRR764901	public	search_api
DRX744092	DRR764902	public	search_api
DRX744093	DRR764903	public	search_api
DRX744093	DRR764904	public	search_api
DRX744094	DRR764905	public	search_api
DRX744095	DRR764906	public	search_api
DRX744096	DRR764907	public	search_api
DRX744096	DRR764908	public	search_api
DRX744097	DRR764909	public	search_api
DRX744098	DRR764910	public	search_api
DRX744099	DRR764911	public	search_api
DRX744099	DRR764912	public	search_api
DRX744099	DRR764913	public	search_api
DRX744100	DRR764914	public	search_api
DRX744101	DRR764915	public	search_api
DRX744102	DRR764916	public	search_api
DRX744103	DRR764917	public	search_api
DRX744104	DRR764918	public	search_api
DRX744105	DRR764919	public	search_api
DRX744106	DRR764920	public	search_api
DRX744107	DRR764921	public	search_api
DRX744108	DRR764922	public	search_api
DRX744109	DRR764923	public	search_api
DRX744110	DRR764924	public	search_api
DRX744111	DRR764925	public	search_api
DRX744112	DRR764926	public	search_api
DRX744113	DRR764927	public	search_api
DRX744114	DRR764928	public	search_api
DRX744115	DRR764929	public	search_api
DRX744116	DRR764930	public	search_api
DRX744117	DRR764931	public	search_api
DRX744118	DRR764932	public	search_api
DRX744119	DRR764933	public	search_api
DRX744120	DRR764934	public	search_api
DRX744121	DRR764935	public	search_api
DRX744122	DRR764936	public	search_api
DRX744123	DRR764937	public	search_api
DRX744124	DRR764938	public	search_api
DRX744125	DRR764939	public	search_api
DRX744126	DRR764940	public	search_api
DRX744127	DRR764941	public	search_api
DRX744128	DRR764942	public	search_api
DRX744129	DRR764943	public	search_api
DRX744130	DRR764944	public	search_api
DRX744130	DRR764945	public	search_api
DRX744131	DRR764946	public	search_api
DRX744131	DRR764947	public	search_api
DRX744132	DRR764948	public	search_api
DRX744132	DRR764949	public	search_api
DRX744133	DRR764950	public	search_api
DRX744134	DRR764951	public	search_api
DRX744135	DRR764952	public	search_api
DRX744136	DRR764953	public	search_api
DRX744137	DRR764954	public	search_api
DRX744138	DRR764955	public	search_api
DRX744139	DRR764956	public	search_api
DRX744140	DRR764957	public	search_api
DRX744141	DRR764958	public	search_api
DRX744142	DRR764959	public	search_api
DRX744143	DRR764960	public	search_api
DRX744144	DRR764961	public	search_api
DRX744145	DRR764962	public	search_api
DRX744146	DRR764963	public	search_api
DRX744147	DRR764964	public	search_api
DRX744147	DRR764965	public	search_api
DRX744148	DRR764966	public	search_api
DRX744149	DRR764967	public	search_api
DRX744150	DRR764968	public	search_api
DRX744151	DRR764969	public	search_api
DRX744152	DRR764970	public	search_api
DRX744153	DRR764971	public	search_api
DRX744154	DRR764972	public	search_api
DRX744155	DRR764973	public	search_api
DRX744156	DRR764974	public	search_api
DRX744157	DRR764975	public	search_api
DRX744158	DRR764976	public	search_api
DRX744158	DRR764977	public	search_api
DRX744159	DRR764978	public	search_api
DRX744160	DRR764979	public	search_api
DRX744161	DRR764980	public	search_api
DRX744162	DRR764981	public	search_api
DRX744163	DRR764982	public	search_api
DRX744164	DRR764983	public	search_api
DRX744165	DRR764984	public	search_api
DRX744166	DRR764985	public	search_api
DRX744167	DRR764986	public	search_api
DRX744168	DRR764987	public	search_api
DRX744169	DRR764988	public	search_api
DRX744170	DRR764989	public	search_api
DRX744171	DRR764990	public	search_api
DRX744172	DRR764991	public	search_api
DRX744208	DRR765027	public	search_api
DRX744209	DRR765028	public	search_api
DRX744210	DRR765029	public	search_api
DRX744211	DRR765030	public	search_api
DRX744212	DRR765031	public	search_api
DRX744213	DRR765032	public	search_api
DRX744214	DRR765033	public	search_api
DRX744215	DRR765034	public	search_api
DRX744216	DRR765035	public	search_api
DRX744217	DRR765036	public	search_api
DRX744218	DRR765037	public	search_api
DRX744219	DRR765038	public	search_api
DRX744220	DRR765039	public	search_api
DRX744221	DRR765040	public	search_api
DRX744222	DRR765041	public	search_api
DRX744223	DRR765042	public	search_api
DRX744224	DRR765043	public	search_api
DRX744225	DRR765044	public	search_api
DRX744226	DRR765045	public	search_api
DRX744227	DRR765046	public	search_api
DRX744228	DRR765047	public	search_api
DRX744229	DRR765048	public	search_api
DRX744230	DRR765049	public	search_api
DRX744231	DRR765050	public	search_api
DRX744232	DRR765051	public	search_api
DRX744233	DRR765052	public	search_api
DRX744234	DRR765053	public	search_api
DRX744235	DRR765054	public	search_api
DRX744236	DRR765055	public	search_api
DRX744237	DRR765056	public	search_api
DRX744238	DRR765057	public	search_api
DRX744239	DRR765058	public	search_api
DRX744240	DRR765059	public	search_api
DRX744241	DRR765060	public	search_api
DRX744242	DRR765061	public	search_api
DRX744243	DRR765062	public	search_api
DRX744244	DRR765063	public	search_api
DRX744245	DRR765064	public	search_api
DRX744246	DRR765065	public	search_api
DRX744247	DRR765066	public	search_api
DRX744248	DRR765067	public	search_api
DRX744249	DRR765068	public	search_api
DRX744250	DRR765069	public	search_api
DRX744251	DRR765070	public	search_api
DRX744267	DRR765086	public	search_api
DRX744268	DRR765087	public	search_api
DRX744269	DRR765088	public	search_api
DRX744270	DRR765089	public	search_api
DRX744271	DRR765090	public	search_api
DRX744272	DRR765091	public	search_api
DRX744273	DRR765092	public	search_api
DRX744274	DRR765093	public	search_api
DRX744275	DRR765094	public	search_api
DRX744276	DRR765095	public	search_api
DRX744277	DRR765096	public	search_api
DRX744278	DRR765097	public	search_api
DRX744281	DRR765100	public	search_api
DRX744282	DRR765101	public	search_api
DRX744283	DRR765102	public	search_api
DRX744284	DRR765103	public	search_api
DRX744285	DRR765104	public	search_api
DRX744286	DRR765105	public	search_api
DRX744287	DRR765106	public	search_api
DRX744288	DRR765107	public	search_api
DRX744289	DRR765108	public	search_api
DRX744290	DRR765109	public	search_api
DRX744291	DRR765110	public	search_api
DRX744292	DRR765111	public	search_api
DRX744293	DRR765112	public	search_api
DRX744294	DRR765113	public	search_api
DRX744295	DRR765114	public	search_api
DRX744296	DRR765115	public	search_api
DRX744297	DRR765116	public	search_api
DRX744298	DRR765117	public	search_api
DRX744299	DRR765118	public	search_api
DRX744300	DRR765119	public	search_api
DRX744301	DRR765120	public	search_api
DRX744302	DRR765121	public	search_api
DRX744303	DRR765122	public	search_api
DRX744304	DRR765123	public	search_api
DRX744305	DRR765124	public	search_api
DRX744306	DRR765125	public	search_api
DRX744307	DRR765126	public	search_api
DRX744308	DRR765127	public	search_api
DRX744309	DRR765128	public	search_api
DRX744310	DRR765129	public	search_api
DRX744311	DRR765130	public	search_api
DRX744312	DRR765131	public	search_api
DRX744313	DRR765132	public	search_api
DRX744314	DRR765133	public	search_api
DRX744315	DRR765134	public	search_api
DRX744316	DRR765135	public	search_api
DRX744317	DRR765136	public	search_api
DRX744318	DRR765137	public	search_api
DRX744319	DRR765138	public	search_api
DRX744320	DRR765139	public	search_api
DRX744321	DRR765140	public	search_api
DRX744322	DRR765141	public	search_api
DRX744323	DRR765142	public	search_api
DRX744324	DRR765143	public	search_api
DRX744325	DRR765144	public	search_api
DRX744326	DRR765145	public	search_api
DRX744327	DRR765146	public	search_api
DRX744328	DRR765147	public	search_api
DRX744329	DRR765148	public	search_api
DRX744330	DRR765149	public	search_api
DRX744331	DRR765150	public	search_api
DRX744332	DRR765151	public	search_api
DRX744333	DRR765152	public	search_api
DRX744334	DRR765153	public	search_api
DRX744335	DRR765154	public	search_api
DRX744336	DRR765155	public	search_api
DRX744337	DRR765156	public	search_api
DRX744338	DRR765157	public	search_api
DRX744339	DRR765158	public	search_api
DRX744340	DRR765159	public	search_api
DRX744341	DRR765160	public	search_api
DRX744342	DRR765161	public	search_api
DRX744343	DRR765162	public	search_api
DRX744344	DRR765163	public	search_api
DRX744345	DRR765164	public	search_api
DRX744346	DRR765165	public	search_api
DRX744347	DRR765166	public	search_api
DRX744348	DRR765167	public	search_api
DRX744349	DRR765168	public	search_api
DRX744350	DRR765169	public	search_api
DRX744351	DRR765170	public	search_api
DRX744352	DRR765171	public	search_api
DRX744353	DRR765172	public	search_api
DRX744354	DRR765173	public	search_api
DRX744355	DRR765174	public	search_api
DRX744356	DRR765175	public	search_api
DRX744357	DRR765176	public	search_api
DRX744358	DRR765177	public	search_api
DRX744359	DRR765178	public	search_api
DRX744360	DRR765179	public	search_api
DRX744361	DRR765180	public	search_api
DRX744362	DRR765181	public	search_api
DRX744363	DRR765182	public	search_api
DRX744364	DRR765183	public	search_api
DRX744365	DRR765184	public	search_api
DRX744366	DRR765185	public	search_api
DRX744367	DRR765186	public	search_api
DRX744368	DRR765187	public	search_api
DRX744369	DRR765188	public	search_api
DRX744370	DRR765189	public	search_api
DRX744371	DRR765190	public	search_api
DRX744372	DRR765191	public	search_api
DRX744373	DRR765192	public	search_api
DRX744374	DRR765193	public	search_api
DRX744375	DRR765194	public	search_api
DRX744376	DRR765195	public	search_api
DRX744377	DRR765196	public	search_api
DRX744378	DRR765197	public	search_api
DRX744379	DRR765198	public	search_api
DRX744380	DRR765199	public	search_api
DRX744381	DRR765200	public	search_api
DRX744382	DRR765201	public	search_api
DRX744383	DRR765202	public	search_api
DRX744384	DRR765203	public	search_api
DRX744385	DRR765204	public	search_api
DRX744386	DRR765205	public	search_api
DRX744387	DRR765206	public	search_api
DRX744388	DRR765207	public	search_api
DRX744389	DRR765208	public	search_api
DRX744390	DRR765209	public	search_api
DRX744391	DRR765210	public	search_api
DRX744392	DRR765211	public	search_api
DRX744393	DRR765212	public	search_api
DRX744394	DRR765213	public	search_api
DRX744395	DRR765214	public	search_api
DRX744396	DRR765215	public	search_api
DRX744397	DRR765216	public	search_api
DRX744398	DRR765217	public	search_api
DRX744399	DRR765218	public	search_api
DRX744400	DRR765219	public	search_api
DRX744401	DRR765220	public	search_api
DRX744402	DRR765221	public	search_api
DRX744403	DRR765222	public	search_api
DRX744404	DRR765223	public	search_api
DRX744405	DRR765224	public	search_api
DRX744406	DRR765225	public	search_api
DRX744407	DRR765226	public	search_api
DRX744408	DRR765227	public	search_api
DRX744409	DRR765228	public	search_api
DRX744410	DRR765229	public	search_api
DRX744411	DRR765230	public	search_api
DRX744412	DRR765231	public	search_api
DRX744413	DRR765232	public	search_api
DRX744414	DRR765233	public	search_api
DRX744415	DRR765234	public	search_api
DRX744416	DRR765235	public	search_api
DRX744417	DRR765236	public	search_api
DRX744418	DRR765237	public	search_api
DRX744419	DRR765238	public	search_api
DRX744420	DRR765239	public	search_api
DRX744421	DRR765240	public	search_api
DRX744422	DRR765241	public	search_api
DRX744423	DRR765242	public	search_api
DRX744424	DRR765243	public	search_api
DRX744425	DRR765244	public	search_api
DRX744426	DRR765245	public	search_api
DRX744427	DRR765246	public	search_api
DRX744428	DRR765247	public	search_api
DRX744429	DRR765248	public	search_api
DRX744430	DRR765249	public	search_api
DRX744431	DRR765250	public	search_api
DRX744432	DRR765251	public	search_api
DRX744433	DRR765252	public	search_api
DRX744434	DRR765253	public	search_api
DRX744435	DRR765254	public	search_api
DRX744436	DRR765255	public	search_api
DRX744437	DRR765256	public	search_api
DRX744438	DRR765257	public	search_api
DRX744439	DRR765258	public	search_api
DRX744440	DRR765259	public	search_api
DRX744441	DRR765260	public	search_api
DRX744442	DRR765261	public	search_api
DRX744443	DRR765262	public	search_api
DRX744444	DRR765263	public	search_api
DRX744445	DRR765264	public	search_api
DRX744446	DRR765265	public	search_api
DRX744447	DRR765266	public	search_api
DRX744448	DRR765267	public	search_api
DRX744449	DRR765268	public	search_api
DRX744450	DRR765269	public	search_api
DRX744451	DRR765270	public	search_api
DRX744452	DRR765271	public	search_api
DRX744453	DRR765272	public	search_api
DRX744454	DRR765273	public	search_api
DRX744455	DRR765274	public	search_api
DRX744456	DRR765275	public	search_api
DRX744457	DRR765276	public	search_api
DRX744458	DRR765277	public	search_api
DRX744459	DRR765278	public	search_api
DRX744460	DRR765279	public	search_api
DRX744461	DRR765280	public	search_api
DRX744462	DRR765281	public	search_api
DRX744463	DRR765282	public	search_api
DRX744464	DRR765283	public	search_api
DRX744465	DRR765284	public	search_api
DRX744466	DRR765285	public	search_api
DRX744467	DRR765286	public	search_api
DRX744468	DRR765287	public	search_api
DRX744469	DRR765288	public	search_api
DRX744470	DRR765289	public	search_api
DRX744471	DRR765290	public	search_api
DRX744472	DRR765291	public	search_api
DRX744473	DRR765292	public	search_api
DRX744474	DRR765293	public	search_api
DRX744475	DRR765294	public	search_api
DRX744476	DRR765295	public	search_api
DRX744477	DRR765296	public	search_api
DRX744478	DRR765297	public	search_api
DRX744479	DRR765298	public	search_api
DRX744480	DRR765299	public	search_api
DRX744481	DRR765300	public	search_api
DRX744482	DRR765301	public	search_api
DRX744483	DRR765302	public	search_api
DRX744484	DRR765303	public	search_api
DRX744485	DRR765304	public	search_api
DRX744486	DRR765305	public	search_api
DRX744487	DRR765306	public	search_api
DRX744488	DRR765307	public	search_api
DRX744489	DRR765308	public	search_api
DRX744490	DRR765309	public	search_api
DRX744491	DRR765310	public	search_api
DRX744492	DRR765311	public	search_api
DRX744493	DRR765312	public	search_api
DRX744494	DRR765313	public	search_api
DRX744495	DRR765314	public	search_api
DRX744496	DRR765315	public	search_api
DRX744497	DRR765316	public	search_api
DRX744498	DRR765317	public	search_api
DRX744499	DRR765318	public	search_api
DRX744500	DRR765319	public	search_api
DRX744501	DRR765320	public	search_api
DRX744502	DRR765321	public	search_api
DRX744503	DRR765322	public	search_api
DRX744504	DRR765323	public	search_api
DRX744505	DRR765324	public	search_api
DRX744506	DRR765325	public	search_api
DRX744507	DRR765326	public	search_api
DRX744508	DRR765327	public	search_api
DRX744509	DRR765328	public	search_api
DRX744510	DRR765329	public	search_api
DRX744511	DRR765330	public	search_api
DRX744512	DRR765331	public	search_api
DRX744513	DRR765332	public	search_api
DRX744514	DRR765333	public	search_api
DRX744515	DRR765334	public	search_api
DRX744516	DRR765335	public	search_api
DRX744517	DRR765336	public	search_api
DRX744518	DRR765337	public	search_api
DRX744519	DRR765338	public	search_api
DRX744520	DRR765339	public	search_api
DRX744521	DRR765340	public	search_api
DRX744522	DRR765341	public	search_api
DRX744523	DRR765342	public	search_api
DRX744524	DRR765343	public	search_api
DRX744525	DRR765344	public	search_api
DRX744526	DRR765345	public	search_api
DRX744527	DRR765346	public	search_api
DRX744528	DRR765347	public	search_api
DRX744529	DRR765348	public	search_api
DRX744530	DRR765349	public	search_api
DRX744531	DRR765350	public	search_api
DRX744532	DRR765351	public	search_api
DRX744533	DRR765352	public	search_api
DRX744534	DRR765353	public	search_api
DRX744535	DRR765354	public	search_api
DRX744536	DRR765355	public	search_api
DRX744537	DRR765356	public	search_api
DRX744538	DRR765357	public	search_api
DRX744539	DRR765358	public	search_api
DRX744540	DRR765359	public	search_api
DRX744541	DRR765360	public	search_api
DRX744542	DRR765361	public	search_api
DRX744543	DRR765362	public	search_api
DRX744544	DRR765363	public	search_api
DRX744545	DRR765364	public	search_api
DRX744546	DRR765365	public	search_api
DRX744547	DRR765366	public	search_api
DRX744548	DRR765367	public	search_api
DRX744549	DRR765368	public	search_api
DRX744550	DRR765369	public	search_api
DRX744551	DRR765370	public	search_api
DRX744552	DRR765371	public	search_api
DRX744553	DRR765372	public	search_api
DRX744554	DRR765373	public	search_api
DRX744555	DRR765374	public	search_api
DRX744556	DRR765375	public	search_api
DRX744557	DRR765376	public	search_api
DRX744558	DRR765377	public	search_api
DRX744559	DRR765378	public	search_api
DRX744560	DRR765379	public	search_api
DRX744561	DRR765380	public	search_api
DRX744562	DRR765381	public	search_api
DRX744563	DRR765382	public	search_api
DRX744564	DRR765383	public	search_api
DRX744565	DRR765384	public	search_api
DRX744566	DRR765385	public	search_api
DRX744567	DRR765386	public	search_api
DRX744568	DRR765387	public	search_api
DRX744569	DRR765388	public	search_api
DRX744570	DRR765389	public	search_api
DRX744571	DRR765390	public	search_api
DRX744572	DRR765391	public	search_api
DRX744573	DRR765392	public	search_api
DRX744574	DRR765393	public	search_api
DRX744575	DRR765394	public	search_api
DRX744576	DRR765395	public	search_api
DRX744577	DRR765396	public	search_api
DRX744578	DRR765397	public	search_api
DRX744579	DRR765398	public	search_api
DRX744580	DRR765399	public	search_api
DRX744581	DRR765400	public	search_api
DRX744582	DRR765401	public	search_api
DRX744583	DRR765402	public	search_api
DRX744584	DRR765403	public	search_api
DRX744585	DRR765404	public	search_api
DRX744586	DRR765405	public	search_api
DRX744587	DRR765406	public	search_api
DRX744588	DRR765407	public	search_api
DRX744589	DRR765408	public	search_api
DRX744590	DRR765409	public	search_api
DRX744591	DRR765410	public	search_api
DRX744592	DRR765411	public	search_api
DRX744593	DRR765412	public	search_api
DRX744594	DRR765413	public	search_api
DRX744595	DRR765414	public	search_api
DRX744596	DRR765415	public	search_api
DRX744597	DRR765416	public	search_api
DRX744598	DRR765417	public	search_api
DRX744599	DRR765418	public	search_api
DRX744600	DRR765419	public	search_api
DRX744601	DRR765420	public	search_api
DRX744602	DRR765421	public	search_api
DRX744603	DRR765422	public	search_api
DRX744604	DRR765423	public	search_api
DRX744605	DRR765424	public	search_api
DRX744606	DRR765425	public	search_api
DRX744607	DRR765426	public	search_api
DRX744608	DRR765427	public	search_api
DRX744609	DRR765428	public	search_api
DRX744610	DRR765429	public	search_api
DRX744611	DRR765430	public	search_api
DRX744612	DRR765431	public	search_api
DRX744613	DRR765432	public	search_api
DRX744614	DRR765433	public	search_api
DRX744615	DRR765434	public	search_api
DRX744616	DRR765435	public	search_api
DRX744617	DRR765436	public	search_api
DRX744618	DRR765437	public	search_api
DRX744619	DRR765438	public	search_api
DRX744620	DRR765439	public	search_api
DRX744621	DRR765440	public	search_api
DRX744622	DRR765441	public	search_api
DRX744623	DRR765442	public	search_api
DRX744624	DRR765443	public	search_api
DRX744625	DRR765444	public	search_api
DRX744626	DRR765445	public	search_api
DRX744627	DRR765446	public	search_api
DRX744628	DRR765447	public	search_api
DRX744629	DRR765448	public	search_api
DRX744630	DRR765449	public	search_api
DRX744631	DRR765450	public	search_api
DRX744632	DRR765451	public	search_api
DRX744633	DRR765452	public	search_api
DRX744634	DRR765453	public	search_api
DRX744635	DRR765454	public	search_api
DRX744636	DRR765455	public	search_api
DRX744637	DRR765456	public	search_api
DRX744638	DRR765457	public	search_api
DRX744639	DRR765458	public	search_api
DRX744640	DRR765459	public	search_api
DRX744641	DRR765460	public	search_api
DRX744642	DRR765461	public	search_api
DRX744643	DRR765462	public	search_api
DRX744644	DRR765463	public	search_api
DRX744645	DRR765464	public	search_api
DRX744646	DRR765465	public	search_api
DRX744647	DRR765466	public	search_api
DRX744648	DRR765467	public	search_api
DRX744649	DRR765468	public	search_api
DRX744650	DRR765469	public	search_api
DRX744651	DRR765470	public	search_api
DRX744652	DRR765471	public	search_api
DRX744653	DRR765472	public	search_api
DRX744654	DRR765473	public	search_api
DRX744655	DRR765474	public	search_api
DRX744656	DRR765475	public	search_api
DRX744657	DRR765476	public	search_api
DRX744658	DRR765477	public	search_api
DRX744659	DRR765478	public	search_api
DRX744660	DRR765479	public	search_api
DRX744661	DRR765480	public	search_api
DRX744662	DRR765481	public	search_api
DRX744663	DRR765482	public	search_api
DRX744664	DRR765483	public	search_api
DRX744665	DRR765484	public	search_api
DRX744666	DRR765485	public	search_api
DRX744667	DRR765486	public	search_api
DRX744668	DRR765487	public	search_api
DRX744669	DRR765488	public	search_api
DRX744670	DRR765489	public	search_api
DRX744671	DRR765490	public	search_api
DRX744672	DRR765491	public	search_api
DRX744673	DRR765492	public	search_api
DRX744674	DRR765493	public	search_api
DRX744675	DRR765494	public	search_api
DRX744676	DRR765495	public	search_api
DRX744677	DRR765496	public	search_api
DRX744678	DRR765497	public	search_api
DRX744679	DRR765498	public	search_api
DRX744680	DRR765499	public	search_api
DRX744681	DRR765500	public	search_api
DRX744682	DRR765501	public	search_api
DRX744683	DRR765502	public	search_api
DRX744684	DRR765503	public	search_api
DRX744685	DRR765504	public	search_api
DRX744686	DRR765505	public	search_api
DRX744687	DRR765506	public	search_api
DRX744688	DRR765507	public	search_api
DRX744689	DRR765508	public	search_api
DRX744690	DRR765509	public	search_api
DRX744691	DRR765510	public	search_api
DRX744692	DRR765511	public	search_api
DRX744693	DRR765512	public	search_api
DRX744694	DRR765513	public	search_api
DRX744695	DRR765514	public	search_api
DRX744696	DRR765515	public	search_api
DRX744697	DRR765516	public	search_api
DRX744698	DRR765517	public	search_api
DRX744699	DRR765518	public	search_api
DRX744700	DRR765519	public	search_api
DRX744701	DRR765520	public	search_api
DRX744702	DRR765521	public	search_api
DRX744703	DRR765522	public	search_api
DRX744704	DRR765523	public	search_api
DRX744705	DRR765524	public	search_api
DRX744706	DRR765525	public	search_api
DRX744707	DRR765526	public	search_api
DRX744708	DRR765527	public	search_api
DRX744709	DRR765528	public	search_api
DRX744710	DRR765529	public	search_api
DRX744711	DRR765530	public	search_api
DRX744712	DRR765531	public	search_api
DRX744713	DRR765532	public	search_api
DRX744714	DRR765533	public	search_api
DRX744715	DRR765534	public	search_api
DRX744716	DRR765535	public	search_api
DRX744717	DRR765536	public	search_api
DRX744718	DRR765537	public	search_api
DRX744719	DRR765538	public	search_api
DRX744720	DRR765539	public	search_api
DRX744721	DRR765540	public	search_api
DRX744722	DRR765541	public	search_api
DRX744723	DRR765542	public	search_api
DRX744724	DRR765543	public	search_api
DRX744725	DRR765544	public	search_api
DRX744726	DRR765545	public	search_api
DRX744727	DRR765546	public	search_api
DRX744728	DRR765547	public	search_api
DRX744729	DRR765548	public	search_api
DRX744730	DRR765549	public	search_api
DRX744731	DRR765550	public	search_api
DRX744732	DRR765551	public	search_api
DRX744733	DRR765552	public	search_api
DRX744734	DRR765553	public	search_api
DRX744735	DRR765554	public	search_api
DRX744736	DRR765555	public	search_api
DRX744737	DRR765556	public	search_api
DRX744738	DRR765557	public	search_api
DRX744739	DRR765558	public	search_api
DRX744740	DRR765559	public	search_api
DRX744741	DRR765560	public	search_api
DRX744742	DRR765561	public	search_api
DRX744743	DRR765562	public	search_api
DRX744744	DRR765563	public	search_api
DRX744745	DRR765564	public	search_api
DRX744746	DRR765565	public	search_api
DRX744747	DRR765566	public	search_api
DRX744748	DRR765567	public	search_api
DRX744749	DRR765568	public	search_api
DRX744750	DRR765569	public	search_api
DRX744751	DRR765570	public	search_api
DRX744752	DRR765571	public	search_api
DRX744753	DRR765572	public	search_api
DRX744754	DRR765573	public	search_api
DRX744755	DRR765574	public	search_api
DRX744756	DRR765575	public	search_api
DRX744757	DRR765576	public	search_api
DRX744758	DRR765577	public	search_api
DRX744759	DRR765578	public	search_api
DRX744760	DRR765579	public	search_api
DRX744761	DRR765580	public	search_api
DRX744762	DRR765581	public	search_api
DRX744763	DRR765582	public	search_api
DRX744764	DRR765583	public	search_api
DRX744765	DRR765584	public	search_api
DRX744766	DRR765585	public	search_api
DRX744767	DRR765586	public	search_api
DRX744768	DRR765587	public	search_api
DRX744769	DRR765588	public	search_api
DRX744770	DRR765589	public	search_api
DRX744771	DRR765590	public	search_api
DRX744772	DRR765591	public	search_api
DRX744773	DRR765592	public	search_api
DRX744774	DRR765593	public	search_api
DRX744775	DRR765594	public	search_api
DRX744776	DRR765595	public	search_api
DRX744777	DRR765596	public	search_api
DRX744778	DRR765597	public	search_api
DRX744779	DRR765598	public	search_api
DRX744780	DRR765599	public	search_api
DRX744781	DRR765600	public	search_api
DRX744782	DRR765601	public	search_api
DRX744783	DRR765602	public	search_api
DRX744784	DRR765603	public	search_api
DRX744785	DRR765604	public	search_api
DRX744786	DRR765605	public	search_api
DRX744787	DRR765606	public	search_api
DRX744788	DRR765607	public	search_api
DRX744789	DRR765608	public	search_api
DRX744790	DRR765609	public	search_api
DRX744791	DRR765610	public	search_api
DRX744792	DRR765611	public	search_api
DRX744793	DRR765612	public	search_api
DRX744794	DRR765613	public	search_api
DRX744795	DRR765614	public	search_api
DRX744796	DRR765615	public	search_api
DRX744797	DRR765616	public	search_api
DRX744798	DRR765617	public	search_api
DRX744799	DRR765618	public	search_api
DRX744800	DRR765619	public	search_api
DRX744801	DRR765620	public	search_api
DRX744802	DRR765621	public	search_api
DRX744803	DRR765622	public	search_api
DRX744804	DRR765623	public	search_api
DRX744805	DRR765624	public	search_api
DRX744806	DRR765625	public	search_api
DRX744807	DRR765626	public	search_api
DRX744808	DRR765627	public	search_api
DRX744809	DRR765628	public	search_api
DRX744810	DRR765629	public	search_api
DRX744811	DRR765630	public	search_api
DRX744812	DRR765631	public	search_api
DRX744813	DRR765632	public	search_api
DRX744814	DRR765633	public	search_api
DRX744815	DRR765634	public	search_api
DRX744816	DRR765635	public	search_api
DRX744817	DRR765636	public	search_api
DRX744818	DRR765637	public	search_api
DRX744819	DRR765638	public	search_api
DRX744820	DRR765639	public	search_api
DRX744821	DRR765640	public	search_api
DRX744822	DRR765641	public	search_api
DRX744823	DRR765642	public	search_api
DRX744824	DRR765643	public	search_api
DRX744825	DRR765644	public	search_api
DRX744826	DRR765645	public	search_api
DRX744827	DRR765646	public	search_api
DRX744828	DRR765647	public	search_api
DRX744829	DRR765648	public	search_api
DRX744830	DRR765649	public	search_api
DRX744831	DRR765650	public	search_api
DRX744832	DRR765651	public	search_api
DRX744833	DRR765652	public	search_api
DRX744834	DRR765653	public	search_api
DRX744835	DRR765654	public	search_api
DRX744836	DRR765655	public	search_api
DRX744837	DRR765656	public	search_api
DRX744838	DRR765657	public	search_api
DRX744839	DRR765658	public	search_api
DRX744840	DRR765659	public	search_api
DRX744841	DRR765660	public	search_api
DRX744842	DRR765661	public	search_api
DRX744843	DRR765662	public	search_api
DRX744844	DRR765663	public	search_api
DRX744845	DRR765664	public	search_api
DRX744846	DRR765665	public	search_api
DRX744847	DRR765666	public	search_api
DRX744848	DRR765667	public	search_api
DRX744849	DRR765668	public	search_api
DRX744850	DRR765669	public	search_api
DRX744851	DRR765670	public	search_api
DRX744852	DRR765671	public	search_api
DRX744853	DRR765672	public	search_api
DRX744854	DRR765673	public	search_api
DRX744855	DRR765674	public	search_api
DRX744856	DRR765675	public	search_api
DRX744857	DRR765676	public	search_api
DRX744858	DRR765677	public	search_api
DRX744859	DRR765678	public	search_api
DRX744860	DRR765679	public	search_api
DRX744861	DRR765680	public	search_api
DRX744862	DRR765681	public	search_api
DRX744863	DRR765682	public	search_api
DRX744864	DRR765683	public	search_api
DRX744865	DRR765684	public	search_api
DRX744866	DRR765685	public	search_api
DRX744867	DRR765686	public	search_api
DRX744868	DRR765687	public	search_api
DRX744869	DRR765688	public	search_api
DRX744870	DRR765689	public	search_api
DRX744871	DRR765690	public	search_api
DRX744872	DRR765691	public	search_api
DRX744873	DRR765692	public	search_api
DRX744874	DRR765693	public	search_api
DRX744875	DRR765694	public	search_api
DRX744876	DRR765695	public	search_api
DRX744877	DRR765696	public	search_api
DRX744878	DRR765697	public	search_api
DRX744879	DRR765698	public	search_api
DRX744880	DRR765699	public	search_api
DRX744881	DRR765700	public	search_api
DRX744882	DRR765701	public	search_api
DRX744883	DRR765702	public	search_api
DRX744884	DRR765703	public	search_api
DRX744885	DRR765704	public	search_api
DRX744886	DRR765705	public	search_api
DRX744887	DRR765706	public	search_api
DRX744888	DRR765707	public	search_api
DRX744889	DRR765708	public	search_api
DRX744890	DRR765709	public	search_api
DRX744891	DRR765710	public	search_api
DRX744892	DRR765711	public	search_api
DRX744893	DRR765712	public	search_api
DRX744894	DRR765713	public	search_api
DRX744895	DRR765714	public	search_api
DRX744896	DRR765715	public	search_api
DRX744897	DRR765716	public	search_api
DRX744898	DRR765717	public	search_api
DRX744899	DRR765718	public	search_api
DRX744900	DRR765719	public	search_api
DRX744901	DRR765720	public	search_api
DRX744902	DRR765721	public	search_api
DRX744903	DRR765722	public	search_api
DRX744904	DRR765723	public	search_api
DRX744905	DRR765724	public	search_api
DRX744906	DRR765725	public	search_api
DRX744907	DRR765726	public	search_api
DRX744908	DRR765727	public	search_api
DRX744909	DRR765728	public	search_api
DRX744910	DRR765729	public	search_api
DRX744911	DRR765730	public	search_api
DRX744912	DRR765731	public	search_api
DRX744913	DRR765732	public	search_api
DRX744914	DRR765733	public	search_api
DRX744915	DRR765734	public	search_api
DRX744916	DRR765735	public	search_api
DRX744917	DRR765736	public	search_api
DRX744918	DRR765737	public	search_api
DRX744919	DRR765738	public	search_api
DRX744920	DRR765739	public	search_api
DRX744921	DRR765740	public	search_api
DRX744922	DRR765741	public	search_api
DRX744923	DRR765742	public	search_api
DRX744924	DRR765743	public	search_api
DRX744925	DRR765744	public	search_api
DRX744926	DRR765745	public	search_api
DRX744927	DRR765746	public	search_api
DRX744928	DRR765747	public	search_api
DRX744929	DRR765748	public	search_api
DRX744930	DRR765749	public	search_api
DRX744931	DRR765750	public	search_api
DRX744932	DRR765751	public	search_api
DRX744933	DRR765752	public	search_api
DRX744934	DRR765753	public	search_api
DRX744935	DRR765754	public	search_api
DRX744936	DRR765755	public	search_api
DRX744937	DRR765756	public	search_api
DRX744938	DRR765757	public	search_api
DRX744939	DRR765758	public	search_api
DRX744940	DRR765759	public	search_api
DRX744941	DRR765760	public	search_api
DRX744942	DRR765761	public	search_api
DRX744943	DRR765762	public	search_api
DRX744944	DRR765763	public	search_api
DRX744945	DRR765764	public	search_api
DRX744946	DRR765765	public	search_api
DRX744947	DRR765766	public	search_api
DRX744948	DRR765767	public	search_api
DRX744949	DRR765768	public	search_api
DRX744950	DRR765769	public	search_api
DRX744951	DRR765770	public	search_api
DRX744952	DRR765771	public	search_api
DRX744953	DRR765772	public	search_api
DRX744954	DRR765773	public	search_api
DRX744955	DRR765774	public	search_api
DRX744956	DRR765775	public	search_api
DRX744957	DRR765776	public	search_api
DRX744958	DRR765777	public	search_api
DRX744959	DRR765778	public	search_api
DRX744960	DRR765779	public	search_api
DRX744961	DRR765780	public	search_api
DRX744962	DRR765781	public	search_api
DRX744963	DRR765782	public	search_api
DRX744964	DRR765783	public	search_api
DRX744965	DRR765784	public	search_api
DRX744966	DRR765785	public	search_api
DRX744967	DRR765786	public	search_api
DRX744968	DRR765787	public	search_api
DRX744969	DRR765788	public	search_api
DRX744970	DRR765789	public	search_api
DRX744971	DRR765790	public	search_api
DRX744972	DRR765791	public	search_api
DRX744973	DRR765792	public	search_api
DRX744974	DRR765793	public	search_api
DRX744975	DRR765794	public	search_api
DRX744976	DRR765795	public	search_api
DRX744977	DRR765796	public	search_api
DRX744978	DRR765797	public	search_api
DRX744979	DRR765798	public	search_api
DRX744980	DRR765799	public	search_api
DRX744981	DRR765800	public	search_api
DRX744982	DRR765801	public	search_api
DRX744983	DRR765802	public	search_api
DRX744984	DRR765803	public	search_api
DRX744985	DRR765804	public	search_api
DRX744986	DRR765805	public	search_api
DRX744987	DRR765806	public	search_api
DRX744988	DRR765807	public	search_api
DRX744989	DRR765808	public	search_api
DRX744990	DRR765809	public	search_api
DRX744991	DRR765810	public	search_api
DRX744992	DRR765811	public	search_api
DRX744993	DRR765812	public	search_api
DRX744994	DRR765813	public	search_api
DRX744995	DRR765814	public	search_api
DRX744996	DRR765815	public	search_api
DRX744997	DRR765816	public	search_api
DRX744998	DRR765817	public	search_api
DRX744999	DRR765818	public	search_api
DRX745000	DRR765819	public	search_api
DRX745001	DRR765820	public	search_api
DRX745002	DRR765821	public	search_api
DRX745003	DRR765822	public	search_api
DRX745004	DRR765823	public	search_api
DRX745005	DRR765824	public	search_api
DRX745006	DRR765825	public	search_api
DRX745007	DRR765826	public	search_api
DRX745008	DRR765827	public	search_api
DRX745009	DRR765828	public	search_api
DRX745010	DRR765829	public	search_api
DRX745011	DRR765830	public	search_api
DRX745012	DRR765831	public	search_api
DRX745013	DRR765832	public	search_api
DRX745014	DRR765833	public	search_api
DRX745015	DRR765834	public	search_api
DRX745016	DRR765835	public	search_api
DRX745017	DRR765836	public	search_api
DRX745018	DRR765837	public	search_api
DRX745019	DRR765838	public	search_api
DRX745020	DRR765839	public	search_api
DRX745021	DRR765840	public	search_api
DRX745022	DRR765841	public	search_api
DRX745023	DRR765842	public	search_api
DRX745024	DRR765843	public	search_api
DRX745025	DRR765844	public	search_api
DRX745026	DRR765845	public	search_api
DRX745027	DRR765846	public	search_api
DRX745028	DRR765847	public	search_api
DRX745029	DRR765848	public	search_api
DRX745030	DRR765849	public	search_api
DRX745031	DRR765850	public	search_api
DRX745032	DRR765851	public	search_api
DRX745033	DRR765852	public	search_api
DRX745034	DRR765853	public	search_api
DRX745035	DRR765854	public	search_api
DRX745036	DRR765855	public	search_api
DRX745037	DRR765856	public	search_api
DRX745038	DRR765857	public	search_api
DRX745039	DRR765858	public	search_api
DRX745040	DRR765859	public	search_api
DRX745041	DRR765860	public	search_api
DRX745042	DRR765861	public	search_api
DRX745043	DRR765862	public	search_api
DRX745044	DRR765863	public	search_api
DRX745045	DRR765864	public	search_api
DRX745046	DRR765865	public	search_api
DRX745047	DRR765866	public	search_api
DRX745048	DRR765867	public	search_api
DRX745049	DRR765868	public	search_api
DRX745050	DRR765869	public	search_api
DRX745051	DRR765870	public	search_api
DRX745052	DRR765871	public	search_api
DRX745053	DRR765872	public	search_api
DRX745054	DRR765873	public	search_api
DRX745055	DRR765874	public	search_api
DRX745056	DRR765875	public	search_api
DRX745057	DRR765876	public	search_api
DRX745058	DRR765877	public	search_api
DRX745059	DRR765878	public	search_api
DRX745060	DRR765879	public	search_api
DRX745061	DRR765880	public	search_api
DRX745062	DRR765881	public	search_api
DRX745063	DRR765882	public	search_api
DRX745064	DRR765883	public	search_api
DRX745065	DRR765884	public	search_api
DRX745066	DRR765885	public	search_api
DRX745067	DRR765886	public	search_api
DRX745068	DRR765887	public	search_api
DRX745069	DRR765888	public	search_api
DRX745070	DRR765889	public	search_api
DRX745071	DRR765890	public	search_api
DRX745072	DRR765891	public	search_api
DRX745073	DRR765892	public	search_api
DRX745074	DRR765893	public	search_api
DRX745075	DRR765894	public	search_api
DRX745076	DRR765895	public	search_api
DRX745077	DRR765896	public	search_api
DRX745078	DRR765897	public	search_api
DRX745079	DRR765898	public	search_api
DRX745080	DRR765899	public	search_api
DRX745081	DRR765900	public	search_api
DRX745082	DRR765901	public	search_api
DRX745083	DRR765902	public	search_api
DRX745084	DRR765903	public	search_api
DRX745085	DRR765904	public	search_api
DRX745086	DRR765905	public	search_api
DRX745087	DRR765906	public	search_api
DRX745088	DRR765907	public	search_api
DRX745089	DRR765908	public	search_api
DRX745090	DRR765909	public	search_api
DRX745091	DRR765910	public	search_api
DRX745092	DRR765911	public	search_api
DRX745093	DRR765912	public	search_api
DRX745094	DRR765913	public	search_api
DRX745095	DRR765914	public	search_api
DRX745096	DRR765915	public	search_api
DRX745097	DRR765916	public	search_api
DRX745098	DRR765917	public	search_api
DRX745099	DRR765918	public	search_api
DRX745100	DRR765919	public	search_api
DRX745101	DRR765920	public	search_api
DRX745102	DRR765921	public	search_api
DRX745103	DRR765922	public	search_api
DRX745104	DRR765923	public	search_api
DRX745105	DRR765924	public	search_api
DRX745106	DRR765925	public	search_api
DRX745107	DRR765926	public	search_api
DRX745108	DRR765927	public	search_api
DRX745109	DRR765928	public	search_api
DRX745110	DRR765929	public	search_api
DRX745111	DRR765930	public	search_api
DRX745112	DRR765931	public	search_api
DRX745113	DRR765932	public	search_api
DRX745114	DRR765933	public	search_api
DRX745115	DRR765934	public	search_api
DRX745116	DRR765935	public	search_api
DRX745117	DRR765936	public	search_api
DRX745118	DRR765937	public	search_api
DRX745119	DRR765938	public	search_api
DRX745120	DRR765939	public	search_api
DRX745121	DRR765940	public	search_api
DRX745122	DRR765941	public	search_api
DRX745123	DRR765942	public	search_api
DRX745124	DRR765943	public	search_api
DRX745125	DRR765944	public	search_api
DRX745126	DRR765945	public	search_api
DRX745127	DRR765946	public	search_api
DRX745128	DRR765947	public	search_api
DRX745129	DRR765948	public	search_api
DRX745130	DRR765949	public	search_api
DRX745131	DRR765950	public	search_api
DRX745132	DRR765951	public	search_api
DRX745133	DRR765952	public	search_api
DRX745134	DRR765953	public	search_api
DRX745135	DRR765954	public	search_api
DRX745136	DRR765955	public	search_api
DRX745137	DRR765956	public	search_api
DRX745138	DRR765957	public	search_api
DRX745139	DRR765958	public	search_api
DRX745140	DRR765959	public	search_api
DRX745141	DRR765960	public	search_api
DRX745142	DRR765961	public	search_api
DRX745143	DRR765962	public	search_api
DRX745144	DRR765963	public	search_api
DRX745145	DRR765964	public	search_api
DRX745146	DRR765965	public	search_api
DRX745147	DRR765966	public	search_api
DRX745148	DRR765967	public	search_api
DRX745149	DRR765968	public	search_api
DRX745150	DRR765969	public	search_api
DRX745151	DRR765970	public	search_api
DRX745152	DRR765971	public	search_api
DRX745153	DRR765972	public	search_api
DRX745154	DRR765973	public	search_api
DRX745155	DRR765974	public	search_api
DRX745156	DRR765975	public	search_api
DRX745157	DRR765976	public	search_api
DRX745158	DRR765977	public	search_api
DRX745159	DRR765978	public	search_api
DRX745160	DRR765979	public	search_api
DRX745161	DRR765980	public	search_api
DRX745162	DRR765981	public	search_api
DRX745163	DRR765982	public	search_api
DRX745164	DRR765983	public	search_api
DRX745165	DRR765984	public	search_api
DRX745166	DRR765985	public	search_api
DRX745167	DRR765986	public	search_api
DRX745168	DRR765987	public	search_api
DRX745169	DRR765988	public	search_api
DRX745170	DRR765989	public	search_api
DRX745171	DRR765990	public	search_api
DRX745172	DRR765991	public	search_api
DRX745173	DRR765992	public	search_api
DRX745174	DRR765993	public	search_api
DRX745175	DRR765994	public	search_api
DRX745176	DRR765995	public	search_api
DRX745177	DRR765996	public	search_api
DRX745178	DRR765997	public	search_api
DRX745179	DRR765998	public	search_api
DRX745180	DRR765999	public	search_api
DRX745181	DRR766000	public	search_api
DRX745182	DRR766001	public	search_api
DRX745183	DRR766002	public	search_api
DRX745184	DRR766003	public	search_api
DRX745185	DRR766004	public	search_api
DRX745186	DRR766005	public	search_api
DRX745187	DRR766006	public	search_api
DRX745188	DRR766007	public	search_api
DRX745189	DRR766008	public	search_api
DRX745190	DRR766009	public	search_api
DRX745191	DRR766010	public	search_api
DRX745192	DRR766011	public	search_api
DRX745193	DRR766012	public	search_api
DRX745194	DRR766013	public	search_api
DRX745195	DRR766014	public	search_api
DRX745196	DRR766015	public	search_api
DRX745197	DRR766016	public	search_api
DRX745198	DRR766017	public	search_api
DRX745199	DRR766018	public	search_api
DRX745200	DRR766019	public	search_api
DRX745201	DRR766020	public	search_api
DRX745202	DRR766021	public	search_api
DRX745203	DRR766022	public	search_api
DRX745204	DRR766023	public	search_api
DRX745205	DRR766024	public	search_api
DRX745206	DRR766025	public	search_api
DRX745207	DRR766026	public	search_api
DRX745208	DRR766027	public	search_api
DRX745209	DRR766028	public	search_api
DRX745210	DRR766029	public	search_api
DRX745211	DRR766030	public	search_api
DRX745212	DRR766031	public	search_api
DRX745213	DRR766032	public	search_api
DRX745214	DRR766033	public	search_api
DRX745215	DRR766034	public	search_api
DRX745216	DRR766035	public	search_api
DRX745217	DRR766036	public	search_api
DRX745218	DRR766037	public	search_api
DRX745219	DRR766038	public	search_api
DRX745220	DRR766039	public	search_api
DRX745221	DRR766040	public	search_api
DRX745222	DRR766041	public	search_api
DRX745223	DRR766042	public	search_api
DRX745224	DRR766043	public	search_api
DRX745225	DRR766044	public	search_api
DRX745226	DRR766045	public	search_api
DRX745227	DRR766046	public	search_api
DRX745228	DRR766047	public	search_api
DRX745229	DRR766048	public	search_api
DRX745230	DRR766049	public	search_api
DRX745231	DRR766050	public	search_api
DRX745232	DRR766051	public	search_api
DRX745233	DRR766052	public	search_api
DRX745234	DRR766053	public	search_api
DRX745235	DRR766054	public	search_api
DRX745236	DRR766055	public	search_api
DRX745237	DRR766056	public	search_api
DRX745238	DRR766057	public	search_api
DRX745239	DRR766058	public	search_api
DRX745240	DRR766059	public	search_api
DRX745241	DRR766060	public	search_api
DRX745242	DRR766061	public	search_api
DRX745243	DRR766062	public	search_api
DRX745244	DRR766063	public	search_api
DRX745245	DRR766064	public	search_api
DRX745246	DRR766065	public	search_api
DRX745247	DRR766066	public	search_api
DRX745248	DRR766067	public	search_api
DRX745249	DRR766068	public	search_api
DRX745250	DRR766069	public	search_api
DRX745251	DRR766070	public	search_api
DRX745252	DRR766071	public	search_api
DRX745253	DRR766072	public	search_api
DRX745254	DRR766073	public	search_api
DRX745255	DRR766074	public	search_api
DRX745256	DRR766075	public	search_api
DRX745257	DRR766076	public	search_api
DRX745258	DRR766077	public	search_api
DRX745259	DRR766078	public	search_api
DRX745260	DRR766079	public	search_api
DRX745261	DRR766080	public	search_api
DRX745262	DRR766081	public	search_api
DRX745263	DRR766082	public	search_api
DRX745264	DRR766083	public	search_api
DRX745265	DRR766084	public	search_api
DRX745266	DRR766085	public	search_api
DRX745267	DRR766086	public	search_api
DRX745268	DRR766087	public	search_api
DRX745269	DRR766088	public	search_api
DRX745270	DRR766089	public	search_api
DRX745271	DRR766090	public	search_api
DRX745272	DRR766091	public	search_api
DRX745273	DRR766092	public	search_api
DRX745274	DRR766093	public	search_api
DRX745275	DRR766094	public	search_api
DRX745276	DRR766095	public	search_api
DRX745277	DRR766096	public	search_api
DRX745278	DRR766097	public	search_api
DRX745279	DRR766098	public	search_api
DRX745280	DRR766099	public	search_api
DRX745281	DRR766100	public	search_api
DRX745282	DRR766101	public	search_api
DRX745283	DRR766102	public	search_api
DRX745284	DRR766103	public	search_api
DRX745285	DRR766104	public	search_api
DRX745286	DRR766105	public	search_api
DRX745287	DRR766106	public	search_api
DRX745288	DRR766107	public	search_api
DRX745289	DRR766108	public	search_api
DRX745290	DRR766109	public	search_api
DRX745291	DRR766110	public	search_api
DRX745292	DRR766111	public	search_api
DRX745293	DRR766112	public	search_api
DRX745294	DRR766113	public	search_api
DRX745295	DRR766114	public	search_api
DRX745296	DRR766115	public	search_api
DRX745297	DRR766116	public	search_api
DRX745298	DRR766117	public	search_api
DRX745299	DRR766118	public	search_api
DRX745300	DRR766119	public	search_api
DRX745301	DRR766120	public	search_api
DRX745302	DRR766121	public	search_api
DRX745303	DRR766122	public	search_api
DRX745304	DRR766123	public	search_api
DRX745305	DRR766124	public	search_api
DRX745306	DRR766125	public	search_api
DRX745307	DRR766126	public	search_api
DRX745308	DRR766127	public	search_api
DRX745309	DRR766128	public	search_api
DRX745310	DRR766129	public	search_api
DRX745311	DRR766130	public	search_api
DRX745312	DRR766131	public	search_api
DRX745313	DRR766132	public	search_api
DRX745314	DRR766133	public	search_api
DRX745315	DRR766134	public	search_api
DRX745316	DRR766135	public	search_api
DRX745317	DRR766136	public	search_api
DRX745318	DRR766137	public	search_api
DRX745319	DRR766138	public	search_api
DRX745320	DRR766139	public	search_api
DRX745321	DRR766140	public	search_api
DRX745322	DRR766141	public	search_api
DRX745323	DRR766142	public	search_api
DRX745324	DRR766143	public	search_api
DRX745325	DRR766144	public	search_api
DRX745326	DRR766145	public	search_api
DRX745327	DRR766146	public	search_api
DRX745328	DRR766147	public	search_api
DRX745329	DRR766148	public	search_api
DRX745330	DRR766149	public	search_api
DRX745331	DRR766150	public	search_api
DRX745332	DRR766151	public	search_api
DRX745333	DRR766152	public	search_api
DRX745334	DRR766153	public	search_api
DRX745335	DRR766154	public	search_api
DRX745336	DRR766155	public	search_api
DRX745337	DRR766156	public	search_api
DRX745338	DRR766157	public	search_api
DRX745339	DRR766158	public	search_api
DRX745340	DRR766159	public	search_api
DRX745341	DRR766160	public	search_api
DRX745342	DRR766161	public	search_api
DRX745343	DRR766162	public	search_api
DRX745344	DRR766163	public	search_api
DRX745345	DRR766164	public	search_api
DRX745346	DRR766165	public	search_api
DRX745347	DRR766166	public	search_api
DRX745348	DRR766167	public	search_api
DRX745349	DRR766168	public	search_api
DRX745350	DRR766169	public	search_api
DRX745351	DRR766170	public	search_api
DRX745352	DRR766171	public	search_api
DRX745353	DRR766172	public	search_api
DRX745354	DRR766173	public	search_api
DRX745355	DRR766174	public	search_api
DRX745356	DRR766175	public	search_api
DRX745357	DRR766176	public	search_api
DRX745358	DRR766177	public	search_api
DRX745359	DRR766178	public	search_api
DRX745360	DRR766179	public	search_api
DRX745361	DRR766180	public	search_api
DRX745362	DRR766181	public	search_api
DRX745363	DRR766182	public	search_api
DRX745364	DRR766183	public	search_api
DRX745365	DRR766184	public	search_api
DRX745366	DRR766185	public	search_api
DRX745367	DRR766186	public	search_api
DRX745368	DRR766187	public	search_api
DRX745369	DRR766188	public	search_api
DRX745370	DRR766189	public	search_api
DRX745371	DRR766190	public	search_api
DRX745372	DRR766191	public	search_api
DRX745373	DRR766192	public	search_api
DRX745374	DRR766193	public	search_api
DRX745375	DRR766194	public	search_api
DRX745376	DRR766195	public	search_api
DRX745377	DRR766196	public	search_api
DRX745378	DRR766197	public	search_api
DRX745379	DRR766198	public	search_api
DRX745380	DRR766199	public	search_api
DRX745381	DRR766200	public	search_api
DRX745382	DRR766201	public	search_api
DRX745383	DRR766202	public	search_api
DRX745384	DRR766203	public	search_api
DRX745385	DRR766204	public	search_api
DRX745386	DRR766205	public	search_api
DRX745387	DRR766206	public	search_api
DRX745388	DRR766207	public	search_api
DRX745389	DRR766208	public	search_api
DRX745390	DRR766209	public	search_api
DRX745391	DRR766210	public	search_api
DRX745392	DRR766211	public	search_api
DRX745393	DRR766212	public	search_api
DRX745394	DRR766213	public	search_api
DRX745395	DRR766214	public	search_api
DRX745396	DRR766215	public	search_api
DRX745397	DRR766216	public	search_api
DRX745398	DRR766217	public	search_api
DRX745399	DRR766218	public	search_api
DRX745400	DRR766219	public	search_api
DRX745401	DRR766220	public	search_api
DRX745402	DRR766221	public	search_api
DRX745403	DRR766222	public	search_api
DRX745404	DRR766223	public	search_api
DRX745405	DRR766224	public	search_api
DRX745406	DRR766225	public	search_api
DRX745407	DRR766226	public	search_api
DRX745408	DRR766227	public	search_api
DRX745409	DRR766228	public	search_api
DRX745410	DRR766229	public	search_api
DRX745411	DRR766230	public	search_api
DRX745412	DRR766231	public	search_api
DRX745413	DRR766232	public	search_api
DRX745414	DRR766233	public	search_api
DRX745415	DRR766234	public	search_api
DRX745416	DRR766235	public	search_api
DRX745417	DRR766236	public	search_api
DRX745418	DRR766237	public	search_api
DRX745419	DRR766238	public	search_api
DRX745420	DRR766239	public	search_api
DRX745421	DRR766240	public	search_api
DRX745422	DRR766241	public	search_api
DRX745423	DRR766242	public	search_api
DRX745424	DRR766243	public	search_api
DRX745425	DRR766244	public	search_api
DRX745426	DRR766245	public	search_api
DRX745427	DRR766246	public	search_api
DRX745428	DRR766247	public	search_api
DRX745429	DRR766248	public	search_api
DRX745430	DRR766249	public	search_api
DRX745431	DRR766250	public	search_api
DRX745432	DRR766251	public	search_api
DRX745433	DRR766252	public	search_api
DRX745434	DRR766253	public	search_api
DRX745435	DRR766254	public	search_api
DRX745436	DRR766255	public	search_api
DRX745437	DRR766256	public	search_api
DRX745438	DRR766257	public	search_api
DRX745439	DRR766258	public	search_api
DRX745440	DRR766259	public	search_api
DRX745441	DRR766260	public	search_api
DRX745442	DRR766261	public	search_api
DRX745443	DRR766262	public	search_api
DRX745444	DRR766263	public	search_api
DRX745445	DRR766264	public	search_api
DRX745446	DRR766265	public	search_api
DRX745447	DRR766266	public	search_api
DRX745448	DRR766267	public	search_api
DRX745449	DRR766268	public	search_api
DRX745450	DRR766269	public	search_api
DRX745451	DRR766270	public	search_api
DRX745452	DRR766271	public	search_api
DRX745453	DRR766272	public	search_api
DRX745454	DRR766273	public	search_api
DRX745455	DRR766274	public	search_api
DRX745456	DRR766275	public	search_api
DRX745457	DRR766276	public	search_api
DRX745458	DRR766277	public	search_api
DRX745459	DRR766278	public	search_api
DRX745460	DRR766279	public	search_api
DRX745461	DRR766280	public	search_api
DRX745462	DRR766281	public	search_api
DRX745463	DRR766282	public	search_api
DRX745464	DRR766283	public	search_api
DRX745465	DRR766284	public	search_api
DRX745466	DRR766285	public	search_api
DRX745467	DRR766286	public	search_api
DRX745468	DRR766287	public	search_api
DRX745469	DRR766288	public	search_api
DRX745470	DRR766289	public	search_api
DRX745471	DRR766290	public	search_api
DRX745472	DRR766291	public	search_api
DRX745473	DRR766292	public	search_api
DRX745474	DRR766293	public	search_api
DRX745475	DRR766294	public	search_api
DRX745476	DRR766295	public	search_api
DRX745477	DRR766296	public	search_api
DRX745478	DRR766297	public	search_api
DRX745479	DRR766298	public	search_api
DRX745480	DRR766299	public	search_api
DRX745481	DRR766300	public	search_api
DRX745482	DRR766301	public	search_api
DRX745483	DRR766302	public	search_api
DRX745484	DRR766303	public	search_api
DRX745485	DRR766304	public	search_api
DRX745485	DRR766305	public	search_api
DRX745485	DRR766306	public	search_api
DRX745485	DRR766307	public	search_api
DRX745485	DRR766308	public	search_api
DRX745486	DRR766309	public	search_api
DRX745487	DRR766310	public	search_api
DRX745488	DRR766311	public	search_api
DRX745489	DRR766312	public	search_api
DRX745490	DRR766313	public	search_api
DRX745491	DRR766314	public	search_api
DRX745492	DRR766315	public	search_api
DRX745493	DRR766316	public	search_api
DRX745494	DRR766317	public	search_api
DRX745495	DRR766318	public	search_api
DRX745496	DRR766319	public	search_api
DRX745497	DRR766320	public	search_api
DRX745498	DRR766321	public	search_api
DRX745499	DRR766322	public	search_api
DRX745500	DRR766323	public	search_api
DRX745501	DRR766324	public	search_api
DRX745502	DRR766325	public	search_api
DRX745503	DRR766326	public	search_api
DRX745504	DRR766327	public	search_api
DRX745505	DRR766328	public	search_api
DRX745506	DRR766329	public	search_api
DRX745507	DRR766330	public	search_api
DRX745508	DRR766331	public	search_api
DRX745509	DRR766332	public	search_api
DRX745510	DRR766333	public	search_api
DRX745511	DRR766334	public	search_api
DRX745512	DRR766335	public	search_api
DRX745513	DRR766336	public	search_api
DRX745514	DRR766337	public	search_api
DRX745515	DRR766338	public	search_api
DRX745516	DRR766339	public	search_api
DRX745517	DRR766340	public	search_api
DRX745518	DRR766341	public	search_api
DRX745519	DRR766342	public	search_api
DRX745520	DRR766343	public	search_api
DRX745521	DRR766344	public	search_api
DRX745522	DRR766345	public	search_api
DRX745523	DRR766346	public	search_api
DRX745524	DRR766347	public	search_api
DRX745525	DRR766348	public	search_api
DRX745526	DRR766349	public	search_api
DRX745527	DRR766350	public	search_api
DRX745528	DRR766351	public	search_api
DRX745529	DRR766352	public	search_api
DRX745530	DRR766353	public	search_api
DRX745531	DRR766354	public	search_api
DRX745532	DRR766355	public	search_api
DRX745533	DRR766356	public	search_api
DRX745534	DRR766357	public	search_api
DRX745535	DRR766358	public	search_api
DRX745536	DRR766359	public	search_api
DRX745537	DRR766360	public	search_api
DRX745538	DRR766361	public	search_api
DRX745539	DRR766362	public	search_api
DRX745540	DRR766363	public	search_api
DRX745541	DRR766364	public	search_api
DRX745542	DRR766365	public	search_api
DRX745543	DRR766366	public	search_api
DRX745544	DRR766367	public	search_api
DRX745545	DRR766368	public	search_api
DRX745546	DRR766369	public	search_api
DRX745547	DRR766370	public	search_api
DRX745548	DRR766371	public	search_api
DRX745549	DRR766372	public	search_api
DRX745550	DRR766373	public	search_api
DRX745551	DRR766374	public	search_api
DRX745552	DRR766375	public	search_api
DRX745553	DRR766376	public	search_api
DRX745554	DRR766377	public	search_api
DRX745555	DRR766378	public	search_api
DRX745556	DRR766379	public	search_api
DRX745557	DRR766380	public	search_api
DRX745558	DRR766381	public	search_api
DRX745559	DRR766382	public	search_api
DRX745560	DRR766383	public	search_api
DRX745561	DRR766384	public	search_api
DRX745562	DRR766385	public	search_api
DRX745563	DRR766386	public	search_api
DRX745564	DRR766387	public	search_api
DRX745565	DRR766388	public	search_api
DRX745566	DRR766389	public	search_api
DRX745567	DRR766390	public	search_api
DRX745568	DRR766391	public	search_api
DRX745569	DRR766392	public	search_api
DRX745570	DRR766393	public	search_api
DRX745571	DRR766394	public	search_api
DRX745572	DRR766395	public	search_api
DRX745573	DRR766396	public	search_api
DRX745574	DRR766397	public	search_api
DRX745575	DRR766398	public	search_api
DRX745576	DRR766399	public	search_api
DRX745577	DRR766400	public	search_api
DRX745578	DRR766401	public	search_api
DRX745579	DRR766402	public	search_api
DRX745580	DRR766403	public	search_api
DRX745581	DRR766404	public	search_api
DRX745582	DRR766405	public	search_api
DRX745583	DRR766406	public	search_api
DRX745584	DRR766407	public	search_api
DRX745585	DRR766408	public	search_api
DRX745586	DRR766409	public	search_api
DRX745587	DRR766410	public	search_api
DRX745588	DRR766411	public	search_api
DRX745589	DRR766412	public	search_api
DRX745590	DRR766413	public	search_api
DRX745591	DRR766414	public	search_api
DRX745592	DRR766415	public	search_api
DRX745593	DRR766416	public	search_api
DRX745594	DRR766417	public	search_api
DRX745595	DRR766418	public	search_api
DRX745596	DRR766419	public	search_api
DRX745597	DRR766420	public	search_api
DRX745598	DRR766421	public	search_api
DRX745599	DRR766422	public	search_api
DRX745600	DRR766423	public	search_api
DRX745601	DRR766424	public	search_api
DRX745602	DRR766425	public	search_api
DRX745603	DRR766426	public	search_api
DRX745604	DRR766427	public	search_api
DRX745605	DRR766428	public	search_api
DRX745606	DRR766429	public	search_api
DRX745607	DRR766430	public	search_api
DRX745608	DRR766431	public	search_api
DRX745609	DRR766432	public	search_api
DRX745610	DRR766433	public	search_api
DRX745611	DRR766434	public	search_api
DRX745612	DRR766435	public	search_api
DRX745613	DRR766436	public	search_api
DRX745614	DRR766437	public	search_api
DRX745615	DRR766438	public	search_api
DRX745616	DRR766439	public	search_api
DRX745617	DRR766440	public	search_api
DRX745618	DRR766441	public	search_api
DRX745619	DRR766442	public	search_api
DRX745620	DRR766443	public	search_api
DRX746424	DRR767247	public	search_api
DRX746425	DRR767248	public	search_api
DRX746426	DRR767249	public	search_api
DRX746427	DRR767250	public	search_api
DRX746428	DRR767251	public	search_api
DRX746429	DRR767252	public	search_api
DRX746430	DRR767253	public	search_api
DRX746431	DRR767254	public	search_api
DRX746432	DRR767255	public	search_api
DRX746433	DRR767256	public	search_api
DRX746434	DRR767257	public	search_api
DRX746435	DRR767258	public	search_api
DRX746436	DRR767259	public	search_api
DRX746437	DRR767260	public	search_api
DRX746438	DRR767261	public	search_api
DRX746439	DRR767262	public	search_api
DRX746440	DRR767263	public	search_api
DRX746441	DRR767264	public	search_api
DRX746442	DRR767265	public	search_api
DRX746443	DRR767266	public	search_api
DRX746444	DRR767267	public	search_api
DRX746445	DRR767268	public	search_api
DRX746446	DRR767269	public	search_api
DRX746447	DRR767270	public	search_api
DRX746448	DRR767271	public	search_api
DRX746449	DRR767272	public	search_api
DRX746450	DRR767273	public	search_api
DRX746451	DRR767274	public	search_api
DRX746452	DRR767275	public	search_api
DRX746453	DRR767276	public	search_api
DRX746454	DRR767277	public	search_api
DRX746455	DRR767278	public	search_api
DRX746456	DRR767279	public	search_api
DRX746457	DRR767280	public	search_api
DRX746458	DRR767281	public	search_api
DRX746459	DRR767282	public	search_api
DRX746460	DRR767283	public	search_api
DRX746461	DRR767284	public	search_api
DRX746462	DRR767285	public	search_api
DRX746463	DRR767286	public	search_api
DRX746464	DRR767287	public	search_api
DRX746465	DRR767288	public	search_api
DRX746466	DRR767289	public	search_api
DRX746467	DRR767290	public	search_api
DRX746468	DRR767291	public	search_api
DRX746469	DRR767292	public	search_api
DRX746470	DRR767293	public	search_api
DRX746471	DRR767294	public	search_api
DRX746472	DRR767295	public	search_api
DRX746473	DRR767296	public	search_api
DRX746474	DRR767297	public	search_api
DRX746475	DRR767298	public	search_api
DRX746476	DRR767299	public	search_api
DRX746477	DRR767300	public	search_api
DRX746478	DRR767301	public	search_api
DRX746479	DRR767302	public	search_api
DRX746480	DRR767303	public	search_api
DRX746481	DRR767304	public	search_api
DRX746482	DRR767305	public	search_api
DRX746483	DRR767306	public	search_api
DRX746484	DRR767307	public	search_api
DRX746485	DRR767308	public	search_api
DRX746486	DRR767309	public	search_api
DRX746487	DRR767310	public	search_api
DRX746488	DRR767311	public	search_api
DRX746489	DRR767312	public	search_api
DRX746490	DRR767313	public	search_api
DRX746491	DRR767314	public	search_api
DRX746492	DRR767315	public	search_api
DRX746493	DRR767316	public	search_api
DRX746494	DRR767317	public	search_api
DRX746495	DRR767318	public	search_api
DRX746496	DRR767319	public	search_api
DRX746497	DRR767320	public	search_api
DRX746498	DRR767321	public	search_api
DRX746499	DRR767322	public	search_api
DRX746500	DRR767323	public	search_api
DRX746501	DRR767324	public	search_api
DRX746502	DRR767325	public	search_api
DRX746503	DRR767326	public	search_api
DRX746504	DRR767327	public	search_api
DRX746505	DRR767328	public	search_api
DRX746506	DRR767329	public	search_api
DRX746507	DRR767330	public	search_api
DRX746508	DRR767331	public	search_api
DRX746509	DRR767332	public	search_api
DRX746510	DRR767333	public	search_api
DRX746511	DRR767334	public	search_api
DRX746512	DRR767335	public	search_api
DRX746513	DRR767336	public	search_api
DRX746514	DRR767337	public	search_api
DRX746515	DRR767338	public	search_api
DRX746516	DRR767339	public	search_api
DRX746517	DRR767340	public	search_api
DRX746518	DRR767341	public	search_api
DRX746519	DRR767342	public	search_api
DRX746520	DRR767343	public	search_api
DRX746521	DRR767344	public	search_api
DRX746522	DRR767345	public	search_api
DRX746523	DRR767346	public	search_api
DRX746524	DRR767347	public	search_api
DRX746525	DRR767348	public	search_api
DRX746526	DRR767349	public	search_api
DRX746527	DRR767350	public	search_api
DRX746528	DRR767351	public	search_api
DRX746529	DRR767352	public	search_api
DRX746530	DRR767353	public	search_api
DRX746531	DRR767354	public	search_api
DRX746532	DRR767355	public	search_api
DRX746533	DRR767356	public	search_api
DRX746534	DRR767357	public	search_api
DRX746535	DRR767358	public	search_api
DRX746536	DRR767359	public	search_api
DRX746537	DRR767360	public	search_api
DRX746538	DRR767361	public	search_api
DRX746539	DRR767362	public	search_api
DRX746540	DRR767363	public	search_api
DRX746541	DRR767364	public	search_api
DRX746542	DRR767365	public	search_api
DRX746543	DRR767366	public	search_api
DRX746544	DRR767367	public	search_api
DRX746545	DRR767368	public	search_api
DRX746546	DRR767369	public	search_api
DRX746547	DRR767370	public	search_api
DRX746548	DRR767371	public	search_api
DRX746549	DRR767372	public	search_api
DRX746550	DRR767373	public	search_api
DRX746551	DRR767374	public	search_api
DRX746552	DRR767375	public	search_api
DRX746553	DRR767376	public	search_api
DRX746554	DRR767377	public	search_api
DRX746555	DRR767378	public	search_api
DRX746556	DRR767379	public	search_api
DRX746557	DRR767380	public	search_api
DRX746558	DRR767381	public	search_api
DRX746559	DRR767382	public	search_api
DRX746560	DRR767383	public	search_api
DRX746561	DRR767384	public	search_api
DRX746562	DRR767385	public	search_api
DRX746563	DRR767386	public	search_api
DRX746564	DRR767387	public	search_api
DRX746565	DRR767388	public	search_api
DRX746566	DRR767389	public	search_api
DRX746567	DRR767390	public	search_api
DRX746568	DRR767391	public	search_api
DRX746569	DRR767392	public	search_api
DRX746570	DRR767393	public	search_api
DRX746571	DRR767394	public	search_api
DRX746572	DRR767395	public	search_api
DRX746573	DRR767396	public	search_api
DRX746574	DRR767397	public	search_api
DRX746575	DRR767398	public	search_api
DRX746576	DRR767399	public	search_api
DRX746577	DRR767400	public	search_api
DRX746578	DRR767401	public	search_api
DRX746579	DRR767402	public	search_api
DRX746580	DRR767403	public	search_api
DRX746581	DRR767404	public	search_api
DRX746582	DRR767405	public	search_api
DRX746583	DRR767406	public	search_api
DRX746584	DRR767407	public	search_api
DRX746585	DRR767408	public	search_api
DRX746586	DRR767409	public	search_api
DRX746587	DRR767410	public	search_api
DRX746588	DRR767411	public	search_api
DRX746589	DRR767412	public	search_api
DRX746590	DRR767413	public	search_api
DRX746591	DRR767414	public	search_api
DRX746592	DRR767415	public	search_api
DRX746593	DRR767416	public	search_api
DRX746594	DRR767417	public	search_api
DRX746595	DRR767418	public	search_api
DRX746596	DRR767419	public	search_api
DRX746597	DRR767420	public	search_api
DRX746598	DRR767421	public	search_api
DRX746599	DRR767422	public	search_api
DRX746600	DRR767423	public	search_api
DRX746601	DRR767424	public	search_api
DRX746602	DRR767425	public	search_api
DRX746603	DRR767426	public	search_api
DRX746604	DRR767427	public	search_api
DRX746605	DRR767428	public	search_api
DRX746606	DRR767429	public	search_api
DRX746607	DRR767430	public	search_api
DRX746608	DRR767431	public	search_api
DRX746609	DRR767432	public	search_api
DRX746610	DRR767433	public	search_api
DRX746611	DRR767434	public	search_api
DRX746612	DRR767435	public	search_api
DRX746613	DRR767436	public	search_api
DRX746614	DRR767437	public	search_api
DRX746615	DRR767438	public	search_api
DRX746616	DRR767439	public	search_api
DRX746617	DRR767440	public	search_api
DRX746618	DRR767441	public	search_api
DRX746619	DRR767442	public	search_api
DRX746620	DRR767443	public	search_api
DRX746621	DRR767444	public	search_api
DRX746622	DRR767445	public	search_api
DRX746623	DRR767446	public	search_api
DRX746624	DRR767447	public	search_api
DRX746625	DRR767448	public	search_api
DRX746626	DRR767449	public	search_api
DRX746627	DRR767450	public	search_api
DRX746628	DRR767451	public	search_api
DRX746629	DRR767452	public	search_api
DRX746630	DRR767453	public	search_api
DRX746631	DRR767454	public	search_api
DRX746632	DRR767455	public	search_api
DRX746633	DRR767456	public	search_api
DRX746634	DRR767457	public	search_api
DRX746635	DRR767458	public	search_api
DRX746636	DRR767459	public	search_api
DRX746637	DRR767460	public	search_api
DRX746638	DRR767461	public	search_api
DRX746639	DRR767462	public	search_api
DRX746640	DRR767463	public	search_api
DRX746641	DRR767464	public	search_api
DRX746642	DRR767465	public	search_api
DRX746643	DRR767466	public	search_api
DRX746644	DRR767467	public	search_api
DRX746645	DRR767468	public	search_api
DRX746646	DRR767469	public	search_api
DRX746647	DRR767470	public	search_api
DRX746648	DRR767471	public	search_api
DRX746649	DRR767472	public	search_api
DRX746650	DRR767473	public	search_api
DRX746651	DRR767474	public	search_api
DRX746652	DRR767475	public	search_api
DRX746653	DRR767476	public	search_api
DRX746654	DRR767477	public	search_api
DRX746655	DRR767478	public	search_api
DRX746656	DRR767479	public	search_api
DRX746657	DRR767480	public	search_api
DRX746658	DRR767481	public	search_api
DRX746659	DRR767482	public	search_api
DRX746660	DRR767483	public	search_api
DRX746661	DRR767484	public	search_api
DRX746662	DRR767485	public	search_api
DRX746663	DRR767486	public	search_api
DRX746664	DRR767487	public	search_api
DRX746665	DRR767488	public	search_api
DRX746666	DRR767489	public	search_api
DRX746667	DRR767490	public	search_api
DRX746668	DRR767491	public	search_api
DRX746669	DRR767492	public	search_api
DRX746670	DRR767493	public	search_api
DRX746671	DRR767494	public	search_api
DRX746672	DRR767495	public	search_api
DRX746673	DRR767496	public	search_api
DRX746674	DRR767497	public	search_api
DRX746675	DRR767498	public	search_api
DRX746676	DRR767499	public	search_api
DRX746677	DRR767500	public	search_api
DRX746678	DRR767501	public	search_api
DRX746679	DRR767502	public	search_api
DRX746680	DRR767503	public	search_api
DRX746681	DRR767504	public	search_api
DRX746682	DRR767505	public	search_api
DRX746683	DRR767506	public	search_api
DRX746684	DRR767507	public	search_api
DRX746685	DRR767508	public	search_api
DRX746686	DRR767509	public	search_api
DRX746687	DRR767510	public	search_api
DRX746688	DRR767511	public	search_api
DRX746689	DRR767512	public	search_api
DRX746690	DRR767513	public	search_api
DRX746691	DRR767514	public	search_api
DRX746692	DRR767515	public	search_api
DRX746693	DRR767516	public	search_api
DRX746694	DRR767517	public	search_api
DRX746695	DRR767518	public	search_api
DRX746696	DRR767519	public	search_api
DRX746697	DRR767520	public	search_api
DRX746698	DRR767521	public	search_api
DRX746699	DRR767522	public	search_api
DRX746700	DRR767523	public	search_api
DRX746701	DRR767524	public	search_api
DRX746702	DRR767525	public	search_api
DRX746703	DRR767526	public	search_api
DRX746704	DRR767527	public	search_api
DRX746705	DRR767528	public	search_api
DRX746706	DRR767529	public	search_api
DRX746707	DRR767530	public	search_api
DRX746708	DRR767531	public	search_api
DRX746709	DRR767532	public	search_api
DRX746710	DRR767533	public	search_api
DRX746711	DRR767534	public	search_api
DRX746712	DRR767535	public	search_api
DRX746713	DRR767536	public	search_api
DRX746714	DRR767537	public	search_api
DRX746715	DRR767538	public	search_api
DRX746716	DRR767539	public	search_api
DRX746717	DRR767540	public	search_api
DRX746718	DRR767541	public	search_api
DRX746719	DRR767542	public	search_api
DRX746720	DRR767543	public	search_api
DRX746721	DRR767544	public	search_api
DRX746722	DRR767545	public	search_api
DRX746723	DRR767546	public	search_api
DRX746724	DRR767547	public	search_api
DRX746725	DRR767548	public	search_api
DRX746726	DRR767549	public	search_api
DRX746727	DRR767550	public	search_api
DRX746728	DRR767551	public	search_api
DRX746729	DRR767552	public	search_api
DRX746730	DRR767553	public	search_api
DRX746731	DRR767554	public	search_api
DRX746732	DRR767555	public	search_api
DRX746733	DRR767556	public	search_api
DRX746734	DRR767557	public	search_api
DRX746735	DRR767558	public	search_api
DRX746736	DRR767559	public	search_api
DRX746737	DRR767560	public	search_api
DRX746738	DRR767561	public	search_api
DRX746739	DRR767562	public	search_api
DRX746740	DRR767563	public	search_api
DRX746741	DRR767564	public	search_api
DRX746742	DRR767565	public	search_api
DRX746743	DRR767566	public	search_api
DRX746744	DRR767567	public	search_api
DRX746745	DRR767568	public	search_api
DRX746746	DRR767569	public	search_api
DRX746747	DRR767570	public	search_api
DRX746748	DRR767571	public	search_api
DRX746749	DRR767572	public	search_api
DRX746750	DRR767573	public	search_api
DRX746751	DRR767574	public	search_api
DRX746752	DRR767575	public	search_api
DRX746753	DRR767576	public	search_api
DRX746754	DRR767577	public	search_api
DRX746755	DRR767578	public	search_api
DRX746756	DRR767579	public	search_api
DRX746757	DRR767580	public	search_api
DRX746758	DRR767581	public	search_api
DRX746759	DRR767582	public	search_api
DRX746760	DRR767583	public	search_api
DRX746761	DRR767584	public	search_api
DRX746762	DRR767585	public	search_api
DRX746763	DRR767586	public	search_api
DRX746764	DRR767587	public	search_api
DRX746765	DRR767588	public	search_api
DRX746766	DRR767589	public	search_api
DRX746767	DRR767590	public	search_api
DRX746768	DRR767591	public	search_api
DRX746769	DRR767592	public	search_api
DRX746770	DRR767593	public	search_api
DRX746771	DRR767594	public	search_api
DRX746772	DRR767595	public	search_api
DRX746773	DRR767596	public	search_api
DRX746774	DRR767597	public	search_api
DRX746775	DRR767598	public	search_api
DRX746776	DRR767599	public	search_api
DRX746777	DRR767600	public	search_api
DRX746778	DRR767601	public	search_api
DRX746779	DRR767602	public	search_api
DRX746780	DRR767603	public	search_api
DRX746781	DRR767604	public	search_api
DRX746782	DRR767605	public	search_api
DRX746783	DRR767606	public	search_api
DRX746784	DRR767607	public	search_api
DRX746785	DRR767608	public	search_api
DRX746786	DRR767609	public	search_api
DRX746787	DRR767610	public	search_api
DRX746788	DRR767611	public	search_api
DRX746789	DRR767612	public	search_api
DRX746790	DRR767613	public	search_api
DRX746791	DRR767614	public	search_api
DRX746792	DRR767615	public	search_api
DRX746793	DRR767616	public	search_api
DRX746794	DRR767617	public	search_api
DRX746795	DRR767618	public	search_api
DRX746796	DRR767619	public	search_api
DRX746797	DRR767620	public	search_api
DRX746798	DRR767621	public	search_api
DRX746799	DRR767622	public	search_api
DRX746800	DRR767623	public	search_api
DRX746801	DRR767624	public	search_api
DRX746802	DRR767625	public	search_api
DRX746803	DRR767626	public	search_api
DRX746804	DRR767627	public	search_api
DRX746805	DRR767628	public	search_api
DRX746806	DRR767629	public	search_api
DRX746807	DRR767630	public	search_api
DRX746808	DRR767631	public	search_api
DRX746809	DRR767632	public	search_api
DRX746810	DRR767633	public	search_api
DRX746811	DRR767634	public	search_api
DRX746812	DRR767635	public	search_api
DRX746813	DRR767636	public	search_api
DRX746814	DRR767637	public	search_api
DRX746815	DRR767638	public	search_api
DRX746816	DRR767639	public	search_api
DRX746817	DRR767640	public	search_api
DRX746818	DRR767641	public	search_api
DRX746819	DRR767642	public	search_api
DRX746820	DRR767643	public	search_api
DRX746821	DRR767644	public	search_api
DRX746822	DRR767645	public	search_api
DRX746823	DRR767646	public	search_api
DRX746824	DRR767647	public	search_api
DRX746825	DRR767648	public	search_api
DRX746826	DRR767649	public	search_api
DRX746827	DRR767650	public	search_api
DRX746828	DRR767651	public	search_api
DRX746829	DRR767652	public	search_api
DRX746830	DRR767653	public	search_api
DRX746831	DRR767654	public	search_api
DRX746832	DRR767655	public	search_api
DRX746833	DRR767656	public	search_api
DRX746834	DRR767657	public	search_api
DRX746835	DRR767658	public	search_api
DRX746836	DRR767659	public	search_api
DRX746837	DRR767660	public	search_api
DRX746838	DRR767661	public	search_api
DRX746839	DRR767662	public	search_api
DRX746840	DRR767663	public	search_api
DRX746841	DRR767664	public	search_api
DRX746842	DRR767665	public	search_api
DRX746843	DRR767666	public	search_api
DRX746844	DRR767667	public	search_api
DRX746845	DRR767668	public	search_api
DRX746846	DRR767669	public	search_api
DRX746847	DRR767670	public	search_api
DRX746848	DRR767671	public	search_api
DRX746849	DRR767672	public	search_api
DRX746850	DRR767673	public	search_api
DRX746851	DRR767674	public	search_api
DRX746852	DRR767675	public	search_api
DRX746853	DRR767676	public	search_api
DRX746854	DRR767677	public	search_api
DRX746855	DRR767678	public	search_api
DRX746856	DRR767679	public	search_api
DRX746857	DRR767680	public	search_api
DRX746858	DRR767681	public	search_api
DRX746859	DRR767682	public	search_api
DRX746860	DRR767683	public	search_api
DRX746861	DRR767684	public	search_api
DRX746862	DRR767685	public	search_api
DRX746863	DRR767686	public	search_api
DRX746864	DRR767687	public	search_api
DRX746865	DRR767688	public	search_api
DRX746866	DRR767689	public	search_api
DRX746867	DRR767690	public	search_api
DRX746868	DRR767691	public	search_api
DRX746869	DRR767692	public	search_api
DRX746870	DRR767693	public	search_api
DRX746871	DRR767694	public	search_api
DRX746872	DRR767695	public	search_api
DRX746873	DRR767696	public	search_api
DRX746874	DRR767697	public	search_api
DRX746875	DRR767698	public	search_api
DRX746876	DRR767699	public	search_api
DRX746877	DRR767700	public	search_api
DRX746878	DRR767701	public	search_api
DRX746879	DRR767702	public	search_api
DRX746880	DRR767703	public	search_api
DRX746881	DRR767704	public	search_api
DRX746882	DRR767705	public	search_api
DRX746883	DRR767706	public	search_api
DRX746884	DRR767707	public	search_api
DRX746885	DRR767708	public	search_api
DRX746886	DRR767709	public	search_api
DRX746887	DRR767710	public	search_api
DRX746888	DRR767711	public	search_api
DRX746889	DRR767712	public	search_api
DRX746890	DRR767713	public	search_api
DRX746891	DRR767714	public	search_api
DRX746892	DRR767715	public	search_api
DRX746893	DRR767716	public	search_api
DRX746894	DRR767717	public	search_api
DRX746895	DRR767718	public	search_api
DRX746896	DRR767719	public	search_api
DRX746897	DRR767720	public	search_api
DRX746898	DRR767721	public	search_api
DRX746899	DRR767722	public	search_api
DRX746900	DRR767723	public	search_api
DRX746901	DRR767724	public	search_api
DRX746902	DRR767725	public	search_api
DRX746903	DRR767726	public	search_api
DRX746904	DRR767727	public	search_api
DRX746905	DRR767728	public	search_api
DRX746906	DRR767729	public	search_api
DRX746907	DRR767730	public	search_api
DRX746908	DRR767731	public	search_api
DRX746909	DRR767732	public	search_api
DRX746910	DRR767733	public	search_api
DRX746911	DRR767734	public	search_api
DRX746912	DRR767735	public	search_api
DRX746913	DRR767736	public	search_api
DRX746914	DRR767737	public	search_api
DRX746915	DRR767738	public	search_api
DRX746916	DRR767739	public	search_api
DRX746917	DRR767740	public	search_api
DRX746918	DRR767741	public	search_api
DRX746919	DRR767742	public	search_api
DRX746920	DRR767743	public	search_api
DRX746921	DRR767744	public	search_api
DRX746922	DRR767745	public	search_api
DRX746923	DRR767746	public	search_api
DRX746924	DRR767747	public	search_api
DRX746925	DRR767748	public	search_api
DRX746926	DRR767749	public	search_api
DRX746927	DRR767750	public	search_api
DRX746928	DRR767751	public	search_api
DRX746929	DRR767752	public	search_api
DRX746930	DRR767753	public	search_api
DRX746931	DRR767754	public	search_api
DRX746932	DRR767755	public	search_api
DRX746933	DRR767756	public	search_api
DRX746934	DRR767757	public	search_api
DRX746935	DRR767758	public	search_api
DRX746936	DRR767759	public	search_api
DRX746937	DRR767760	public	search_api
DRX746938	DRR767761	public	search_api
DRX746939	DRR767762	public	search_api
DRX746940	DRR767763	public	search_api
DRX746941	DRR767764	public	search_api
DRX746942	DRR767765	public	search_api
DRX746943	DRR767766	public	search_api
DRX746944	DRR767767	public	search_api
DRX746945	DRR767768	public	search_api
DRX746946	DRR767769	public	search_api
DRX746947	DRR767770	public	search_api
DRX746948	DRR767771	public	search_api
DRX746949	DRR767772	public	search_api
DRX746950	DRR767773	public	search_api
DRX746951	DRR767774	public	search_api
DRX746952	DRR767775	public	search_api
DRX746953	DRR767776	public	search_api
DRX746954	DRR767777	public	search_api
DRX746955	DRR767778	public	search_api
DRX746956	DRR767779	public	search_api
DRX746957	DRR767780	public	search_api
DRX746958	DRR767781	public	search_api
DRX746959	DRR767782	public	search_api
DRX746960	DRR767783	public	search_api
DRX746961	DRR767784	public	search_api
DRX746962	DRR767785	public	search_api
DRX746963	DRR767786	public	search_api
DRX746964	DRR767787	public	search_api
DRX746965	DRR767788	public	search_api
DRX746966	DRR767789	public	search_api
DRX746967	DRR767790	public	search_api
DRX746968	DRR767791	public	search_api
DRX746969	DRR767792	public	search_api
DRX746970	DRR767793	public	search_api
DRX746971	DRR767794	public	search_api
DRX746972	DRR767795	public	search_api
DRX746973	DRR767796	public	search_api
DRX746974	DRR767797	public	search_api
DRX746975	DRR767798	public	search_api
DRX746976	DRR767799	public	search_api
DRX746977	DRR767800	public	search_api
DRX746978	DRR767801	public	search_api
DRX746979	DRR767802	public	search_api
DRX746980	DRR767803	public	search_api
DRX746981	DRR767804	public	search_api
DRX746982	DRR767805	public	search_api
DRX746983	DRR767806	public	search_api
DRX746984	DRR767807	public	search_api
DRX746985	DRR767808	public	search_api
DRX746986	DRR767809	public	search_api
DRX746987	DRR767810	public	search_api
DRX746988	DRR767811	public	search_api
DRX746989	DRR767812	public	search_api
DRX746990	DRR767813	public	search_api
DRX746991	DRR767814	public	search_api
DRX746992	DRR767815	public	search_api
DRX746993	DRR767816	public	search_api
DRX746994	DRR767817	public	search_api
DRX746995	DRR767818	public	search_api
DRX746996	DRR767819	public	search_api
DRX746997	DRR767820	public	search_api
DRX746998	DRR767821	public	search_api
DRX746999	DRR767822	public	search_api
DRX747000	DRR767823	public	search_api
DRX747001	DRR767824	public	search_api
DRX747002	DRR767825	public	search_api
DRX747003	DRR767826	public	search_api
DRX747004	DRR767827	public	search_api
DRX747005	DRR767828	public	search_api
DRX747006	DRR767829	public	search_api
DRX747007	DRR767830	public	search_api
DRX747008	DRR767831	public	search_api
DRX747009	DRR767832	public	search_api
DRX747010	DRR767833	public	search_api
DRX747011	DRR767834	public	search_api
DRX747012	DRR767835	public	search_api
DRX747013	DRR767836	public	search_api
DRX747014	DRR767837	public	search_api
DRX747015	DRR767838	public	search_api
DRX747016	DRR767839	public	search_api
DRX747017	DRR767840	public	search_api
DRX747018	DRR767841	public	search_api
DRX747019	DRR767842	public	search_api
DRX747020	DRR767843	public	search_api
DRX747021	DRR767844	public	search_api
DRX747022	DRR767845	public	search_api
DRX747023	DRR767846	public	search_api
DRX747024	DRR767847	public	search_api
DRX747025	DRR767848	public	search_api
DRX747026	DRR767849	public	search_api
DRX747027	DRR767850	public	search_api
DRX747028	DRR767851	public	search_api
DRX747029	DRR767852	public	search_api
DRX747030	DRR767853	public	search_api
DRX747031	DRR767854	public	search_api
DRX747032	DRR767855	public	search_api
DRX747033	DRR767856	public	search_api
DRX747034	DRR767857	public	search_api
DRX747035	DRR767858	public	search_api
DRX747036	DRR767859	public	search_api
DRX747037	DRR767860	public	search_api
DRX747038	DRR767861	public	search_api
DRX747039	DRR767862	public	search_api
DRX747040	DRR767863	public	search_api
DRX747041	DRR767864	public	search_api
DRX747042	DRR767865	public	search_api
DRX747043	DRR767866	public	search_api
DRX747044	DRR767867	public	search_api
DRX747045	DRR767868	public	search_api
DRX747046	DRR767869	public	search_api
DRX747047	DRR767870	public	search_api
DRX747048	DRR767871	public	search_api
DRX747049	DRR767872	public	search_api
DRX747050	DRR767873	public	search_api
DRX747051	DRR767874	public	search_api
DRX747052	DRR767875	public	search_api
DRX747053	DRR767876	public	search_api
DRX747054	DRR767877	public	search_api
DRX747055	DRR767878	public	search_api
DRX747056	DRR767879	public	search_api
DRX747057	DRR767880	public	search_api
DRX747058	DRR767881	public	search_api
DRX747059	DRR767882	public	search_api
DRX747060	DRR767883	public	search_api
DRX747061	DRR767884	public	search_api
DRX747062	DRR767885	public	search_api
DRX747063	DRR767886	public	search_api
DRX747064	DRR767887	public	search_api
DRX747065	DRR767888	public	search_api
DRX747066	DRR767889	public	search_api
DRX747067	DRR767890	public	search_api
DRX747068	DRR767891	public	search_api
DRX747069	DRR767892	public	search_api
DRX747070	DRR767893	public	search_api
DRX747071	DRR767894	public	search_api
DRX747072	DRR767895	public	search_api
DRX747073	DRR767896	public	search_api
DRX747074	DRR767897	public	search_api
DRX747075	DRR767898	public	search_api
DRX747076	DRR767899	public	search_api
DRX747077	DRR767900	public	search_api
DRX747078	DRR767901	public	search_api
DRX747079	DRR767902	public	search_api
DRX747080	DRR767903	public	search_api
DRX747081	DRR767904	public	search_api
DRX747082	DRR767905	public	search_api
DRX747083	DRR767906	public	search_api
DRX747084	DRR767907	public	search_api
DRX747085	DRR767908	public	search_api
DRX747086	DRR767909	public	search_api
DRX747087	DRR767910	public	search_api
DRX747552	DRR768375	public	search_api
DRX747553	DRR768376	public	search_api
DRX747554	DRR768377	public	search_api
DRX747555	DRR768378	public	search_api
DRX747556	DRR768379	public	search_api
DRX747557	DRR768380	public	search_api
DRX747558	DRR768381	public	search_api
DRX747559	DRR768382	public	search_api
DRX747560	DRR768383	public	search_api
DRX747561	DRR768384	public	search_api
DRX747562	DRR768385	public	search_api
DRX747563	DRR768386	public	search_api
DRX747564	DRR768387	public	search_api
DRX747565	DRR768388	public	search_api
DRX747566	DRR768389	public	search_api
DRX747567	DRR768390	public	search_api
DRX747568	DRR768391	public	search_api
DRX747569	DRR768392	public	search_api
DRX747570	DRR768393	public	search_api
DRX747571	DRR768394	public	search_api
DRX747572	DRR768395	public	search_api
DRX747573	DRR768396	public	search_api
DRX747574	DRR768397	public	search_api
DRX747575	DRR768398	public	search_api
DRX747648	DRR768471	public	search_api
DRX747649	DRR768472	public	search_api
DRX747650	DRR768473	public	search_api
DRX747651	DRR768474	public	search_api
DRX747652	DRR768475	public	search_api
DRX747653	DRR768476	public	search_api
DRX747654	DRR768477	public	search_api
DRX747655	DRR768478	public	search_api
DRX747656	DRR768479	public	search_api
DRX747657	DRR768480	public	search_api
DRX747658	DRR768481	public	search_api
DRX747659	DRR768482	public	search_api
DRX747660	DRR768483	public	search_api
DRX747661	DRR768484	public	search_api
DRX747662	DRR768485	public	search_api
DRX747663	DRR768486	public	search_api
DRX747664	DRR768487	public	search_api
DRX747665	DRR768488	public	search_api
DRX747666	DRR768489	public	search_api
DRX747667	DRR768490	public	search_api
DRX747668	DRR768491	public	search_api
DRX747669	DRR768492	public	search_api
DRX747670	DRR768493	public	search_api
DRX747671	DRR768494	public	search_api
DRX909957		suppressed	status_file_only
DRX909958		suppressed	status_file_only
DRX909959		suppressed	status_file_only
DRX909960		suppressed	status_file_only
DRX909961		suppressed	status_file_only
DRX909962		suppressed	status_file_only
DRX909963		suppressed	status_file_only
DRX909964		suppressed	status_file_only
DRX909965		suppressed	status_file_only
DRX909966		suppressed	status_file_only
DRX909967		suppressed	status_file_only
DRX909968		suppressed	status_file_only
DRX909969		suppressed	status_file_only
DRX909970		suppressed	status_file_only
DRX909971		suppressed	status_file_only
DRX909972		suppressed	status_file_only
DRX909973		suppressed	status_file_only
DRX909974		suppressed	status_file_only
DRX909975		suppressed	status_file_only
DRX909976		suppressed	status_file_only
DRX909977		suppressed	status_file_only
DRX909978		suppressed	status_file_only
DRX909979		suppressed	status_file_only
DRX909980		suppressed	status_file_only
DRX909981		suppressed	status_file_only
DRX909982		suppressed	status_file_only
DRX909983		suppressed	status_file_only
DRX909984		suppressed	status_file_only
DRX909985		suppressed	status_file_only
DRX909986		suppressed	status_file_only
DRX909987		suppressed	status_file_only
DRX909988		suppressed	status_file_only
DRX909989		suppressed	status_file_only
DRX909990		suppressed	status_file_only
DRX909991		suppressed	status_file_only
DRX909992		suppressed	status_file_only
DRX909993		suppressed	status_file_only
DRX909994		suppressed	status_file_only
DRX909995		suppressed	status_file_only
DRX909996		suppressed	status_file_only
DRX909997		suppressed	status_file_only
DRX909998		suppressed	status_file_only
DRX909999		suppressed	status_file_only
DRX910000		suppressed	status_file_only
DRX910001		suppressed	status_file_only
DRX910002		suppressed	status_file_only
DRX910003		suppressed	status_file_only
DRX910004		suppressed	status_file_only
DRX910005		suppressed	status_file_only
DRX910006		suppressed	status_file_only
DRX910007		suppressed	status_file_only
DRX910008		suppressed	status_file_only
DRX910009		suppressed	status_file_only
DRX910010		suppressed	status_file_only
DRX910011		suppressed	status_file_only
DRX910012		suppressed	status_file_only
DRX910013		suppressed	status_file_only
DRX910014		suppressed	status_file_only
DRX910015		suppressed	status_file_only
DRX910016		suppressed	status_file_only
DRX910017		suppressed	status_file_only
DRX910018		suppressed	status_file_only
DRX910019		suppressed	status_file_only
DRX910020		suppressed	status_file_only
DRX910021		suppressed	status_file_only
DRX910022		suppressed	status_file_only
DRX910023		suppressed	status_file_only
DRX910024		suppressed	status_file_only
DRX910025		suppressed	status_file_only
DRX910026		suppressed	status_file_only
DRX910027		suppressed	status_file_only
DRX910028		suppressed	status_file_only
DRX910029		suppressed	status_file_only
DRX910030		suppressed	status_file_only
DRX910031		suppressed	status_file_only
DRX910032		suppressed	status_file_only
DRX910033		suppressed	status_file_only
DRX910034		suppressed	status_file_only
DRX910035		suppressed	status_file_only
DRX910036		suppressed	status_file_only
DRX910037		suppressed	status_file_only
DRX910038		suppressed	status_file_only
DRX910039		suppressed	status_file_only
DRX910040		suppressed	status_file_only
DRX910041		suppressed	status_file_only
DRX910042		suppressed	status_file_only
DRX910043		suppressed	status_file_only
DRX910044		suppressed	status_file_only
DRX910045		suppressed	status_file_only
DRX910046		suppressed	status_file_only
DRX910047		suppressed	status_file_only
DRX910048		suppressed	status_file_only
DRX910049		suppressed	status_file_only
DRX910050		suppressed	status_file_only
DRX910051		suppressed	status_file_only
DRX910052		suppressed	status_file_only
DRX910053		suppressed	status_file_only
DRX910054		suppressed	status_file_only
DRX910055		suppressed	status_file_only
DRX910056		suppressed	status_file_only
DRX910057		suppressed	status_file_only
DRX910058		suppressed	status_file_only
DRX910059		suppressed	status_file_only
DRX910060		suppressed	status_file_only
DRX910061		suppressed	status_file_only
DRX910062		suppressed	status_file_only
DRX910063		suppressed	status_file_only
DRX910064		suppressed	status_file_only
DRX910065		suppressed	status_file_only
DRX910066		suppressed	status_file_only
DRX910067		suppressed	status_file_only
DRX910068		suppressed	status_file_only
DRX910069		suppressed	status_file_only
DRX910070		suppressed	status_file_only
DRX910071		suppressed	status_file_only
DRX910072		suppressed	status_file_only
DRX910073		suppressed	status_file_only
DRX910074		suppressed	status_file_only
DRX910075		suppressed	status_file_only
DRX910076		suppressed	status_file_only
DRX910077		suppressed	status_file_only
DRX910078		suppressed	status_file_only
DRX910079		suppressed	status_file_only
DRX910080		suppressed	status_file_only
DRX910081		suppressed	status_file_only
DRX910082		suppressed	status_file_only
DRX910083		suppressed	status_file_only
DRX910084		suppressed	status_file_only
DRX910085		suppressed	status_file_only
DRX910086		suppressed	status_file_only
DRX910087		suppressed	status_file_only
DRX910088		suppressed	status_file_only
DRX910089		suppressed	status_file_only
DRX910090		suppressed	status_file_only
DRX910091		suppressed	status_file_only
DRX910092		suppressed	status_file_only
DRX910093		suppressed	status_file_only
DRX910094		suppressed	status_file_only
DRX910095		suppressed	status_file_only
DRX910096		suppressed	status_file_only
DRX910097		suppressed	status_file_only
DRX910098		suppressed	status_file_only
DRX910099		suppressed	status_file_only
DRX910100		suppressed	status_file_only
DRX910101		suppressed	status_file_only
DRX910102		suppressed	status_file_only
DRX910103		suppressed	status_file_only
DRX910104		suppressed	status_file_only
DRX910105		suppressed	status_file_only
DRX910106		suppressed	status_file_only
DRX910107		suppressed	status_file_only
DRX910108		suppressed	status_file_only
DRX910109		suppressed	status_file_only
DRX910110		suppressed	status_file_only
DRX910111		suppressed	status_file_only
DRX910112		suppressed	status_file_only
DRX910113		suppressed	status_file_only
DRX910114		suppressed	status_file_only
DRX910115		suppressed	status_file_only
DRX910116		suppressed	status_file_only
DRX910117		suppressed	status_file_only
DRX910118		suppressed	status_file_only
DRX910119		suppressed	status_file_only
DRX910120		suppressed	status_file_only
DRX910121		suppressed	status_file_only
DRX910122		suppressed	status_file_only
DRX910123		suppressed	status_file_only
DRX910124		suppressed	status_file_only
DRX910125		suppressed	status_file_only
DRX910126		suppressed	status_file_only
DRX910127		suppressed	status_file_only
DRX910128		suppressed	status_file_only
DRX910129		suppressed	status_file_only
DRX910130		suppressed	status_file_only
DRX910131		suppressed	status_file_only
DRX910132		suppressed	status_file_only
DRX910133		suppressed	status_file_only
DRX910134		suppressed	status_file_only
DRX910135		suppressed	status_file_only
DRX937472	DRR959823	public	search_api
DRX937473	DRR959824	public	search_api
DRX937474	DRR959825	public	search_api
DRX937475	DRR959826	public	search_api
DRX937476	DRR959827	public	search_api
DRX937477	DRR959828	public	search_api
DRX937478	DRR959829	public	search_api
DRX937479	DRR959830	public	search_api
DRX937480	DRR959831	public	search_api
DRX937481	DRR959832	public	search_api
DRX938564	DRR960917	public	search_api
DRX938565	DRR960918	public	search_api
DRX938566	DRR960919	public	search_api
DRX938567	DRR960920	public	search_api
DRX938568	DRR960921	public	search_api
DRX938569	DRR960922	public	search_api
DRX938570	DRR960923	public	search_api
DRX938571	DRR960924	public	search_api
DRX938572	DRR960925	public	search_api
DRX938573	DRR960926	public	search_api
DRX938574	DRR960927	public	search_api
DRX938575	DRR960928	public	search_api
DRX938576	DRR960929	public	search_api
DRX938577	DRR960930	public	search_api
DRX938578	DRR960931	public	search_api
DRX938579	DRR960932	public	search_api
DRX938580	DRR960933	public	search_api
DRX938581	DRR960934	public	search_api
DRX938582	DRR960935	public	search_api
DRX938583	DRR960936	public	search_api
DRX938585	DRR960938	public	search_api
DRX938586	DRR960939	public	search_api
DRX938587	DRR960940	public	search_api
DRX938588	DRR960941	public	search_api
DRX938589	DRR960942	public	search_api
DRX938590	DRR960943	public	search_api
DRX938591	DRR960944	public	search_api
DRX938592	DRR960945	public	search_api
DRX938593	DRR960946	public	search_api
DRX938594	DRR960947	public	search_api
DRX938595	DRR960948	public	search_api
DRX938596	DRR960949	public	search_api
DRX938597	DRR960950	public	search_api
DRX938598	DRR960951	public	search_api
DRX938599	DRR960952	public	search_api
DRX938600	DRR960953	public	search_api
DRX938601	DRR960954	public	search_api
DRX938602	DRR960955	public	search_api
DRX938603	DRR960956	public	search_api
DRX938604	DRR960957	public	search_api
DRX938605	DRR960958	public	search_api
DRX938606	DRR960959	public	search_api
DRX938607	DRR960960	public	search_api
DRX938608	DRR960961	public	search_api
DRX938609	DRR960962	public	search_api
DRX938610	DRR960963	public	search_api
DRX938611	DRR960964	public	search_api
DRX938612	DRR960965	public	search_api
DRX938613	DRR960966	public	search_api
DRX938614	DRR960967	public	search_api
DRX938615	DRR960968	public	search_api
DRX938616	DRR960969	public	search_api
DRX938617	DRR960970	public	search_api
DRX938618	DRR960971	public	search_api
DRX938619	DRR960972	public	search_api
DRX938620	DRR960973	public	search_api
DRX938621	DRR960974	public	search_api
DRX938622	DRR960975	public	search_api
DRX938623	DRR960976	public	search_api
DRX938624	DRR960977	public	search_api
DRX938625	DRR960978	public	search_api
DRX938626	DRR960979	public	search_api
DRX938627	DRR960980	public	search_api
DRX938628	DRR960981	public	search_api
DRX938629	DRR960982	public	search_api
DRX938630	DRR960983	public	search_api
DRX938631	DRR960984	public	search_api
DRX938632	DRR960985	public	search_api
DRX938633	DRR960986	public	search_api
DRX938634	DRR960987	public	search_api
DRX938635	DRR960988	public	search_api
DRX938636	DRR960989	public	search_api
DRX938637	DRR960990	public	search_api
DRX938638	DRR960991	public	search_api
DRX938639	DRR960992	public	search_api
DRX938640	DRR960993	public	search_api
DRX938641	DRR960994	public	search_api
DRX938642	DRR960995	public	search_api
DRX938643	DRR960996	public	search_api
DRX938644	DRR960997	public	search_api
DRX938645	DRR960998	public	search_api
DRX938646	DRR960999	public	search_api
DRX938647	DRR961000	public	search_api
DRX938648	DRR961001	public	search_api
DRX938649	DRR961002	public	search_api
DRX938650	DRR961003	public	search_api
DRX938651	DRR961004	public	search_api
DRX938652	DRR961005	public	search_api
DRX938653	DRR961006	public	search_api
DRX938654	DRR961007	public	search_api
DRX938655	DRR961008	public	search_api
DRX938656	DRR961009	public	search_api
DRX938657	DRR961010	public	search_api
DRX938658	DRR961011	public	search_api
DRX938659	DRR961012	public	search_api
DRX938660	DRR961013	public	search_api
DRX938661	DRR961014	public	search_api
DRX938662	DRR961015	public	search_api
DRX938663	DRR961016	public	search_api
DRX938664	DRR961017	public	search_api
DRX938665	DRR961018	public	search_api
DRX938666	DRR961019	public	search_api
DRX938667	DRR961020	public	search_api
DRX938668	DRR961021	public	search_api
DRX938669	DRR961022	public	search_api
DRX938670	DRR961023	public	search_api
DRX938671	DRR961024	public	search_api
DRX938672	DRR961025	public	search_api
DRX938673	DRR961026	public	search_api
DRX938674	DRR961027	public	search_api
DRX938675	DRR961028	public	search_api
DRX938676	DRR961029	public	search_api
DRX938677	DRR961030	public	search_api
DRX938678	DRR961031	public	search_api
DRX938679	DRR961032	public	search_api
DRX938680	DRR961033	public	search_api
DRX938681	DRR961034	public	search_api
DRX938682	DRR961035	public	search_api
DRX938683	DRR961036	public	search_api
DRX938684	DRR961037	public	search_api
DRX938685	DRR961038	public	search_api
DRX938686	DRR961039	public	search_api
DRX938687	DRR961040	public	search_api
DRX938688	DRR961041	public	search_api
DRX938689	DRR961042	public	search_api
DRX938690	DRR961043	public	search_api
DRX938691	DRR961044	public	search_api
DRX938692	DRR961045	public	search_api
DRX938693	DRR961046	public	search_api
DRX938694	DRR961047	public	search_api
DRX938695	DRR961048	public	search_api
DRX938696	DRR961049	public	search_api
DRX938697	DRR961050	public	search_api
DRX938698	DRR961051	public	search_api
DRX938699	DRR961052	public	search_api
DRX938700	DRR961053	public	search_api
DRX938701	DRR961054	public	search_api
DRX938702	DRR961055	public	search_api
DRX938703	DRR961056	public	search_api
DRX938704	DRR961057	public	search_api
DRX938705	DRR961058	public	search_api
DRX938706	DRR961059	public	search_api
DRX938707	DRR961060	public	search_api
DRX938708	DRR961061	public	search_api
DRX938709	DRR961062	public	search_api
DRX938710	DRR961063	public	search_api
DRX938711	DRR961064	public	search_api
DRX938712	DRR961065	public	search_api
DRX938713	DRR961066	public	search_api
DRX938714	DRR961067	public	search_api
DRX938715	DRR961068	public	search_api
DRX938716	DRR961069	public	search_api
DRX938717	DRR961070	public	search_api
DRX938718	DRR961071	public	search_api
DRX938719	DRR961072	public	search_api
DRX938720	DRR961073	public	search_api
DRX938721	DRR961074	public	search_api
DRX938722	DRR961075	public	search_api
DRX938723	DRR961076	public	search_api
DRX938724	DRR961077	public	search_api
DRX938725	DRR961078	public	search_api
DRX938726	DRR961079	public	search_api
DRX938727	DRR961080	public	search_api
DRX938728	DRR961081	public	search_api
DRX938729	DRR961082	public	search_api
DRX938730	DRR961083	public	search_api
DRX938731	DRR961084	public	search_api
DRX938732	DRR961085	public	search_api
DRX938733	DRR961086	public	search_api
DRX938734	DRR961087	public	search_api
DRX938735	DRR961088	public	search_api
DRX938736	DRR961089	public	search_api
DRX938737	DRR961090	public	search_api
DRX938738	DRR961091	public	search_api
DRX938739	DRR961092	public	search_api
DRX938740	DRR961093	public	search_api
DRX938741	DRR961094	public	search_api
DRX938742	DRR961095	public	search_api
DRX938743	DRR961096	public	search_api
DRX938744	DRR961097	public	search_api
DRX938800	DRR961153	public	search_api
DRX938801	DRR961154	public	search_api
DRX938802	DRR961155	public	search_api
DRX938803	DRR961156	public	search_api
DRX938804	DRR961157	public	search_api
DRX938805	DRR961158	public	search_api
DRX938806	DRR961159	public	search_api
DRX938807	DRR961160	public	search_api
DRX938808	DRR961161	public	search_api
DRX938809	DRR961162	public	search_api
DRX938810	DRR961163	public	search_api
DRX938811	DRR961164	public	search_api
DRX938812	DRR961165	public	search_api
DRX938813	DRR961166	public	search_api
DRX938814	DRR961167	public	search_api
DRX938815	DRR961168	public	search_api
DRX938816	DRR961169	public	search_api
DRX938817	DRR961170	public	search_api
DRX938818	DRR961171	public	search_api
DRX938819	DRR961172	public	search_api
DRX938821	DRR961174	public	search_api
DRX938822	DRR961175	public	search_api
DRX938823	DRR961176	public	search_api
DRX938824	DRR961177	public	search_api
DRX938825	DRR961178	public	search_api
DRX938826	DRR961179	public	search_api
DRX938827	DRR961180	public	search_api
DRX938828	DRR961181	public	search_api
DRX938829	DRR961182	public	search_api
DRX938994	DRR961347	public	search_api
DRX940908	DRR963261	public	search_api
DRX940909	DRR963262	public	search_api
DRX943954	DRR966307	public	search_api
DRX943955	DRR966308	public	search_api
DRX943956	DRR966309	public	search_api
DRX943957	DRR966310	public	search_api
DRX943958	DRR966311	public	search_api
DRX943959	DRR966312	public	search_api
DRX943960	DRR966313	public	search_api
DRX943961	DRR966314	public	search_api
DRX943963	DRR966316	public	search_api
DRX943964	DRR966317	public	search_api
DRX943965	DRR966318	public	search_api
DRX943966	DRR966319	public	search_api
DRX943967	DRR966320	public	search_api
DRX943968	DRR966321	public	search_api
DRX943969	DRR966322	public	search_api
DRX943970	DRR966323	public	search_api
DRX943971	DRR966324	public	search_api
DRX943972	DRR966325	public	search_api
DRX943974	DRR966327	public	search_api
DRX943975	DRR966328	public	search_api
DRX943976	DRR966329	public	search_api
DRX943977	DRR966330	public	search_api
DRX943978	DRR966331	public	search_api
DRX943979	DRR966332	public	search_api
DRX943980	DRR966333	public	search_api
DRX943981	DRR966334	public	search_api
DRX943982	DRR966335	public	search_api
DRX943983	DRR966336	public	search_api
DRX943984	DRR966337	public	search_api
DRX943985	DRR966338	public	search_api
DRX943986	DRR966339	public	search_api
DRX943987	DRR966340	public	search_api
DRX943988	DRR966341	public	search_api
DRX943989	DRR966342	public	search_api
DRX943990	DRR966343	public	search_api
DRX943991	DRR966344	public	search_api
DRX943992	DRR966345	public	search_api
DRX943993	DRR966346	public	search_api
DRX943994	DRR966347	public	search_api
DRX943995	DRR966348	public	search_api
DRX943996	DRR966349	public	search_api
DRX943997	DRR966350	public	search_api
DRX943998	DRR966351	public	search_api
DRX943999	DRR966352	public	search_api
DRX944000	DRR966353	public	search_api
DRX944001	DRR966354	public	search_api
DRX944002	DRR966355	public	search_api
DRX944003	DRR966356	public	search_api
DRX944004	DRR966357	public	search_api
DRX944005	DRR966358	public	search_api
DRX944006	DRR966359	public	search_api
DRX944007	DRR966360	public	search_api
DRX944008	DRR966361	public	search_api
DRX944009	DRR966362	public	search_api
DRX944010	DRR966363	public	search_api
DRX944011	DRR966364	public	search_api
DRX944012	DRR966365	public	search_api
DRX944013	DRR966366	public	search_api
DRX944014	DRR966367	public	search_api
DRX944015	DRR966368	public	search_api
DRX944016	DRR966369	public	search_api
DRX944017	DRR966370	public	search_api
DRX944018	DRR966371	public	search_api
DRX944019	DRR966372	public	search_api
DRX944020	DRR966373	public	search_api
DRX944021	DRR966374	public	search_api
DRX944022	DRR966375	public	search_api
DRX944023	DRR966376	public	search_api
DRX944024	DRR966377	public	search_api
DRX944025	DRR966378	public	search_api
DRX944027	DRR966380	public	search_api
DRX944028	DRR966381	public	search_api
DRX944029	DRR966382	public	search_api
DRX944030	DRR966383	public	search_api
DRX944031	DRR966384	public	search_api
DRX944031	DRR966385	public	search_api
DRX944031	DRR966386	public	search_api
DRX944031	DRR966387	public	search_api
DRX944032	DRR966388	public	search_api
DRX944033	DRR966389	public	search_api
DRX944033	DRR966390	public	search_api
DRX944033	DRR966391	public	search_api
DRX944033	DRR966392	public	search_api
DRX944034	DRR966393	public	search_api
DRX944034	DRR966394	public	search_api
DRX944034	DRR966395	public	search_api
DRX944034	DRR966396	public	search_api
DRX944035	DRR966397	public	search_api
DRX944036	DRR966398	public	search_api
DRX944037	DRR966399	public	search_api
DRX944038	DRR966400	public	search_api
DRX944039	DRR966401	public	search_api
DRX944040	DRR966402	public	search_api
DRX944041	DRR966403	public	search_api
DRX944042	DRR966404	public	search_api
DRX944043	DRR966405	public	search_api
DRX944044	DRR966406	public	search_api
DRX944045	DRR966407	public	search_api
DRX944046	DRR966408	public	search_api
DRX944047	DRR966409	public	search_api
DRX944048	DRR966410	public	search_api
DRX944049	DRR966411	public	search_api
DRX944050	DRR966412	public	search_api
DRX944051	DRR966413	public	search_api
DRX944052	DRR966414	public	search_api
DRX944053	DRR966415	public	search_api
DRX944054	DRR966416	public	search_api
DRX944055	DRR966417	public	search_api
DRX944056	DRR966418	public	search_api
DRX944057	DRR966419	public	search_api
DRX944058	DRR966420	public	search_api
DRX944059	DRR966421	public	search_api
DRX944060	DRR966422	public	search_api
DRX944061	DRR966423	public	search_api
DRX944062	DRR966424	public	search_api
DRX944063	DRR966425	public	search_api
DRX944064	DRR966426	public	search_api
DRX944065	DRR966427	public	search_api
DRX944066	DRR966428	public	search_api
DRX944067	DRR966429	public	search_api
DRX944068	DRR966430	public	search_api
DRX944069	DRR966431	public	search_api
DRX944070	DRR966432	public	search_api
DRX944071	DRR966433	public	search_api
DRX944072	DRR966434	public	search_api
DRX944073	DRR966435	public	search_api
DRX944074	DRR966436	public	search_api
DRX944075	DRR966437	public	search_api
DRX944076	DRR966438	public	search_api
DRX944077	DRR966439	public	search_api
DRX944078	DRR966440	public	search_api
DRX944079	DRR966441	public	search_api
DRX944080	DRR966442	public	search_api
DRX944081	DRR966443	public	search_api
DRX944082	DRR966444	public	search_api
DRX944083	DRR966445	public	search_api
DRX944084	DRR966446	public	search_api
DRX944085	DRR966447	public	search_api
DRX944086	DRR966448	public	search_api
DRX944087	DRR966449	public	search_api
DRX944088	DRR966450	public	search_api
DRX944089	DRR966451	public	search_api
DRX944090	DRR966452	public	search_api
DRX944091	DRR966453	public	search_api
DRX944092	DRR966454	public	search_api
DRX944093	DRR966455	public	search_api
DRX944094	DRR966456	public	search_api
DRX944095	DRR966457	public	search_api
DRX944096	DRR966458	public	search_api
DRX944097	DRR966459	public	search_api
DRX944098	DRR966460	public	search_api
DRX944099	DRR966461	public	search_api
DRX944100	DRR966462	public	search_api
DRX944101	DRR966463	public	search_api
DRX944102	DRR966464	public	search_api
DRX944103	DRR966465	public	search_api
DRX944104	DRR966466	public	search_api
DRX944105	DRR966467	public	search_api
DRX944106	DRR966468	public	search_api
DRX944107	DRR966469	public	search_api
DRX944108	DRR966470	public	search_api
DRX944109	DRR966471	public	search_api
DRX944110	DRR966472	public	search_api
DRX944111	DRR966473	public	search_api
DRX944112	DRR966474	public	search_api
DRX944113	DRR966475	public	search_api
DRX944114	DRR966476	public	search_api
DRX944115	DRR966477	public	search_api
DRX944116	DRR966478	public	search_api
DRX944117	DRR966479	public	search_api
DRX944118	DRR966480	public	search_api
DRX944119	DRR966481	public	search_api
DRX944120	DRR966482	public	search_api
DRX944121	DRR966483	public	search_api
DRX944122	DRR966484	public	search_api
DRX944123	DRR966485	public	search_api
DRX944124	DRR966486	public	search_api
DRX944125	DRR966487	public	search_api
DRX944126	DRR966488	public	search_api
DRX944127	DRR966489	public	search_api
DRX944128	DRR966490	public	search_api
DRX944129	DRR966491	public	search_api
DRX944130	DRR966492	public	search_api
DRX944131	DRR966493	public	search_api
DRX944132	DRR966494	public	search_api
DRX944133	DRR966495	public	search_api
DRX944134	DRR966496	public	search_api
DRX944135	DRR966497	public	search_api
DRX944136	DRR966498	public	search_api
DRX944137	DRR966499	public	search_api
DRX944138	DRR966500	public	search_api
DRX944139	DRR966501	public	search_api
DRX944140	DRR966502	public	search_api
DRX944141	DRR966503	public	search_api
DRX944142	DRR966504	public	search_api
DRX944143	DRR966505	public	search_api
DRX944144	DRR966506	public	search_api
DRX944145	DRR966507	public	search_api
DRX944146	DRR966508	public	search_api
DRX944147	DRR966509	public	search_api
DRX944148	DRR966510	public	search_api
DRX944149	DRR966511	public	search_api
DRX944150	DRR966512	public	search_api
DRX944151	DRR966513	public	search_api
DRX944152	DRR966514	public	search_api
DRX944153	DRR966515	public	search_api
DRX944154	DRR966516	public	search_api
DRX944155	DRR966517	public	search_api
DRX944156	DRR966518	public	search_api
DRX944157	DRR966519	public	search_api
DRX944158	DRR966520	public	search_api
DRX944159	DRR966521	public	search_api
DRX944160	DRR966522	public	search_api
DRX944161	DRR966523	public	search_api
DRX944162	DRR966524	public	search_api
DRX944163	DRR966525	public	search_api
DRX944164	DRR966526	public	search_api
DRX944165	DRR966527	public	search_api
DRX944166	DRR966528	public	search_api
DRX944167	DRR966529	public	search_api
DRX944168	DRR966530	public	search_api
DRX944169	DRR966531	public	search_api
DRX944170	DRR966532	public	search_api
DRX944171	DRR966533	public	search_api
DRX944172	DRR966534	public	search_api
DRX944173	DRR966535	public	search_api
DRX944174	DRR966536	public	search_api
DRX944175	DRR966537	public	search_api
DRX944176	DRR966538	public	search_api
DRX944177	DRR966539	public	search_api
DRX944178	DRR966540	public	search_api
DRX944179	DRR966541	public	search_api
DRX944180	DRR966542	public	search_api
DRX944181	DRR966543	public	search_api
DRX944182	DRR966544	public	search_api
DRX944183	DRR966545	public	search_api
DRX944184	DRR966546	public	search_api
DRX944185	DRR966547	public	search_api
DRX944186	DRR966548	public	search_api
DRX944187	DRR966549	public	search_api
DRX944188	DRR966550	public	search_api
DRX944189	DRR966551	public	search_api
DRX944191	DRR966553	public	search_api
DRX944192	DRR966554	public	search_api
DRX944193	DRR966555	public	search_api
DRX944194	DRR966556	public	search_api
DRX944195	DRR966557	public	search_api
DRX944196	DRR966558	public	search_api
DRX944197	DRR966559	public	search_api
DRX944198	DRR966560	public	search_api
DRX944199	DRR966561	public	search_api
DRX944200	DRR966562	public	search_api
DRX944201	DRR966563	public	search_api
DRX944202	DRR966564	public	search_api
DRX944203	DRR966565	public	search_api
DRX944204	DRR966566	public	search_api
DRX944205	DRR966567	public	search_api
DRX944206	DRR966568	public	search_api
DRX944207	DRR966569	public	search_api
DRX944208	DRR966570	public	search_api
DRX944209	DRR966571	public	search_api
DRX944210	DRR966572	public	search_api
DRX944211	DRR966573	public	search_api
DRX944212	DRR966574	public	search_api
DRX944213	DRR966575	public	search_api
DRX944214	DRR966576	public	search_api
DRX944215	DRR966577	public	search_api
DRX944216	DRR966578	public	search_api
DRX944217	DRR966579	public	search_api
DRX944218	DRR966580	public	search_api
DRX944219	DRR966581	public	search_api
DRX944220	DRR966582	public	search_api
DRX944221	DRR966583	public	search_api
DRX944222	DRR966584	public	search_api
DRX944223	DRR966585	public	search_api
DRX944224	DRR966586	public	search_api
DRX944225	DRR966587	public	search_api
DRX944226	DRR966588	public	search_api
DRX944227	DRR966589	public	search_api
DRX944228	DRR966590	public	search_api
DRX944229	DRR966591	public	search_api
DRX944230	DRR966592	public	search_api
DRX944231	DRR966593	public	search_api
DRX944232	DRR966594	public	search_api
DRX944233	DRR966595	public	search_api
DRX944234	DRR966596	public	search_api
DRX944235	DRR966597	public	search_api
DRX944236	DRR966598	public	search_api
DRX944237	DRR966599	public	search_api
DRX944239	DRR966601	public	search_api
DRX944240	DRR966602	public	search_api
DRX944242	DRR966604	public	search_api
DRX944243	DRR966605	public	search_api
DRX944244	DRR966606	public	search_api
DRX944245	DRR966607	public	search_api
DRX944246	DRR966608	public	search_api
DRX944247	DRR966609	public	search_api
DRX944248	DRR966610	public	search_api
DRX944249	DRR966611	public	search_api
DRX944250	DRR966612	public	search_api
DRX944251	DRR966613	public	search_api
DRX944252	DRR966614	public	search_api
DRX944253	DRR966615	public	search_api
DRX944254	DRR966616	public	search_api
DRX944255	DRR966617	public	search_api
DRX944256	DRR966618	public	search_api
DRX944257	DRR966619	public	search_api
DRX944258	DRR966620	public	search_api
DRX944259	DRR966621	public	search_api
DRX944260	DRR966622	public	search_api
DRX944261	DRR966623	public	search_api
DRX944262	DRR966624	public	search_api
DRX944263	DRR966625	public	search_api
DRX944264	DRR966626	public	search_api
DRX944265	DRR966627	public	search_api
DRX944266	DRR966628	public	search_api
DRX944267	DRR966629	public	search_api
DRX944268	DRR966630	public	search_api
DRX944269	DRR966631	public	search_api
DRX944270	DRR966632	public	search_api
DRX944271	DRR966633	public	search_api
DRX944272	DRR966634	public	search_api
DRX944273	DRR966635	public	search_api
DRX944274	DRR966636	public	search_api
DRX944275	DRR966637	public	search_api
DRX944276	DRR966638	public	search_api
DRX944277	DRR966639	public	search_api
DRX944278	DRR966640	public	search_api
DRX944279	DRR966641	public	search_api
DRX944280	DRR966642	public	search_api
DRX944281	DRR966643	public	search_api
DRX944282	DRR966644	public	search_api
DRX944283	DRR966645	public	search_api
DRX944284	DRR966646	public	search_api
DRX944285	DRR966647	public	search_api
DRX944286	DRR966648	public	search_api
DRX944287	DRR966649	public	search_api
DRX944288	DRR966650	public	search_api
DRX944289	DRR966651	public	search_api
DRX944290	DRR966652	public	search_api
DRX944291	DRR966653	public	search_api
DRX944292	DRR966654	public	search_api
DRX944293	DRR966655	public	search_api
DRX944294	DRR966656	public	search_api
DRX944295	DRR966657	public	search_api
DRX944296	DRR966658	public	search_api
DRX944297	DRR966659	public	search_api
DRX944298	DRR966660	public	search_api
DRX944299	DRR966661	public	search_api
DRX944300	DRR966662	public	search_api
DRX944301	DRR966663	public	search_api
DRX944302	DRR966664	public	search_api
DRX944303	DRR966665	public	search_api
DRX944304	DRR966666	public	search_api
DRX944305	DRR966667	public	search_api
DRX944306	DRR966668	public	search_api
DRX944307	DRR966669	public	search_api
DRX944308	DRR966670	public	search_api
DRX944309	DRR966671	public	search_api
DRX944310	DRR966672	public	search_api
DRX944311	DRR966673	public	search_api
DRX944312	DRR966674	public	search_api
DRX944313	DRR966675	public	search_api
DRX944314	DRR966676	public	search_api
DRX944315	DRR966677	public	search_api
DRX944316	DRR966678	public	search_api
DRX944317	DRR966679	public	search_api
DRX944318	DRR966680	public	search_api
DRX944319	DRR966681	public	search_api
DRX944320	DRR966682	public	search_api
DRX944322	DRR966684	public	search_api
DRX944323	DRR966685	public	search_api
DRX944324	DRR966686	public	search_api
DRX944325	DRR966687	public	search_api
DRX944332	DRR966696	public	search_api
DRX944333	DRR966697	public	search_api
DRX944356	DRR966720	public	search_api
DRX944357	DRR966721	public	search_api
DRX944358	DRR966722	public	search_api
DRX944359	DRR966723	public	search_api
DRX944360	DRR966724	public	search_api
DRX944362	DRR966726	public	search_api
DRX944363	DRR966727	public	search_api
DRX944364	DRR966728	public	search_api
DRX944365	DRR966729	public	search_api
DRX944366	DRR966730	public	search_api
DRX944367	DRR966731	public	search_api
DRX944368	DRR966732	public	search_api
DRX944369	DRR966733	public	search_api
DRX944370	DRR966734	public	search_api
DRX944371	DRR966735	public	search_api
DRX944372	DRR966736	public	search_api
DRX944373	DRR966737	public	search_api
DRX944374	DRR966738	public	search_api
DRX944375	DRR966739	public	search_api
DRX944376	DRR966740	public	search_api
DRX944377	DRR966741	public	search_api
DRX944379	DRR966743	public	search_api
DRX944380	DRR966744	public	search_api
DRX944381	DRR966745	public	search_api
DRX944383	DRR966747	public	search_api
DRX944384	DRR966748	public	search_api
DRX944385	DRR966749	public	search_api
DRX944386	DRR966750	public	search_api
DRX944387	DRR966751	public	search_api
DRX944388	DRR966752	public	search_api
DRX944389	DRR966753	public	search_api
DRX944390	DRR966754	public	search_api
DRX944391	DRR966755	public	search_api
DRX944392	DRR966756	public	search_api
DRX944393	DRR966757	public	search_api
DRX944394	DRR966758	public	search_api
DRX944395	DRR966759	public	search_api
DRX944396	DRR966760	public	search_api
DRX944397	DRR966761	public	search_api
DRX944398	DRR966762	public	search_api
DRX944400	DRR966764	public	search_api
DRX944401	DRR966765	public	search_api
DRX944402	DRR966766	public	search_api
DRX944403	DRR966767	public	search_api
DRX944404	DRR966768	public	search_api
DRX944405	DRR966769	public	search_api
DRX944406	DRR966770	public	search_api
DRX944407	DRR966771	public	search_api
DRX944408	DRR966772	public	search_api
DRX944409	DRR966773	public	search_api
DRX944410	DRR966774	public	search_api
DRX944411	DRR966775	public	search_api
DRX944412	DRR966776	public	search_api
DRX944413	DRR966777	public	search_api
DRX944414	DRR966778	public	search_api
DRX944415	DRR966779	public	search_api
DRX944416	DRR966780	public	search_api
DRX944417	DRR966781	public	search_api
DRX944418	DRR966782	public	search_api
DRX944419	DRR966783	public	search_api
DRX944420	DRR966784	public	search_api
DRX944421	DRR966785	public	search_api
DRX944422	DRR966786	public	search_api
DRX944423	DRR966787	public	search_api
DRX944424	DRR966788	public	search_api
DRX944425	DRR966789	public	search_api
DRX944426	DRR966790	public	search_api
DRX944427	DRR966791	public	search_api
DRX944428	DRR966792	public	search_api
DRX944429	DRR966793	public	search_api
DRX944430	DRR966794	public	search_api
DRX944431	DRR966795	public	search_api
DRX944432	DRR966796	public	search_api
DRX944433	DRR966797	public	search_api
DRX944434	DRR966798	public	search_api
DRX944435	DRR966799	public	search_api
DRX944436	DRR966800	public	search_api
DRX944437	DRR966801	public	search_api
DRX944438	DRR966802	public	search_api
DRX944439	DRR966803	public	search_api
DRX944440	DRR966804	public	search_api
DRX944441	DRR966805	public	search_api
DRX944442	DRR966806	public	search_api
DRX944443	DRR966807	public	search_api
DRX944444	DRR966808	public	search_api
DRX944445	DRR966809	public	search_api
DRX944446	DRR966810	public	search_api
DRX944447	DRR966811	public	search_api
DRX944448	DRR966812	public	search_api
DRX944449	DRR966813	public	search_api
DRX944450	DRR966814	public	search_api
DRX944451	DRR966815	public	search_api
DRX944452	DRR966816	public	search_api
DRX944453	DRR966817	public	search_api
DRX944454	DRR966818	public	search_api
DRX944455	DRR966819	public	search_api
DRX944456	DRR966820	public	search_api
DRX944457	DRR966821	public	search_api
DRX944458	DRR966822	public	search_api
DRX944459	DRR966823	public	search_api
DRX944460	DRR966824	public	search_api
DRX944461	DRR966825	public	search_api
DRX944462	DRR966826	public	search_api
DRX944463	DRR966827	public	search_api
DRX944464	DRR966828	public	search_api
DRX944465	DRR966829	public	search_api
DRX944466	DRR966830	public	search_api
DRX944467	DRR966831	public	search_api
DRX944468	DRR966832	public	search_api
DRX944469	DRR966833	public	search_api
DRX944470	DRR966834	public	search_api
DRX944472	DRR966836	public	search_api
DRX944473	DRR966837	public	search_api
DRX944474	DRR966838	public	search_api
DRX944475	DRR966839	public	search_api
DRX944476	DRR966840	public	search_api
DRX944477	DRR966841	public	search_api
DRX944478	DRR966842	public	search_api
DRX944479	DRR966843	public	search_api
DRX944480	DRR966844	public	search_api
DRX944481	DRR966845	public	search_api
DRX944482	DRR966846	public	search_api
DRX944483	DRR966847	public	search_api
DRX944484	DRR966848	public	search_api
DRX944485	DRR966849	public	search_api
DRX944486	DRR966850	public	search_api
DRX944487	DRR966851	public	search_api
DRX944488	DRR966852	public	search_api
DRX944489	DRR966853	public	search_api
DRX944490	DRR966854	public	search_api
DRX944491	DRR966855	public	search_api
DRX944492	DRR966856	public	search_api
DRX944493	DRR966857	public	search_api
DRX944494	DRR966858	public	search_api
DRX944495	DRR966859	public	search_api
DRX944496	DRR966860	public	search_api
DRX944497	DRR966861	public	search_api
DRX944498	DRR966862	public	search_api
DRX944499	DRR966863	public	search_api
DRX944500	DRR966864	public	search_api
DRX944501	DRR966865	public	search_api
DRX944502	DRR966866	public	search_api
DRX944503	DRR966867	public	search_api
DRX944504	DRR966868	public	search_api
DRX944505	DRR966869	public	search_api
DRX944506	DRR966870	public	search_api
DRX944507	DRR966871	public	search_api
DRX944508	DRR966872	public	search_api
DRX944509	DRR966873	public	search_api
DRX944510	DRR966874	public	search_api
DRX944511	DRR966875	public	search_api
DRX944512	DRR966876	public	search_api
DRX944513	DRR966877	public	search_api
DRX944514	DRR966878	public	search_api
DRX944515	DRR966879	public	search_api
DRX944516	DRR966880	public	search_api
DRX944517	DRR966881	public	search_api
DRX944518	DRR966882	public	search_api
DRX944519	DRR966883	public	search_api
DRX944520	DRR966884	public	search_api
DRX944521	DRR966885	public	search_api
DRX944523	DRR966887	public	search_api
DRX944524	DRR966888	public	search_api
DRX944525	DRR966889	public	search_api
DRX944526	DRR966890	public	search_api
DRX944527	DRR966891	public	search_api
DRX944528	DRR966892	public	search_api
DRX944529	DRR966893	public	search_api
DRX944530	DRR966894	public	search_api
DRX944531	DRR966895	public	search_api
DRX944532	DRR966896	public	search_api
DRX944533	DRR966897	public	search_api
DRX944534	DRR966898	public	search_api
DRX944535	DRR966899	public	search_api
DRX944536	DRR966900	public	search_api
DRX944537	DRR966901	public	search_api
DRX944538	DRR966902	public	search_api
DRX944539	DRR966903	public	search_api
DRX944540	DRR966904	public	search_api
DRX944541	DRR966905	public	search_api
DRX944542	DRR966906	public	search_api
DRX944543	DRR966907	public	search_api
DRX944544	DRR966908	public	search_api
DRX944545	DRR966909	public	search_api
DRX944546	DRR966910	public	search_api
DRX944547	DRR966911	public	search_api
DRX944548	DRR966912	public	search_api
DRX944549	DRR966913	public	search_api
DRX944550	DRR966914	public	search_api
DRX944551	DRR966915	public	search_api
DRX944552	DRR966916	public	search_api
DRX944553	DRR966917	public	search_api
DRX944554	DRR966918	public	search_api
DRX944555	DRR966919	public	search_api
DRX944556	DRR966920	public	search_api
DRX944557	DRR966921	public	search_api
DRX944558	DRR966922	public	search_api
DRX944559	DRR966923	public	search_api
DRX944560	DRR966924	public	search_api
DRX944561	DRR966925	public	search_api
DRX944562	DRR966926	public	search_api
DRX944563	DRR966927	public	search_api
DRX944564	DRR966928	public	search_api
DRX944565	DRR966929	public	search_api
DRX944566	DRR966930	public	search_api
DRX944567	DRR966931	public	search_api
DRX944569	DRR966933	public	search_api
DRX944570	DRR966934	public	search_api
DRX944571	DRR966935	public	search_api
DRX944572	DRR966936	public	search_api
DRX944573	DRR966937	public	search_api
DRX944574	DRR966938	public	search_api
DRX944575	DRR966939	public	search_api
DRX944576	DRR966940	public	search_api
DRX944577	DRR966941	public	search_api
DRX944578	DRR966942	public	search_api
DRX944579	DRR966943	public	search_api
DRX944580	DRR966944	public	search_api
DRX944581	DRR966945	public	search_api
DRX944582	DRR966946	public	search_api
DRX944583	DRR966947	public	search_api
DRX944584	DRR966948	public	search_api
DRX944585	DRR966949	public	search_api
DRX944586	DRR966950	public	search_api
DRX944587	DRR966951	public	search_api
DRX944588	DRR966952	public	search_api
DRX944589	DRR966953	public	search_api
DRX944590	DRR966954	public	search_api
DRX944591	DRR966955	public	search_api
DRX944593	DRR966957	public	search_api
DRX944594	DRR966958	public	search_api
DRX944595	DRR966959	public	search_api
DRX944596	DRR966960	public	search_api
DRX944597	DRR966961	public	search_api
DRX944598	DRR966962	public	search_api
DRX944599	DRR966963	public	search_api
DRX944600	DRR966964	public	search_api
DRX944601	DRR966965	public	search_api
DRX944602	DRR966966	public	search_api
DRX944603	DRR966967	public	search_api
DRX944604	DRR966968	public	search_api
DRX944605	DRR966969	public	search_api
DRX944606	DRR966970	public	search_api
DRX944607	DRR966971	public	search_api
DRX944608	DRR966972	public	search_api
DRX944609	DRR966973	public	search_api
DRX944610	DRR966974	public	search_api
DRX944611	DRR966975	public	search_api
DRX944612	DRR966976	public	search_api
DRX944613	DRR966977	public	search_api
DRX944614	DRR966978	public	search_api
DRX944615	DRR966979	public	search_api
DRX944616	DRR966980	public	search_api
DRX944617	DRR966981	public	search_api
DRX944618	DRR966982	public	search_api
DRX944619	DRR966983	public	search_api
DRX944620	DRR966984	public	search_api
DRX944621	DRR966985	public	search_api
DRX944622	DRR966986	public	search_api
DRX944623	DRR966987	public	search_api
DRX944624	DRR966988	public	search_api
DRX944625	DRR966989	public	search_api
DRX944626	DRR966990	public	search_api
DRX944627	DRR966991	public	search_api
DRX944628	DRR966992	public	search_api
DRX944629	DRR966993	public	search_api
DRX944630	DRR966994	public	search_api
DRX944631	DRR966995	public	search_api
DRX944632	DRR966996	public	search_api
DRX944633	DRR966997	public	search_api
DRX944634	DRR966998	public	search_api
DRX944635	DRR966999	public	search_api
DRX944636	DRR967000	public	search_api
DRX944637	DRR967001	public	search_api
DRX944638	DRR967002	public	search_api
DRX944639	DRR967003	public	search_api
DRX944640	DRR967004	public	search_api
DRX944641	DRR967005	public	search_api
DRX944642	DRR967006	public	search_api
DRX944643	DRR967007	public	search_api
DRX944644	DRR967008	public	search_api
DRX944645	DRR967009	public	search_api
DRX944646	DRR967010	public	search_api
DRX944647	DRR967011	public	search_api
DRX944648	DRR967012	public	search_api
DRX944649	DRR967013	public	search_api
DRX944650	DRR967014	public	search_api
DRX944651	DRR967015	public	search_api
DRX944652	DRR967016	public	search_api
DRX944653	DRR967017	public	search_api
DRX944654	DRR967018	public	search_api
DRX944655	DRR967019	public	search_api
DRX944656	DRR967020	public	search_api
DRX944657	DRR967021	public	search_api
DRX944658	DRR967022	public	search_api
DRX944659	DRR967023	public	search_api
DRX944660	DRR967024	public	search_api
DRX944661	DRR967025	public	search_api
DRX944662	DRR967026	public	search_api
DRX944663	DRR967027	public	search_api
DRX944664	DRR967028	public	search_api
DRX944665	DRR967029	public	search_api
DRX944666	DRR967030	public	search_api
DRX944667	DRR967031	public	search_api
DRX944668	DRR967032	public	search_api
DRX944669	DRR967033	public	search_api
DRX944670	DRR967034	public	search_api
DRX944671	DRR967035	public	search_api
DRX944672	DRR967036	public	search_api
DRX944673	DRR967037	public	search_api
DRX944674	DRR967038	public	search_api
DRX944675	DRR967039	public	search_api
DRX944676	DRR967040	public	search_api
DRX944677	DRR967041	public	search_api
DRX944678	DRR967042	public	search_api
DRX944679	DRR967043	public	search_api
DRX944680	DRR967044	public	search_api
DRX944681	DRR967045	public	search_api
DRX944682	DRR967046	public	search_api
DRX944683	DRR967047	public	search_api
DRX944684	DRR967048	public	search_api
DRX944685	DRR967049	public	search_api
DRX944686	DRR967050	public	search_api
DRX944687	DRR967051	public	search_api
DRX944688	DRR967052	public	search_api
DRX944689	DRR967053	public	search_api
DRX944690	DRR967054	public	search_api
DRX944691	DRR967055	public	search_api
DRX944692	DRR967056	public	search_api
DRX944693	DRR967057	public	search_api
DRX944694	DRR967058	public	search_api
DRX944695	DRR967059	public	search_api
DRX944696	DRR967060	public	search_api
DRX944697	DRR967061	public	search_api
DRX944698	DRR967062	public	search_api
DRX944699	DRR967063	public	search_api
DRX944700	DRR967064	public	search_api
DRX944701	DRR967065	public	search_api
DRX944702	DRR967066	public	search_api
DRX944703	DRR967067	public	search_api
DRX944704	DRR967068	public	search_api
DRX944705	DRR967069	public	search_api
DRX944706	DRR967070	public	search_api
DRX944707	DRR967071	public	search_api
DRX944708	DRR967072	public	search_api
DRX944709	DRR967073	public	search_api
DRX944710	DRR967074	public	search_api
DRX944711	DRR967075	public	search_api
DRX944712	DRR967076	public	search_api
DRX944713	DRR967077	public	search_api
DRX944714	DRR967078	public	search_api
DRX944715	DRR967079	public	search_api
DRX944716	DRR967080	public	search_api
DRX944717	DRR967081	public	search_api
DRX944718	DRR967082	public	search_api
DRX944719	DRR967083	public	search_api
DRX944720	DRR967084	public	search_api
DRX944721	DRR967085	public	search_api
DRX944722	DRR967086	public	search_api
DRX944723	DRR967087	public	search_api
DRX944724	DRR967088	public	search_api
DRX944725	DRR967089	public	search_api
DRX944726	DRR967090	public	search_api
DRX944727	DRR967091	public	search_api
DRX944728	DRR967092	public	search_api
DRX944729	DRR967093	public	search_api
DRX944730	DRR967094	public	search_api
DRX944731	DRR967095	public	search_api
DRX944732	DRR967096	public	search_api
DRX944733	DRR967097	public	search_api
DRX944734	DRR967098	public	search_api
DRX944735	DRR967099	public	search_api
DRX944736	DRR967100	public	search_api
DRX944737	DRR967101	public	search_api
DRX944738	DRR967102	public	search_api
DRX944739	DRR967103	public	search_api
DRX944740	DRR967104	public	search_api
DRX944741	DRR967105	public	search_api
DRX944742	DRR967106	public	search_api
DRX944743	DRR967107	public	search_api
DRX944744	DRR967108	public	search_api
DRX944745	DRR967109	public	search_api
DRX944746	DRR967110	public	search_api
DRX944747	DRR967111	public	search_api
DRX944748	DRR967112	public	search_api
DRX944749	DRR967113	public	search_api
DRX944750	DRR967114	public	search_api
DRX944751	DRR967115	public	search_api
DRX944752	DRR967116	public	search_api
DRX944753	DRR967117	public	search_api
DRX944754	DRR967118	public	search_api
DRX944755	DRR967119	public	search_api
DRX944756	DRR967120	public	search_api
DRX944758	DRR967122	public	search_api
DRX944759	DRR967123	public	search_api
DRX944760	DRR967124	public	search_api
DRX944761	DRR967125	public	search_api
DRX944762	DRR967126	public	search_api
DRX944764	DRR967128	public	search_api
DRX944765	DRR967129	public	search_api
DRX944766	DRR967130	public	search_api
DRX944767	DRR967131	public	search_api
DRX944768	DRR967132	public	search_api
DRX944769	DRR967133	public	search_api
DRX944770	DRR967134	public	search_api
DRX944771	DRR967135	public	search_api
DRX944772	DRR967136	public	search_api
DRX944773	DRR967137	public	search_api
DRX944774	DRR967138	public	search_api
DRX944775	DRR967139	public	search_api
DRX944776	DRR967140	public	search_api
DRX944777	DRR967141	public	search_api
DRX944778	DRR967142	public	search_api
DRX944779	DRR967143	public	search_api
DRX944780	DRR967144	public	search_api
DRX944781	DRR967145	public	search_api
DRX944782	DRR967146	public	search_api
DRX944783	DRR967147	public	search_api
DRX944784	DRR967148	public	search_api
DRX944785	DRR967149	public	search_api
DRX944786	DRR967150	public	search_api
DRX944787	DRR967151	public	search_api
DRX944788	DRR967152	public	search_api
DRX944789	DRR967153	public	search_api
DRX944790	DRR967154	public	search_api
DRX944791	DRR967155	public	search_api
DRX944792	DRR967156	public	search_api
DRX944793	DRR967157	public	search_api
DRX944794	DRR967158	public	search_api
DRX944795	DRR967159	public	search_api
DRX944796	DRR967160	public	search_api
DRX944797	DRR967161	public	search_api
DRX944798	DRR967162	public	search_api
DRX944799	DRR967163	public	search_api
DRX944800	DRR967164	public	search_api
DRX944801	DRR967165	public	search_api
DRX944802	DRR967166	public	search_api
DRX944803	DRR967167	public	search_api
DRX944804	DRR967168	public	search_api
DRX944805	DRR967169	public	search_api
DRX944806	DRR967170	public	search_api
DRX944807	DRR967171	public	search_api
DRX944808	DRR967172	public	search_api
DRX944809	DRR967173	public	search_api
DRX944810	DRR967174	public	search_api
DRX944811	DRR967175	public	search_api
DRX944812	DRR967176	public	search_api
DRX944813	DRR967177	public	search_api
DRX944814	DRR967178	public	search_api
DRX944815	DRR967179	public	search_api
DRX944816	DRR967180	public	search_api
DRX944817	DRR967181	public	search_api
DRX944818	DRR967182	public	search_api
DRX944819	DRR967183	public	search_api
DRX944820	DRR967184	public	search_api
DRX944821	DRR967185	public	search_api
DRX944822	DRR967186	public	search_api
DRX944823	DRR967187	public	search_api
DRX944824	DRR967188	public	search_api
DRX944825	DRR967189	public	search_api
DRX944826	DRR967190	public	search_api
DRX944828	DRR967192	public	search_api
DRX944829	DRR967193	public	search_api
DRX944830	DRR967194	public	search_api
DRX944831	DRR967195	public	search_api
DRX944832	DRR967196	public	search_api
DRX944833	DRR967197	public	search_api
DRX944834	DRR967198	public	search_api
DRX944835	DRR967199	public	search_api
DRX944836	DRR967200	public	search_api
DRX944837	DRR967201	public	search_api
DRX944838	DRR967202	public	search_api
DRX944839	DRR967203	public	search_api
DRX944840	DRR967204	public	search_api
DRX944841	DRR967205	public	search_api
DRX944842	DRR967206	public	search_api
DRX944843	DRR967207	public	search_api
DRX944844	DRR967208	public	search_api
DRX944845	DRR967209	public	search_api
DRX944846	DRR967210	public	search_api
DRX944847	DRR967211	public	search_api
DRX944848	DRR967212	public	search_api
DRX944849	DRR967213	public	search_api
DRX944850	DRR967214	public	search_api
DRX944851	DRR967215	public	search_api
DRX945141	DRR967505	public	search_api
DRX945142	DRR967506	public	search_api
DRX945143	DRR967507	public	search_api
DRX945156	DRR967520	public	search_api
DRX945157	DRR967521	public	search_api
DRX945158	DRR967522	public	search_api
DRX945159	DRR967523	public	search_api
DRX945160	DRR967524	public	search_api
DRX945161	DRR967525	public	search_api
DRX945162	DRR967526	public	search_api
DRX945163	DRR967527	public	search_api
DRX945164	DRR967528	public	search_api
DRX945165	DRR967529	public	search_api
DRX945166	DRR967530	public	search_api
DRX945167	DRR967531	public	search_api
DRX945168	DRR967532	public	search_api
DRX945169	DRR967533	public	search_api
DRX945170	DRR967534	public	search_api
DRX945171	DRR967535	public	search_api
DRX945172	DRR967536	public	search_api
DRX945173	DRR967537	public	search_api
DRX945174	DRR967538	public	search_api
DRX945175	DRR967539	public	search_api
DRX945176	DRR967540	public	search_api
DRX945177	DRR967541	public	search_api
DRX945178	DRR967542	public	search_api
DRX945179	DRR967543	public	search_api
DRX945180	DRR967544	public	search_api
DRX945181	DRR967545	public	search_api
DRX945182	DRR967546	public	search_api
DRX945183	DRR967547	public	search_api
DRX945184	DRR967548	public	search_api
DRX945185	DRR967549	public	search_api
DRX945186	DRR967550	public	search_api
DRX945187	DRR967551	public	search_api
DRX945188	DRR967552	public	search_api
DRX945189	DRR967553	public	search_api
DRX945190	DRR967554	public	search_api
DRX945191	DRR967555	public	search_api
DRX945192	DRR967556	public	search_api
DRX945193	DRR967557	public	search_api
DRX945194	DRR967558	public	search_api
DRX945195	DRR967559	public	search_api
DRX945394	DRR967758	public	search_api
DRX945794	DRR968159	public	search_api
DRX945795	DRR968160	public	search_api
DRX945797	DRR968162	public	search_api
DRX945798	DRR968163	public	search_api
DRX945799	DRR968164	public	search_api
DRX945800	DRR968165	public	search_api
DRX945801	DRR968166	public	search_api
DRX945802	DRR968167	public	search_api
DRX945803	DRR968168	public	search_api
DRX945804	DRR968169	public	search_api
DRX945805	DRR968170	public	search_api
DRX945806	DRR968171	public	search_api
DRX945808	DRR968173	public	search_api
DRX945809	DRR968174	public	search_api
DRX945810	DRR968175	public	search_api
DRX945811	DRR968176	public	search_api
DRX945812	DRR968177	public	search_api
DRX945813	DRR968178	public	search_api
DRX945815	DRR968180	public	search_api
DRX945816	DRR968181	public	search_api
DRX945817	DRR968182	public	search_api
DRX945818	DRR968183	public	search_api
DRX945820	DRR968185	public	search_api
DRX945821	DRR968186	public	search_api
DRX945822	DRR968187	public	search_api
DRX945823	DRR968188	public	search_api
DRX945824	DRR968189	public	search_api
DRX945825	DRR968190	public	search_api
DRX945827	DRR968192	public	search_api
DRX945828	DRR968193	public	search_api
DRX945829	DRR968194	public	search_api
DRX945831	DRR968196	public	search_api
DRX945833	DRR968198	public	search_api
DRX945834	DRR968199	public	search_api
DRX945835	DRR968200	public	search_api
DRX945836	DRR968201	public	search_api
DRX945837	DRR968202	public	search_api
DRX945838	DRR968203	public	search_api
DRX945840	DRR968205	public	search_api
DRX945841	DRR968206	public	search_api
DRX945842	DRR968207	public	search_api
DRX945843	DRR968208	public	search_api
DRX945844	DRR968209	public	search_api
DRX945845	DRR968210	public	search_api
DRX945846	DRR968211	public	search_api
DRX945847	DRR968212	public	search_api
DRX945848	DRR968213	public	search_api
DRX945853	DRR968218	public	search_api
DRX945854	DRR968219	public	search_api
DRX945855	DRR968220	public	search_api
DRX945856	DRR968221	public	search_api
DRX945857	DRR968222	public	search_api
DRX945858	DRR968223	public	search_api
DRX945859	DRR968224	public	search_api
DRX945860	DRR968225	public	search_api
DRX945861	DRR968226	public	search_api
DRX945862	DRR968227	public	search_api
DRX945863	DRR968228	public	search_api
DRX945864	DRR968229	public	search_api
DRX945865	DRR968230	public	search_api
DRX945866	DRR968231	public	search_api
DRX945869	DRR968234	public	search_api
DRX945870	DRR968235	public	search_api
DRX945872	DRR968237	public	search_api
DRX945873	DRR968238	public	search_api
DRX945874	DRR968239	public	search_api
DRX945875	DRR968240	public	search_api
DRX945876	DRR968241	public	search_api
DRX945877	DRR968242	public	search_api
DRX945880	DRR968245	public	search_api
DRX945881	DRR968246	public	search_api
DRX945882	DRR968247	public	search_api
DRX945883	DRR968248	public	search_api
DRX945884	DRR968249	public	search_api
DRX945885	DRR968250	public	search_api
DRX945886	DRR968251	public	search_api
DRX945887	DRR968252	public	search_api
DRX945888	DRR968253	public	search_api
DRX945889	DRR968254	public	search_api
DRX945890	DRR968255	public	search_api
DRX945891	DRR968256	public	search_api
DRX945893	DRR968258	public	search_api
DRX945894	DRR968259	public	search_api
DRX945895	DRR968260	public	search_api
DRX945896	DRR968261	public	search_api
DRX945898	DRR968263	public	search_api
DRX945899	DRR968264	public	search_api
DRX945900	DRR968265	public	search_api
DRX945901	DRR968266	public	search_api
DRX945902	DRR968267	public	search_api
DRX945903	DRR968268	public	search_api
DRX945904	DRR968269	public	search_api
DRX945905	DRR968270	public	search_api
DRX945906	DRR968271	public	search_api
DRX945907	DRR968272	public	search_api
DRX945908	DRR968273	public	search_api
DRX945909	DRR968274	public	search_api
DRX945910	DRR968275	public	search_api
DRX945911	DRR968276	public	search_api
DRX945912	DRR968277	public	search_api
DRX945913	DRR968278	public	search_api
DRX945914	DRR968279	public	search_api
DRX945915	DRR968280	public	search_api
DRX945916	DRR968281	public	search_api
DRX945918	DRR968283	public	search_api
DRX945919	DRR968284	public	search_api
DRX945920	DRR968285	public	search_api
DRX945921	DRR968286	public	search_api
DRX945922	DRR968287	public	search_api
DRX945923	DRR968288	public	search_api
DRX945924	DRR968289	public	search_api
DRX945925	DRR968290	public	search_api
DRX945926	DRR968291	public	search_api
DRX945927	DRR968292	public	search_api
DRX945928	DRR968293	public	search_api
DRX945929	DRR968294	public	search_api
DRX945930	DRR968295	public	search_api
DRX945933	DRR968298	public	search_api
DRX945935	DRR968300	public	search_api
DRX945936	DRR968301	public	search_api
DRX945937	DRR968302	public	search_api
DRX945938	DRR968303	public	search_api
DRX945940	DRR968305	public	search_api
DRX945941	DRR968306	public	search_api
DRX945942	DRR968307	public	search_api
DRX945944	DRR968309	public	search_api
DRX945945	DRR968310	public	search_api
DRX945946	DRR968311	public	search_api
DRX945947	DRR968312	public	search_api
DRX945948	DRR968313	public	search_api
DRX945949	DRR968314	public	search_api
DRX945953	DRR968318	public	search_api
DRX945954	DRR968319	public	search_api
DRX945956	DRR968321	public	search_api
DRX945958	DRR968323	public	search_api
DRX945959	DRR968324	public	search_api
DRX945960	DRR968325	public	search_api
DRX945961	DRR968326	public	search_api
DRX945963	DRR968328	public	search_api
DRX945964	DRR968329	public	search_api
DRX945965	DRR968330	public	search_api
DRX945966	DRR968331	public	search_api
DRX945967	DRR968332	public	search_api
DRX945968	DRR968333	public	search_api
DRX945970	DRR968335	public	search_api
DRX945971	DRR968336	public	search_api
DRX945972	DRR968337	public	search_api
DRX945973	DRR968338	public	search_api
DRX945974	DRR968339	public	search_api
DRX945976	DRR968341	public	search_api
DRX945977	DRR968342	public	search_api
DRX945978	DRR968343	public	search_api
DRX945980	DRR968345	public	search_api
DRX945981	DRR968346	public	search_api
DRX945982	DRR968347	public	search_api
DRX945983	DRR968348	public	search_api
DRX945984	DRR968349	public	search_api
DRX945985	DRR968350	public	search_api
DRX945986	DRR968351	public	search_api
DRX945988	DRR968353	public	search_api
DRX945989	DRR968354	public	search_api
DRX945990	DRR968355	public	search_api
DRX945991	DRR968356	public	search_api
DRX945992	DRR968357	public	search_api
DRX945993	DRR968358	public	search_api
DRX945994	DRR968359	public	search_api
DRX945995	DRR968360	public	search_api
DRX945996	DRR968361	public	search_api
DRX945997	DRR968362	public	search_api
DRX945998	DRR968363	public	search_api
DRX946001	DRR968366	public	search_api
DRX946002	DRR968367	public	search_api
DRX946003	DRR968368	public	search_api
DRX946005	DRR968370	public	search_api
DRX946006	DRR968371	public	search_api
DRX946007	DRR968372	public	search_api
DRX946008	DRR968373	public	search_api
DRX946009	DRR968374	public	search_api
DRX946011	DRR968376	public	search_api
DRX946012	DRR968377	public	search_api
DRX946013	DRR968378	public	search_api
DRX946014	DRR968379	public	search_api
DRX946015	DRR968380	public	search_api
DRX946016	DRR968381	public	search_api
DRX946017	DRR968382	public	search_api
DRX946018	DRR968383	public	search_api
DRX946020	DRR968385	public	search_api
DRX946022	DRR968387	public	search_api
DRX946024	DRR968389	public	search_api
DRX946026	DRR968391	public	search_api
DRX946027	DRR968392	public	search_api
DRX946028	DRR968393	public	search_api
DRX946030	DRR968395	public	search_api
DRX946031	DRR968396	public	search_api
DRX946032	DRR968397	public	search_api
DRX946033	DRR968398	public	search_api
DRX946034	DRR968399	public	search_api
DRX946035	DRR968400	public	search_api
DRX946036	DRR968401	public	search_api
DRX946037	DRR968402	public	search_api
DRX946038	DRR968403	public	search_api
DRX946040	DRR968405	public	search_api
DRX946041	DRR968406	public	search_api
DRX946042	DRR968407	public	search_api
DRX946043	DRR968408	public	search_api
DRX946044	DRR968409	public	search_api
DRX946045	DRR968410	public	search_api
DRX946046	DRR968411	public	search_api
DRX946047	DRR968412	public	search_api
DRX946048	DRR968413	public	search_api
DRX946049	DRR968414	public	search_api
DRX946050	DRR968415	public	search_api
DRX946051	DRR968416	public	search_api
DRX946052	DRR968417	public	search_api
DRX946053	DRR968418	public	search_api
DRX946054	DRR968419	public	search_api
DRX946055	DRR968420	public	search_api
DRX946056	DRR968421	public	search_api
DRX946057	DRR968422	public	search_api
DRX946058	DRR968423	public	search_api
DRX946059	DRR968424	public	search_api
DRX946060	DRR968425	public	search_api
DRX946061	DRR968426	public	search_api
DRX946062	DRR968427	public	search_api
DRX946063	DRR968428	public	search_api
DRX946064	DRR968429	public	search_api
DRX946065	DRR968430	public	search_api
DRX946066	DRR968431	public	search_api
DRX946067	DRR968432	public	search_api
DRX946068	DRR968433	public	search_api
DRX946069	DRR968434	public	search_api
DRX946070	DRR968435	public	search_api
DRX946072	DRR968437	public	search_api
DRX946073	DRR968438	public	search_api
DRX946074	DRR968439	public	search_api
DRX946076	DRR968441	public	search_api
DRX946077	DRR968442	public	search_api
DRX946078	DRR968443	public	search_api
DRX946079	DRR968444	public	search_api
DRX946080	DRR968445	public	search_api
DRX946081	DRR968446	public	search_api
DRX946082	DRR968447	public	search_api
DRX946084	DRR968449	public	search_api
DRX946086	DRR968451	public	search_api
DRX946087	DRR968452	public	search_api
DRX946088	DRR968453	public	search_api
DRX946090	DRR968455	public	search_api
DRX946091	DRR968456	public	search_api
DRX946092	DRR968457	public	search_api
DRX946093	DRR968458	public	search_api
DRX946094	DRR968459	public	search_api
DRX946095	DRR968460	public	search_api
DRX946096	DRR968461	public	search_api
DRX946097	DRR968462	public	search_api
DRX946100	DRR968465	public	search_api
DRX946101	DRR968466	public	search_api
DRX946102	DRR968467	public	search_api
DRX946104	DRR968469	public	search_api
DRX946105	DRR968470	public	search_api
DRX946106	DRR968471	public	search_api
DRX946107	DRR968472	public	search_api
DRX946108	DRR968473	public	search_api
DRX946109	DRR968474	public	search_api
DRX946110	DRR968475	public	search_api
DRX946111	DRR968476	public	search_api
DRX946112	DRR968477	public	search_api
DRX946113	DRR968478	public	search_api
DRX946114	DRR968479	public	search_api
DRX946115	DRR968480	public	search_api
DRX946116	DRR968481	public	search_api
DRX946117	DRR968482	public	search_api
DRX946118	DRR968483	public	search_api
DRX946119	DRR968484	public	search_api
DRX946120	DRR968485	public	search_api
DRX946121	DRR968486	public	search_api
DRX946122	DRR968487	public	search_api
DRX946123	DRR968488	public	search_api
DRX946124	DRR968489	public	search_api
DRX946125	DRR968490	public	search_api
DRX946126	DRR968491	public	search_api
DRX946127	DRR968492	public	search_api
DRX946128	DRR968493	public	search_api
DRX946129	DRR968494	public	search_api
DRX946130	DRR968495	public	search_api
DRX946131	DRR968496	public	search_api
DRX946132	DRR968497	public	search_api
DRX946134	DRR968499	public	search_api
DRX946135	DRR968500	public	search_api
DRX946136	DRR968501	public	search_api
DRX946137	DRR968502	public	search_api
DRX946138	DRR968503	public	search_api
DRX946139	DRR968504	public	search_api
DRX946140	DRR968505	public	search_api
DRX946141	DRR968506	public	search_api
DRX946142	DRR968507	public	search_api
DRX946143	DRR968508	public	search_api
DRX946144	DRR968509	public	search_api
DRX946145	DRR968510	public	search_api
DRX946146	DRR968511	public	search_api
DRX946147	DRR968512	public	search_api
DRX946148	DRR968513	public	search_api
DRX946149	DRR968514	public	search_api
DRX946151	DRR968516	public	search_api
DRX946152	DRR968517	public	search_api
DRX946154	DRR968519	public	search_api
DRX946156	DRR968521	public	search_api
DRX946158	DRR968523	public	search_api
DRX946159	DRR968524	public	search_api
DRX946160	DRR968525	public	search_api
DRX946161	DRR968526	public	search_api
DRX946162	DRR968527	public	search_api
DRX946164	DRR968529	public	search_api
DRX946165	DRR968530	public	search_api
DRX946166	DRR968531	public	search_api
DRX946168	DRR968533	public	search_api
DRX946170	DRR968535	public	search_api
DRX946171	DRR968536	public	search_api
DRX946173	DRR968538	public	search_api
DRX946174	DRR968539	public	search_api
DRX946175	DRR968540	public	search_api
DRX946176	DRR968541	public	search_api
DRX946177	DRR968542	public	search_api
DRX946179	DRR968544	public	search_api
DRX946181	DRR968546	public	search_api
DRX946182	DRR968547	public	search_api
DRX946183	DRR968548	public	search_api
DRX946184	DRR968549	public	search_api
DRX946186	DRR968551	public	search_api
DRX946187	DRR968552	public	search_api
DRX946188	DRR968553	public	search_api
DRX946189	DRR968554	public	search_api
DRX946190	DRR968555	public	search_api
DRX946192	DRR968557	public	search_api
DRX946193	DRR968558	public	search_api
DRX946194	DRR968559	public	search_api
DRX946195	DRR968560	public	search_api
DRX946196	DRR968561	public	search_api
DRX946197	DRR968562	public	search_api
DRX946198	DRR968563	public	search_api
DRX946199	DRR968564	public	search_api
DRX946200	DRR968565	public	search_api
DRX946201	DRR968566	public	search_api
DRX946202	DRR968567	public	search_api
DRX946204	DRR968569	public	search_api
DRX946205	DRR968570	public	search_api
DRX946206	DRR968571	public	search_api
DRX946207	DRR968572	public	search_api
DRX946208	DRR968573	public	search_api
DRX946209	DRR968574	public	search_api
DRX946211	DRR968576	public	search_api
DRX946212	DRR968577	public	search_api
DRX946213	DRR968578	public	search_api
DRX946214	DRR968579	public	search_api
DRX946215	DRR968580	public	search_api
DRX946216	DRR968581	public	search_api
DRX946217	DRR968582	public	search_api
DRX946218	DRR968583	public	search_api
DRX946219	DRR968584	public	search_api
DRX946220	DRR968585	public	search_api
DRX946221	DRR968586	public	search_api
DRX946222	DRR968587	public	search_api
DRX946223	DRR968588	public	search_api
DRX946224	DRR968589	public	search_api
DRX946225	DRR968590	public	search_api
DRX946226	DRR968591	public	search_api
DRX946227	DRR968592	public	search_api
DRX946228	DRR968593	public	search_api
DRX946229	DRR968594	public	search_api
DRX946230	DRR968595	public	search_api
DRX946231	DRR968596	public	search_api
DRX946232	DRR968597	public	search_api
DRX946233	DRR968598	public	search_api
DRX946234	DRR968599	public	search_api
DRX946235	DRR968600	public	search_api
DRX946236	DRR968601	public	search_api
DRX946237	DRR968602	public	search_api
DRX946239	DRR968604	public	search_api
DRX946240	DRR968605	public	search_api
DRX946241	DRR968606	public	search_api
DRX946242	DRR968607	public	search_api
DRX946243	DRR968608	public	search_api
DRX946244	DRR968609	public	search_api
DRX946246	DRR968611	public	search_api
DRX946247	DRR968612	public	search_api
DRX946248	DRR968613	public	search_api
DRX946249	DRR968614	public	search_api
DRX946250	DRR968615	public	search_api
DRX946251	DRR968616	public	search_api
DRX946252	DRR968617	public	search_api
DRX946253	DRR968618	public	search_api
DRX946254	DRR968619	public	search_api
DRX946255	DRR968620	public	search_api
DRX946256	DRR968621	public	search_api
DRX946257	DRR968622	public	search_api
DRX946258	DRR968623	public	search_api
DRX946259	DRR968624	public	search_api
DRX946260	DRR968625	public	search_api
DRX946261	DRR968626	public	search_api
DRX946262	DRR968627	public	search_api
DRX946263	DRR968628	public	search_api
DRX946264	DRR968629	public	search_api
DRX946265	DRR968630	public	search_api
DRX946266	DRR968631	public	search_api
DRX946267	DRR968632	public	search_api
DRX946268	DRR968633	public	search_api
DRX946269	DRR968634	public	search_api
DRX946270	DRR968635	public	search_api
DRX946271	DRR968636	public	search_api
DRX946272	DRR968637	public	search_api
DRX946275	DRR968640	public	search_api
DRX946276	DRR968641	public	search_api
DRX946277	DRR968642	public	search_api
DRX946278	DRR968643	public	search_api
DRX946279	DRR968644	public	search_api
DRX946280	DRR968645	public	search_api
DRX946281	DRR968646	public	search_api
DRX946283	DRR968648	public	search_api
DRX946285	DRR968650	public	search_api
DRX946286	DRR968651	public	search_api
DRX946287	DRR968652	public	search_api
DRX946288	DRR968653	public	search_api
DRX946289	DRR968654	public	search_api
DRX946291	DRR968656	public	search_api
DRX946292	DRR968657	public	search_api
DRX946294	DRR968659	public	search_api
DRX946295	DRR968660	public	search_api
DRX946296	DRR968661	public	search_api
DRX946297	DRR968662	public	search_api
DRX946298	DRR968663	public	search_api
DRX946299	DRR968664	public	search_api
DRX946301	DRR968666	public	search_api
DRX946302	DRR968667	public	search_api
DRX946303	DRR968668	public	search_api
DRX946304	DRR968669	public	search_api
DRX946306	DRR968671	public	search_api
DRX946307	DRR968672	public	search_api
DRX946308	DRR968673	public	search_api
DRX946309	DRR968674	public	search_api
DRX946310	DRR968675	public	search_api
DRX946311	DRR968676	public	search_api
DRX946312	DRR968677	public	search_api
DRX946313	DRR968678	public	search_api
DRX946315	DRR968680	public	search_api
DRX946317	DRR968682	public	search_api
DRX946319	DRR968684	public	search_api
DRX946320	DRR968685	public	search_api
DRX946321	DRR968686	public	search_api
DRX946322	DRR968687	public	search_api
DRX946324	DRR968689	public	search_api
DRX946325	DRR968690	public	search_api
DRX946326	DRR968691	public	search_api
DRX946327	DRR968692	public	search_api
DRX946328	DRR968693	public	search_api
DRX946329	DRR968694	public	search_api
DRX946330	DRR968695	public	search_api
DRX946331	DRR968696	public	search_api
DRX946332	DRR968697	public	search_api
DRX946333	DRR968698	public	search_api
DRX946334	DRR968699	public	search_api
DRX946335	DRR968700	public	search_api
DRX946336	DRR968701	public	search_api
DRX946337	DRR968702	public	search_api
DRX946338	DRR968703	public	search_api
DRX946339	DRR968704	public	search_api
DRX946340	DRR968705	public	search_api
DRX946341	DRR968706	public	search_api
DRX946343	DRR968708	public	search_api
DRX946344	DRR968709	public	search_api
DRX946346	DRR968711	public	search_api
DRX946347	DRR968712	public	search_api
DRX946348	DRR968713	public	search_api
DRX946349	DRR968714	public	search_api
DRX946350	DRR968715	public	search_api
DRX946351	DRR968716	public	search_api
DRX946353	DRR968718	public	search_api
DRX946354	DRR968719	public	search_api
DRX946355	DRR968720	public	search_api
DRX946356	DRR968721	public	search_api
DRX946357	DRR968722	public	search_api
DRX946358	DRR968723	public	search_api
DRX946359	DRR968724	public	search_api
DRX946361	DRR968726	public	search_api
DRX946362	DRR968727	public	search_api
DRX946363	DRR968728	public	search_api
DRX946364	DRR968729	public	search_api
DRX946365	DRR968730	public	search_api
DRX946366	DRR968731	public	search_api
DRX946367	DRR968732	public	search_api
DRX946368	DRR968733	public	search_api
DRX946369	DRR968734	public	search_api
DRX946370	DRR968735	public	search_api
DRX946371	DRR968736	public	search_api
DRX946373	DRR968738	public	search_api
DRX946374	DRR968739	public	search_api
DRX946377	DRR968742	public	search_api
DRX946378	DRR968743	public	search_api
DRX946380	DRR968745	public	search_api
DRX946381	DRR968746	public	search_api
DRX946383	DRR968748	public	search_api
DRX946384	DRR968749	public	search_api
DRX946385	DRR968750	public	search_api
DRX946387	DRR968752	public	search_api
DRX946388	DRR968753	public	search_api
DRX946389	DRR968754	public	search_api
DRX946390	DRR968755	public	search_api
DRX946391	DRR968756	public	search_api
DRX946393	DRR968758	public	search_api
DRX946394	DRR968759	public	search_api
DRX946395	DRR968760	public	search_api
DRX946396	DRR968761	public	search_api
DRX946397	DRR968762	public	search_api
DRX946398	DRR968763	public	search_api
DRX946399	DRR968764	public	search_api
DRX946401	DRR968766	public	search_api
DRX946402	DRR968767	public	search_api
DRX946403	DRR968768	public	search_api
DRX946404	DRR968769	public	search_api
DRX946405	DRR968770	public	search_api
DRX946406	DRR968771	public	search_api
DRX946407	DRR968772	public	search_api
DRX946408	DRR968773	public	search_api
DRX946410	DRR968775	public	search_api
DRX946411	DRR968776	public	search_api
DRX946412	DRR968777	public	search_api
DRX946413	DRR968778	public	search_api
DRX946414	DRR968779	public	search_api
DRX946415	DRR968780	public	search_api
DRX946416	DRR968781	public	search_api
DRX946418	DRR968783	public	search_api
DRX946420	DRR968785	public	search_api
DRX946421	DRR968786	public	search_api
DRX946422	DRR968787	public	search_api
DRX946424	DRR968789	public	search_api
DRX946425	DRR968790	public	search_api
DRX946426	DRR968791	public	search_api
DRX946427	DRR968792	public	search_api
DRX946429	DRR968794	public	search_api
DRX946431	DRR968796	public	search_api
DRX946432	DRR968797	public	search_api
DRX946433	DRR968798	public	search_api
DRX946434	DRR968799	public	search_api
DRX946435	DRR968800	public	search_api
DRX946436	DRR968801	public	search_api
DRX946437	DRR968802	public	search_api
DRX946438	DRR968803	public	search_api
DRX946440	DRR968805	public	search_api
DRX946442	DRR968807	public	search_api
DRX946443	DRR968808	public	search_api
DRX946445	DRR968810	public	search_api
DRX946447	DRR968812	public	search_api
DRX946448	DRR968813	public	search_api
DRX946449	DRR968814	public	search_api
DRX946450	DRR968815	public	search_api
DRX946451	DRR968816	public	search_api
DRX946452	DRR968817	public	search_api
DRX946453	DRR968818	public	search_api
DRX946454	DRR968819	public	search_api
DRX946456	DRR968821	public	search_api
DRX946457	DRR968822	public	search_api
DRX946458	DRR968823	public	search_api
DRX946459	DRR968824	public	search_api
DRX946460	DRR968825	public	search_api
DRX946461	DRR968826	public	search_api
DRX946462	DRR968827	public	search_api
DRX946463	DRR968828	public	search_api
DRX946464	DRR968829	public	search_api
DRX946465	DRR968830	public	search_api
DRX946466	DRR968831	public	search_api
DRX946467	DRR968832	public	search_api
DRX946468	DRR968833	public	search_api
DRX946469	DRR968834	public	search_api
DRX946470	DRR968835	public	search_api
DRX946471	DRR968836	public	search_api
DRX946472	DRR968837	public	search_api
DRX946473	DRR968838	public	search_api
DRX946474	DRR968839	public	search_api
DRX946475	DRR968840	public	search_api
DRX946476	DRR968841	public	search_api
DRX946478	DRR968843	public	search_api
DRX946480	DRR968845	public	search_api
DRX946481	DRR968846	public	search_api
DRX946482	DRR968847	public	search_api
DRX946483	DRR968848	public	search_api
DRX946485	DRR968850	public	search_api
DRX946486	DRR968851	public	search_api
DRX946487	DRR968852	public	search_api
DRX946488	DRR968853	public	search_api
DRX946489	DRR968854	public	search_api
DRX946491	DRR968856	public	search_api
DRX946492	DRR968857	public	search_api
DRX946493	DRR968858	public	search_api
DRX946494	DRR968859	public	search_api
DRX946495	DRR968860	public	search_api
DRX946496	DRR968861	public	search_api
DRX946497	DRR968862	public	search_api
DRX946498	DRR968863	public	search_api
DRX946499	DRR968864	public	search_api
DRX946502	DRR968867	public	search_api
DRX946503	DRR968868	public	search_api
DRX946505	DRR968870	public	search_api
DRX946506	DRR968871	public	search_api
DRX946507	DRR968872	public	search_api
DRX946508	DRR968873	public	search_api
DRX946509	DRR968874	public	search_api
DRX946510	DRR968875	public	search_api
DRX946511	DRR968876	public	search_api
DRX946512	DRR968877	public	search_api
DRX946514	DRR968879	public	search_api
DRX946515	DRR968880	public	search_api
DRX946516	DRR968881	public	search_api
DRX946517	DRR968882	public	search_api
DRX946518	DRR968883	public	search_api
DRX946519	DRR968884	public	search_api
DRX946520	DRR968885	public	search_api
DRX946521	DRR968886	public	search_api
DRX946522	DRR968887	public	search_api
DRX946523	DRR968888	public	search_api
DRX946524	DRR968889	public	search_api
DRX946525	DRR968890	public	search_api
DRX946526	DRR968891	public	search_api
DRX946528	DRR968893	public	search_api
DRX946529	DRR968894	public	search_api
DRX946530	DRR968895	public	search_api
DRX946531	DRR968896	public	search_api
DRX946532	DRR968897	public	search_api
DRX946533	DRR968898	public	search_api
DRX946534	DRR968899	public	search_api
DRX946535	DRR968900	public	search_api
DRX946536	DRR968901	public	search_api
DRX946537	DRR968902	public	search_api
DRX946538	DRR968903	public	search_api
DRX946539	DRR968904	public	search_api
DRX946541	DRR968906	public	search_api
DRX946542	DRR968907	public	search_api
DRX946543	DRR968908	public	search_api
DRX946544	DRR968909	public	search_api
DRX946546	DRR968911	public	search_api
DRX946548	DRR968913	public	search_api
DRX946549	DRR968914	public	search_api
DRX946550	DRR968915	public	search_api
DRX946552	DRR968917	public	search_api
DRX946553	DRR968918	public	search_api
DRX946554	DRR968919	public	search_api
DRX946555	DRR968920	public	search_api
DRX946556	DRR968921	public	search_api
DRX946557	DRR968922	public	search_api
DRX946559	DRR968924	public	search_api
DRX946560	DRR968925	public	search_api
DRX946561	DRR968926	public	search_api
DRX946562	DRR968927	public	search_api
DRX946563	DRR968928	public	search_api
DRX946564	DRR968929	public	search_api
DRX946565	DRR968930	public	search_api
DRX946566	DRR968931	public	search_api
DRX946567	DRR968932	public	search_api
DRX946568	DRR968933	public	search_api
DRX946569	DRR968934	public	search_api
DRX946570	DRR968935	public	search_api
DRX946571	DRR968936	public	search_api
DRX946572	DRR968937	public	search_api
DRX946573	DRR968938	public	search_api
DRX946574	DRR968939	public	search_api
DRX946575	DRR968940	public	search_api
DRX946576	DRR968941	public	search_api
DRX946577	DRR968942	public	search_api
DRX946578	DRR968943	public	search_api
DRX946579	DRR968944	public	search_api
DRX946580	DRR968945	public	search_api
DRX946581	DRR968946	public	search_api
DRX946583	DRR968948	public	search_api
DRX946584	DRR968949	public	search_api
DRX946585	DRR968950	public	search_api
DRX946586	DRR968951	public	search_api
DRX946587	DRR968952	public	search_api
DRX946588	DRR968953	public	search_api
DRX946590	DRR968955	public	search_api
DRX946591	DRR968956	public	search_api
DRX946592	DRR968957	public	search_api
DRX946593	DRR968958	public	search_api
DRX946594	DRR968959	public	search_api
DRX946595	DRR968960	public	search_api
DRX946596	DRR968961	public	search_api
DRX946598	DRR968963	public	search_api
DRX946599	DRR968964	public	search_api
DRX946600	DRR968965	public	search_api
DRX946601	DRR968966	public	search_api
DRX946603	DRR968968	public	search_api
DRX946605	DRR968970	public	search_api
DRX946606	DRR968971	public	search_api
DRX946607	DRR968972	public	search_api
DRX946608	DRR968973	public	search_api
DRX946610	DRR968975	public	search_api
DRX946611	DRR968976	public	search_api
DRX946612	DRR968977	public	search_api
DRX946614	DRR968979	public	search_api
DRX946615	DRR968980	public	search_api
DRX946617	DRR968982	public	search_api
DRX946618	DRR968983	public	search_api
DRX946621	DRR968986	public	search_api
DRX946622	DRR968987	public	search_api
DRX946623	DRR968988	public	search_api
DRX946624	DRR968989	public	search_api
DRX946625	DRR968990	public	search_api
DRX946627	DRR968992	public	search_api
DRX946628	DRR968993	public	search_api
DRX946629	DRR968994	public	search_api
DRX946630	DRR968995	public	search_api
DRX946631	DRR968996	public	search_api
DRX946632	DRR968997	public	search_api
DRX946633	DRR968998	public	search_api
DRX946634	DRR968999	public	search_api
DRX946635	DRR969000	public	search_api
DRX946636	DRR969001	public	search_api
DRX946637	DRR969002	public	search_api
DRX946639	DRR969004	public	search_api
DRX946640	DRR969005	public	search_api
DRX946641	DRR969006	public	search_api
DRX946642	DRR969007	public	search_api
DRX946643	DRR969008	public	search_api
DRX946644	DRR969009	public	search_api
DRX946645	DRR969010	public	search_api
DRX946646	DRR969011	public	search_api
DRX946647	DRR969012	public	search_api
DRX946648	DRR969013	public	search_api
DRX946649	DRR969014	public	search_api
DRX946650	DRR969015	public	search_api
DRX946651	DRR969016	public	search_api
DRX946653	DRR969018	public	search_api
DRX946656	DRR969021	public	search_api
DRX946657	DRR969022	public	search_api
DRX946658	DRR969023	public	search_api
DRX946659	DRR969024	public	search_api
DRX946660	DRR969025	public	search_api
DRX946661	DRR969026	public	search_api
DRX946662	DRR969027	public	search_api
DRX946663	DRR969028	public	search_api
DRX946664	DRR969029	public	search_api
DRX946665	DRR969030	public	search_api
DRX946666	DRR969031	public	search_api
DRX946667	DRR969032	public	search_api
DRX946668	DRR969033	public	search_api
DRX946669	DRR969034	public	search_api
DRX946670	DRR969035	public	search_api
DRX946671	DRR969036	public	search_api
DRX946672	DRR969037	public	search_api
DRX946673	DRR969038	public	search_api
DRX946674	DRR969039	public	search_api
DRX946675	DRR969040	public	search_api
DRX946676	DRR969041	public	search_api
DRX946677	DRR969042	public	search_api
DRX946678	DRR969043	public	search_api
DRX946680	DRR969045	public	search_api
DRX946681	DRR969046	public	search_api
DRX946682	DRR969047	public	search_api
DRX946683	DRR969048	public	search_api
DRX946685	DRR969050	public	search_api
DRX946686	DRR969051	public	search_api
DRX946687	DRR969052	public	search_api
DRX946689	DRR969054	public	search_api
DRX946690	DRR969055	public	search_api
DRX946691	DRR969056	public	search_api
DRX946692	DRR969057	public	search_api
DRX946694	DRR969059	public	search_api
DRX946695	DRR969060	public	search_api
DRX946696	DRR969061	public	search_api
DRX946697	DRR969062	public	search_api
DRX946699	DRR969064	public	search_api
DRX946701	DRR969066	public	search_api
DRX946702	DRR969067	public	search_api
DRX946703	DRR969068	public	search_api
DRX946704	DRR969069	public	search_api
DRX946706	DRR969071	public	search_api
DRX946707	DRR969072	public	search_api
DRX946708	DRR969073	public	search_api
DRX946709	DRR969074	public	search_api
DRX946710	DRR969075	public	search_api
DRX946711	DRR969076	public	search_api
DRX946712	DRR969077	public	search_api
DRX946713	DRR969078	public	search_api
DRX946714	DRR969079	public	search_api
DRX946715	DRR969080	public	search_api
DRX946716	DRR969081	public	search_api
DRX946717	DRR969082	public	search_api
DRX946719	DRR969084	public	search_api
DRX946720	DRR969085	public	search_api
DRX946721	DRR969086	public	search_api
DRX946722	DRR969087	public	search_api
DRX946723	DRR969088	public	search_api
DRX946724	DRR969089	public	search_api
DRX946725	DRR969090	public	search_api
DRX946726	DRR969091	public	search_api
DRX946728	DRR969093	public	search_api
DRX946729	DRR969094	public	search_api
DRX946730	DRR969095	public	search_api
DRX946731	DRR969096	public	search_api
DRX946732	DRR969097	public	search_api
DRX946733	DRR969098	public	search_api
DRX946734	DRR969099	public	search_api
DRX946735	DRR969100	public	search_api
DRX946736	DRR969101	public	search_api
DRX946738	DRR969103	public	search_api
DRX946739	DRR969104	public	search_api
DRX946740	DRR969105	public	search_api
DRX946741	DRR969106	public	search_api
DRX946742	DRR969107	public	search_api
DRX946743	DRR969108	public	search_api
DRX946744	DRR969109	public	search_api
DRX946746	DRR969111	public	search_api
DRX946747	DRR969112	public	search_api
DRX946748	DRR969113	public	search_api
DRX946749	DRR969114	public	search_api
DRX946750	DRR969115	public	search_api
DRX946751	DRR969116	public	search_api
DRX946752	DRR969117	public	search_api
DRX946753	DRR969118	public	search_api
DRX946756	DRR969121	public	search_api
DRX946757	DRR969122	public	search_api
DRX946758	DRR969123	public	search_api
DRX946759	DRR969124	public	search_api
DRX946760	DRR969125	public	search_api
DRX946761	DRR969126	public	search_api
DRX946762	DRR969127	public	search_api
DRX946763	DRR969128	public	search_api
DRX946764	DRR969129	public	search_api
DRX946765	DRR969130	public	search_api
DRX946766	DRR969131	public	search_api
DRX946767	DRR969132	public	search_api
DRX946769	DRR969134	public	search_api
DRX946770	DRR969135	public	search_api
DRX946771	DRR969136	public	search_api
DRX946772	DRR969137	public	search_api
DRX946773	DRR969138	public	search_api
DRX946774	DRR969139	public	search_api
DRX946775	DRR969140	public	search_api
DRX946777	DRR969142	public	search_api
DRX946778	DRR969143	public	search_api
DRX946779	DRR969144	public	search_api
DRX946781	DRR969146	public	search_api
DRX946782	DRR969147	public	search_api
DRX946783	DRR969148	public	search_api
DRX946784	DRR969149	public	search_api
DRX946785	DRR969150	public	search_api
DRX946787	DRR969152	public	search_api
DRX946788	DRR969153	public	search_api
DRX946789	DRR969154	public	search_api
DRX946790	DRR969155	public	search_api
DRX946791	DRR969156	public	search_api
DRX946792	DRR969157	public	search_api
DRX946793	DRR969158	public	search_api
DRX946794	DRR969159	public	search_api
DRX946796	DRR969161	public	search_api
DRX946798	DRR969163	public	search_api
DRX946799	DRR969164	public	search_api
DRX946800	DRR969165	public	search_api
DRX946801	DRR969166	public	search_api
DRX946802	DRR969167	public	search_api
DRX946803	DRR969168	public	search_api
DRX946804	DRR969169	public	search_api
DRX946805	DRR969170	public	search_api
DRX946807	DRR969172	public	search_api
DRX946808	DRR969173	public	search_api
DRX946809	DRR969174	public	search_api
DRX946811	DRR969176	public	search_api
DRX946812	DRR969177	public	search_api
DRX946814	DRR969179	public	search_api
DRX946815	DRR969180	public	search_api
DRX946816	DRR969181	public	search_api
DRX946818	DRR969183	public	search_api
DRX946819	DRR969184	public	search_api
DRX946820	DRR969185	public	search_api
DRX946821	DRR969186	public	search_api
DRX946822	DRR969187	public	search_api
DRX946823	DRR969188	public	search_api
DRX946824	DRR969189	public	search_api
DRX946825	DRR969190	public	search_api
DRX946826	DRR969191	public	search_api
DRX946827	DRR969192	public	search_api
DRX946829	DRR969194	public	search_api
DRX946830	DRR969195	public	search_api
DRX946832	DRR969197	public	search_api
DRX946833	DRR969198	public	search_api
DRX946835	DRR969200	public	search_api
DRX946836	DRR969201	public	search_api
DRX946837	DRR969202	public	search_api
DRX946838	DRR969203	public	search_api
DRX946839	DRR969204	public	search_api
DRX946841	DRR969206	public	search_api
DRX946842	DRR969207	public	search_api
DRX946843	DRR969208	public	search_api
DRX946844	DRR969209	public	search_api
DRX946845	DRR969210	public	search_api
DRX946846	DRR969211	public	search_api
DRX946847	DRR969212	public	search_api
DRX946848	DRR969213	public	search_api
DRX946849	DRR969214	public	search_api
DRX946850	DRR969215	public	search_api
DRX946851	DRR969216	public	search_api
DRX946852	DRR969217	public	search_api
DRX946854	DRR969219	public	search_api
DRX946855	DRR969220	public	search_api
DRX946856	DRR969221	public	search_api
DRX946857	DRR969222	public	search_api
DRX946858	DRR969223	public	search_api
DRX946859	DRR969224	public	search_api
DRX946860	DRR969225	public	search_api
DRX946861	DRR969226	public	search_api
DRX946862	DRR969227	public	search_api
DRX946863	DRR969228	public	search_api
DRX946864	DRR969229	public	search_api
DRX946865	DRR969230	public	search_api
DRX946866	DRR969231	public	search_api
DRX946867	DRR969232	public	search_api
DRX946868	DRR969233	public	search_api
DRX946869	DRR969234	public	search_api
DRX946870	DRR969235	public	search_api
DRX946872	DRR969237	public	search_api
DRX946873	DRR969238	public	search_api
DRX946874	DRR969239	public	search_api
DRX946876	DRR969241	public	search_api
DRX946877	DRR969242	public	search_api
DRX946878	DRR969243	public	search_api
DRX946879	DRR969244	public	search_api
DRX946880	DRR969245	public	search_api
DRX946881	DRR969246	public	search_api
DRX946882	DRR969247	public	search_api
DRX946884	DRR969249	public	search_api
DRX946885	DRR969250	public	search_api
DRX946886	DRR969251	public	search_api
DRX946887	DRR969252	public	search_api
DRX946888	DRR969253	public	search_api
DRX946889	DRR969254	public	search_api
DRX946890	DRR969255	public	search_api
DRX946891	DRR969256	public	search_api
DRX946892	DRR969257	public	search_api
DRX946893	DRR969258	public	search_api
DRX946894	DRR969259	public	search_api
DRX946895	DRR969260	public	search_api
DRX946896	DRR969261	public	search_api
DRX946897	DRR969262	public	search_api
DRX946899	DRR969264	public	search_api
DRX946900	DRR969265	public	search_api
DRX946901	DRR969266	public	search_api
DRX946902	DRR969267	public	search_api
DRX946903	DRR969268	public	search_api
DRX946904	DRR969269	public	search_api
DRX946905	DRR969270	public	search_api
DRX946906	DRR969271	public	search_api
DRX946908	DRR969273	public	search_api
DRX946909	DRR969274	public	search_api
DRX946910	DRR969275	public	search_api
DRX946911	DRR969276	public	search_api
DRX946912	DRR969277	public	search_api
DRX946913	DRR969278	public	search_api
DRX946915	DRR969280	public	search_api
DRX946916	DRR969281	public	search_api
DRX946918	DRR969283	public	search_api
DRX946920	DRR969285	public	search_api
DRX946921	DRR969286	public	search_api
DRX946922	DRR969287	public	search_api
DRX946923	DRR969288	public	search_api
DRX946924	DRR969289	public	search_api
DRX946925	DRR969290	public	search_api
DRX946926	DRR969291	public	search_api
DRX946929	DRR969294	public	search_api
DRX946930	DRR969295	public	search_api
DRX946931	DRR969296	public	search_api
DRX946932	DRR969297	public	search_api
DRX946933	DRR969298	public	search_api
DRX946934	DRR969299	public	search_api
DRX946935	DRR969300	public	search_api
DRX946937	DRR969302	public	search_api
DRX946938	DRR969303	public	search_api
DRX946939	DRR969304	public	search_api
DRX946940	DRR969305	public	search_api
DRX946941	DRR969306	public	search_api
DRX946942	DRR969307	public	search_api
DRX946943	DRR969308	public	search_api
DRX946944	DRR969309	public	search_api
DRX946945	DRR969310	public	search_api
DRX946946	DRR969311	public	search_api
DRX946947	DRR969312	public	search_api
DRX946948	DRR969313	public	search_api
DRX946949	DRR969314	public	search_api
DRX946950	DRR969315	public	search_api
DRX946951	DRR969316	public	search_api
DRX946952	DRR969317	public	search_api
DRX946953	DRR969318	public	search_api
DRX946956	DRR969321	public	search_api
DRX946957	DRR969322	public	search_api
DRX946958	DRR969323	public	search_api
DRX946959	DRR969324	public	search_api
DRX946960	DRR969325	public	search_api
DRX946962	DRR969327	public	search_api
DRX946963	DRR969328	public	search_api
DRX946964	DRR969329	public	search_api
DRX946966	DRR969331	public	search_api
DRX946967	DRR969332	public	search_api
DRX946968	DRR969333	public	search_api
DRX946969	DRR969334	public	search_api
DRX946971	DRR969336	public	search_api
DRX946973	DRR969338	public	search_api
DRX946974	DRR969339	public	search_api
DRX946975	DRR969340	public	search_api
DRX946976	DRR969341	public	search_api
DRX946977	DRR969342	public	search_api
DRX946979	DRR969344	public	search_api
DRX946980	DRR969345	public	search_api
DRX946981	DRR969346	public	search_api
DRX946982	DRR969347	public	search_api
DRX946983	DRR969348	public	search_api
DRX946984	DRR969349	public	search_api
DRX946986	DRR969351	public	search_api
DRX946987	DRR969352	public	search_api
DRX946989	DRR969354	public	search_api
DRX946990	DRR969355	public	search_api
DRX946992	DRR969357	public	search_api
DRX946993	DRR969358	public	search_api
DRX946994	DRR969359	public	search_api
DRX946995	DRR969360	public	search_api
DRX946997	DRR969362	public	search_api
DRX946998	DRR969363	public	search_api
DRX946999	DRR969364	public	search_api
DRX947001	DRR969366	public	search_api
DRX947002	DRR969367	public	search_api
DRX947003	DRR969368	public	search_api
DRX947004	DRR969369	public	search_api
DRX947005	DRR969370	public	search_api
DRX947006	DRR969371	public	search_api
DRX947007	DRR969372	public	search_api
DRX947008	DRR969373	public	search_api
DRX947009	DRR969374	public	search_api
DRX947010	DRR969375	public	search_api
DRX947014	DRR969379	public	search_api
DRX947015	DRR969380	public	search_api
DRX947016	DRR969381	public	search_api
DRX947017	DRR969382	public	search_api
DRX947018	DRR969383	public	search_api
DRX947019	DRR969384	public	search_api
DRX947020	DRR969385	public	search_api
DRX947021	DRR969386	public	search_api
DRX947022	DRR969387	public	search_api
DRX947023	DRR969388	public	search_api
DRX947024	DRR969389	public	search_api
DRX947026	DRR969391	public	search_api
DRX947027	DRR969392	public	search_api
DRX947028	DRR969393	public	search_api
DRX947029	DRR969394	public	search_api
DRX947030	DRR969395	public	search_api
DRX947031	DRR969396	public	search_api
DRX947032	DRR969397	public	search_api
DRX947033	DRR969398	public	search_api
DRX947034	DRR969399	public	search_api
DRX947038	DRR969403	public	search_api
DRX947039	DRR969404	public	search_api
DRX947040	DRR969405	public	search_api
DRX947041	DRR969406	public	search_api
DRX947042	DRR969407	public	search_api
DRX947043	DRR969408	public	search_api
DRX947044	DRR969409	public	search_api
DRX947045	DRR969410	public	search_api
DRX947046	DRR969411	public	search_api
DRX947047	DRR969412	public	search_api
DRX947049	DRR969414	public	search_api
DRX947050	DRR969415	public	search_api
DRX947051	DRR969416	public	search_api
DRX947052	DRR969417	public	search_api
DRX947055	DRR969420	public	search_api
DRX947057	DRR969422	public	search_api
DRX947059	DRR969424	public	search_api
DRX947061	DRR969426	public	search_api
DRX947062	DRR969427	public	search_api
DRX947064	DRR969429	public	search_api
DRX947066	DRR969431	public	search_api
DRX947067	DRR969432	public	search_api
DRX947068	DRR969433	public	search_api
DRX947069	DRR969434	public	search_api
DRX947071	DRR969436	public	search_api
DRX947072	DRR969437	public	search_api
DRX947073	DRR969438	public	search_api
DRX947074	DRR969439	public	search_api
DRX947076	DRR969441	public	search_api
DRX947077	DRR969442	public	search_api
DRX947078	DRR969443	public	search_api
DRX947079	DRR969444	public	search_api
DRX947080	DRR969445	public	search_api
DRX947081	DRR969446	public	search_api
DRX947082	DRR969447	public	search_api
DRX947083	DRR969448	public	search_api
DRX947085	DRR969450	public	search_api
DRX947086	DRR969451	public	search_api
DRX947087	DRR969452	public	search_api
DRX947088	DRR969453	public	search_api
DRX947089	DRR969454	public	search_api
DRX947090	DRR969455	public	search_api
DRX947091	DRR969456	public	search_api
DRX947092	DRR969457	public	search_api
DRX947093	DRR969458	public	search_api
DRX947094	DRR969459	public	search_api
DRX947095	DRR969460	public	search_api
DRX947096	DRR969461	public	search_api
DRX947097	DRR969462	public	search_api
DRX947098	DRR969463	public	search_api
DRX947099	DRR969464	public	search_api
DRX947100	DRR969465	public	search_api
DRX947101	DRR969466	public	search_api
DRX947102	DRR969467	public	search_api
DRX947103	DRR969468	public	search_api
DRX947104	DRR969469	public	search_api
DRX947105	DRR969470	public	search_api
DRX947107	DRR969472	public	search_api
DRX947108	DRR969473	public	search_api
DRX947109	DRR969474	public	search_api
DRX947111	DRR969476	public	search_api
DRX947112	DRR969477	public	search_api
DRX947113	DRR969478	public	search_api
DRX947114	DRR969479	public	search_api
DRX947115	DRR969480	public	search_api
DRX947116	DRR969481	public	search_api
DRX947117	DRR969482	public	search_api
DRX947118	DRR969483	public	search_api
DRX947119	DRR969484	public	search_api
DRX947120	DRR969485	public	search_api
DRX947121	DRR969486	public	search_api
DRX947123	DRR969488	public	search_api
DRX947124	DRR969489	public	search_api
DRX947126	DRR969491	public	search_api
DRX947127	DRR969492	public	search_api
DRX947128	DRR969493	public	search_api
DRX947129	DRR969494	public	search_api
DRX947130	DRR969495	public	search_api
DRX947132	DRR969497	public	search_api
DRX947133	DRR969498	public	search_api
DRX947135	DRR969500	public	search_api
DRX947136	DRR969501	public	search_api
DRX947137	DRR969502	public	search_api
DRX947138	DRR969503	public	search_api
DRX947139	DRR969504	public	search_api
DRX947140	DRR969505	public	search_api
DRX947141	DRR969506	public	search_api
DRX947142	DRR969507	public	search_api
DRX947143	DRR969508	public	search_api
DRX947144	DRR969509	public	search_api
DRX947145	DRR969510	public	search_api
DRX947147	DRR969512	public	search_api
DRX947148	DRR969513	public	search_api
DRX947149	DRR969514	public	search_api
DRX947150	DRR969515	public	search_api
DRX947151	DRR969516	public	search_api
DRX947152	DRR969517	public	search_api
DRX947153	DRR969518	public	search_api
DRX947154	DRR969519	public	search_api
DRX947155	DRR969520	public	search_api
DRX947156	DRR969521	public	search_api
DRX947157	DRR969522	public	search_api
DRX947158	DRR969523	public	search_api
DRX947159	DRR969524	public	search_api
DRX947160	DRR969525	public	search_api
DRX947161	DRR969526	public	search_api
DRX947163	DRR969528	public	search_api
DRX947164	DRR969529	public	search_api
DRX947165	DRR969530	public	search_api
DRX947167	DRR969532	public	search_api
DRX947168	DRR969533	public	search_api
DRX947169	DRR969534	public	search_api
DRX947171	DRR969536	public	search_api
DRX947172	DRR969537	public	search_api
DRX947173	DRR969538	public	search_api
DRX947174	DRR969539	public	search_api
DRX947175	DRR969540	public	search_api
DRX947177	DRR969542	public	search_api
DRX947179	DRR969544	public	search_api
DRX947180	DRR969545	public	search_api
DRX947181	DRR969546	public	search_api
DRX947182	DRR969547	public	search_api
DRX947183	DRR969548	public	search_api
DRX947184	DRR969549	public	search_api
DRX947185	DRR969550	public	search_api
DRX947186	DRR969551	public	search_api
DRX947187	DRR969552	public	search_api
DRX947188	DRR969553	public	search_api
DRX947189	DRR969554	public	search_api
DRX947190	DRR969555	public	search_api
DRX947191	DRR969556	public	search_api
DRX947192	DRR969557	public	search_api
DRX947193	DRR969558	public	search_api
DRX947194	DRR969559	public	search_api
DRX947195	DRR969560	public	search_api
DRX947196	DRR969561	public	search_api
DRX947197	DRR969562	public	search_api
DRX947198	DRR969563	public	search_api
DRX947199	DRR969564	public	search_api
DRX947200	DRR969565	public	search_api
DRX947201	DRR969566	public	search_api
DRX947202	DRR969567	public	search_api
DRX947203	DRR969568	public	search_api
DRX947204	DRR969569	public	search_api
DRX947209	DRR969574	public	search_api
DRX947210	DRR969575	public	search_api
DRX947211	DRR969576	public	search_api
DRX947212	DRR969577	public	search_api
DRX947213	DRR969578	public	search_api
DRX947214	DRR969579	public	search_api
DRX947215	DRR969580	public	search_api
DRX947216	DRR969581	public	search_api
DRX947217	DRR969582	public	search_api
DRX947218	DRR969583	public	search_api
DRX947219	DRR969584	public	search_api
DRX947220	DRR969585	public	search_api
DRX947221	DRR969586	public	search_api
DRX947222	DRR969587	public	search_api
DRX947223	DRR969588	public	search_api
DRX947224	DRR969589	public	search_api
DRX947226	DRR969591	public	search_api
DRX947227	DRR969592	public	search_api
DRX947228	DRR969593	public	search_api
DRX947229	DRR969594	public	search_api
DRX947231	DRR969596	public	search_api
DRX947232	DRR969597	public	search_api
DRX947233	DRR969598	public	search_api
DRX947234	DRR969599	public	search_api
DRX947235	DRR969600	public	search_api
DRX947236	DRR969601	public	search_api
DRX947237	DRR969602	public	search_api
DRX947239	DRR969604	public	search_api
DRX947240	DRR969605	public	search_api
DRX947241	DRR969606	public	search_api
DRX947242	DRR969607	public	search_api
DRX947243	DRR969608	public	search_api
DRX947244	DRR969609	public	search_api
DRX947246	DRR969611	public	search_api
DRX947247	DRR969612	public	search_api
DRX947248	DRR969613	public	search_api
DRX947250	DRR969615	public	search_api
DRX947251	DRR969616	public	search_api
DRX947252	DRR969617	public	search_api
DRX947253	DRR969618	public	search_api
DRX947256	DRR969621	public	search_api
DRX947257	DRR969622	public	search_api
DRX947258	DRR969623	public	search_api
DRX947259	DRR969624	public	search_api
DRX947261	DRR969626	public	search_api
DRX947262	DRR969627	public	search_api
DRX947263	DRR969628	public	search_api
DRX947264	DRR969629	public	search_api
DRX947265	DRR969630	public	search_api
DRX947267	DRR969632	public	search_api
DRX947268	DRR969633	public	search_api
DRX947269	DRR969634	public	search_api
DRX947270	DRR969635	public	search_api
DRX947271	DRR969636	public	search_api
DRX947272	DRR969637	public	search_api
DRX947273	DRR969638	public	search_api
DRX947274	DRR969639	public	search_api
DRX947275	DRR969640	public	search_api
DRX947276	DRR969641	public	search_api
DRX947277	DRR969642	public	search_api
DRX947278	DRR969643	public	search_api
DRX947279	DRR969644	public	search_api
DRX947280	DRR969645	public	search_api
DRX947282	DRR969647	public	search_api
DRX947283	DRR969648	public	search_api
DRX947285	DRR969650	public	search_api
DRX947286	DRR969651	public	search_api
DRX947287	DRR969652	public	search_api
DRX947288	DRR969653	public	search_api
DRX947290	DRR969655	public	search_api
DRX947291	DRR969656	public	search_api
DRX947292	DRR969657	public	search_api
DRX947293	DRR969658	public	search_api
DRX947294	DRR969659	public	search_api
DRX947295	DRR969660	public	search_api
DRX947296	DRR969661	public	search_api
DRX947298	DRR969663	public	search_api
DRX947299	DRR969664	public	search_api
DRX947300	DRR969665	public	search_api
DRX947301	DRR969666	public	search_api
DRX947302	DRR969667	public	search_api
DRX947304	DRR969669	public	search_api
DRX947305	DRR969670	public	search_api
DRX947306	DRR969671	public	search_api
DRX947307	DRR969672	public	search_api
DRX947308	DRR969673	public	search_api
DRX947309	DRR969674	public	search_api
DRX947311	DRR969676	public	search_api
DRX947312	DRR969677	public	search_api
DRX947313	DRR969678	public	search_api
DRX947314	DRR969679	public	search_api
DRX947315	DRR969680	public	search_api
DRX947316	DRR969681	public	search_api
DRX947317	DRR969682	public	search_api
DRX947318	DRR969683	public	search_api
DRX947320	DRR969685	public	search_api
DRX947321	DRR969686	public	search_api
DRX947322	DRR969687	public	search_api
DRX947323	DRR969688	public	search_api
DRX947325	DRR969690	public	search_api
DRX947327	DRR969692	public	search_api
DRX947328	DRR969693	public	search_api
DRX947329	DRR969694	public	search_api
DRX947330	DRR969695	public	search_api
DRX947332	DRR969697	public	search_api
DRX947333	DRR969698	public	search_api
DRX947334	DRR969699	public	search_api
DRX947335	DRR969700	public	search_api
DRX947337	DRR969702	public	search_api
DRX947338	DRR969703	public	search_api
DRX947339	DRR969704	public	search_api
DRX947340	DRR969705	public	search_api
DRX947341	DRR969706	public	search_api
DRX947342	DRR969707	public	search_api
DRX947343	DRR969708	public	search_api
DRX947344	DRR969709	public	search_api
DRX947346	DRR969711	public	search_api
DRX947347	DRR969712	public	search_api
DRX947348	DRR969713	public	search_api
DRX947349	DRR969714	public	search_api
DRX947350	DRR969715	public	search_api
DRX947351	DRR969716	public	search_api
DRX947352	DRR969717	public	search_api
DRX947355	DRR969720	public	search_api
DRX947356	DRR969721	public	search_api
DRX947357	DRR969722	public	search_api
DRX947358	DRR969723	public	search_api
DRX947359	DRR969724	public	search_api
DRX947360	DRR969725	public	search_api
DRX947363	DRR969728	public	search_api
DRX947364	DRR969729	public	search_api
DRX947365	DRR969730	public	search_api
DRX947366	DRR969731	public	search_api
DRX947367	DRR969732	public	search_api
DRX947368	DRR969733	public	search_api
DRX947369	DRR969734	public	search_api
DRX947370	DRR969735	public	search_api
DRX947371	DRR969736	public	search_api
DRX947372	DRR969737	public	search_api
DRX947373	DRR969738	public	search_api
DRX947375	DRR969740	public	search_api
DRX947376	DRR969741	public	search_api
DRX947378	DRR969743	public	search_api
DRX947379	DRR969744	public	search_api
DRX947380	DRR969745	public	search_api
DRX947381	DRR969746	public	search_api
DRX947382	DRR969747	public	search_api
DRX947384	DRR969749	public	search_api
DRX947385	DRR969750	public	search_api
DRX947386	DRR969751	public	search_api
DRX947387	DRR969752	public	search_api
DRX947388	DRR969753	public	search_api
DRX947389	DRR969754	public	search_api
DRX947390	DRR969755	public	search_api
DRX947392	DRR969757	public	search_api
DRX947393	DRR969758	public	search_api
DRX947394	DRR969759	public	search_api
DRX947395	DRR969760	public	search_api
DRX947396	DRR969761	public	search_api
DRX947398	DRR969763	public	search_api
DRX947399	DRR969764	public	search_api
DRX947400	DRR969765	public	search_api
DRX947401	DRR969766	public	search_api
DRX947402	DRR969767	public	search_api
DRX947403	DRR969768	public	search_api
DRX947404	DRR969769	public	search_api
DRX947405	DRR969770	public	search_api
DRX947406	DRR969771	public	search_api
DRX947407	DRR969772	public	search_api
DRX947408	DRR969773	public	search_api
DRX947409	DRR969774	public	search_api
DRX947410	DRR969775	public	search_api
DRX947412	DRR969777	public	search_api
DRX947413	DRR969778	public	search_api
DRX947415	DRR969780	public	search_api
DRX947416	DRR969781	public	search_api
DRX947417	DRR969782	public	search_api
DRX947418	DRR969783	public	search_api
DRX947419	DRR969784	public	search_api
DRX947421	DRR969786	public	search_api
DRX947422	DRR969787	public	search_api
DRX947423	DRR969788	public	search_api
DRX947424	DRR969789	public	search_api
DRX947425	DRR969790	public	search_api
DRX947426	DRR969791	public	search_api
DRX947428	DRR969793	public	search_api
DRX947429	DRR969794	public	search_api
DRX947430	DRR969795	public	search_api
DRX947431	DRR969796	public	search_api
DRX947432	DRR969797	public	search_api
DRX947433	DRR969798	public	search_api
DRX947434	DRR969799	public	search_api
DRX947435	DRR969800	public	search_api
DRX947438	DRR969803	public	search_api
DRX947439	DRR969804	public	search_api
DRX947440	DRR969805	public	search_api
DRX947445	DRR969810	public	search_api
DRX947446	DRR969811	public	search_api
DRX947447	DRR969812	public	search_api
DRX947448	DRR969813	public	search_api
DRX947449	DRR969814	public	search_api
DRX947450	DRR969815	public	search_api
DRX947451	DRR969816	public	search_api
DRX947452	DRR969817	public	search_api
DRX947453	DRR969818	public	search_api
DRX947454	DRR969819	public	search_api
DRX947455	DRR969820	public	search_api
DRX947456	DRR969821	public	search_api
DRX947457	DRR969822	public	search_api
DRX947458	DRR969823	public	search_api
DRX947459	DRR969824	public	search_api
DRX947460	DRR969825	public	search_api
DRX947461	DRR969826	public	search_api
DRX947462	DRR969827	public	search_api
DRX947463	DRR969828	public	search_api
DRX947464	DRR969829	public	search_api
DRX947466	DRR969831	public	search_api
DRX947467	DRR969832	public	search_api
DRX947468	DRR969833	public	search_api
DRX947469	DRR969834	public	search_api
DRX947470	DRR969835	public	search_api
DRX947471	DRR969836	public	search_api
DRX947472	DRR969837	public	search_api
DRX947473	DRR969838	public	search_api
DRX947474	DRR969839	public	search_api
DRX947475	DRR969840	public	search_api
DRX947476	DRR969841	public	search_api
DRX947477	DRR969842	public	search_api
DRX947478	DRR969843	public	search_api
DRX947479	DRR969844	public	search_api
DRX947481	DRR969846	public	search_api
DRX947483	DRR969848	public	search_api
DRX947484	DRR969849	public	search_api
DRX947485	DRR969850	public	search_api
DRX947487	DRR969852	public	search_api
DRX947488	DRR969853	public	search_api
DRX947489	DRR969854	public	search_api
DRX947490	DRR969855	public	search_api
DRX947491	DRR969856	public	search_api
DRX947493	DRR969858	public	search_api
DRX947494	DRR969859	public	search_api
DRX947496	DRR969861	public	search_api
DRX947497	DRR969862	public	search_api
DRX947498	DRR969863	public	search_api
DRX947499	DRR969864	public	search_api
DRX947500	DRR969865	public	search_api
DRX947501	DRR969866	public	search_api
DRX947502	DRR969867	public	search_api
DRX947505	DRR969870	public	search_api
DRX947506	DRR969871	public	search_api
DRX947507	DRR969872	public	search_api
DRX947508	DRR969873	public	search_api
DRX947510	DRR969875	public	search_api
DRX947512	DRR969877	public	search_api
DRX947513	DRR969878	public	search_api
DRX947514	DRR969879	public	search_api
DRX947515	DRR969880	public	search_api
DRX947516	DRR969881	public	search_api
DRX947517	DRR969882	public	search_api
DRX947518	DRR969883	public	search_api
DRX947519	DRR969884	public	search_api
DRX947520	DRR969885	public	search_api
DRX947521	DRR969886	public	search_api
DRX947522	DRR969887	public	search_api
DRX947523	DRR969888	public	search_api
DRX947524	DRR969889	public	search_api
DRX947525	DRR969890	public	search_api
DRX947526	DRR969891	public	search_api
DRX947527	DRR969892	public	search_api
DRX947528	DRR969893	public	search_api
DRX947529	DRR969894	public	search_api
DRX947530	DRR969895	public	search_api
DRX947531	DRR969896	public	search_api
DRX947532	DRR969897	public	search_api
DRX947533	DRR969898	public	search_api
DRX947534	DRR969899	public	search_api
DRX947535	DRR969900	public	search_api
DRX947538	DRR969903	public	search_api
DRX947539	DRR969904	public	search_api
DRX947540	DRR969905	public	search_api
DRX947541	DRR969906	public	search_api
DRX947542	DRR969907	public	search_api
DRX947543	DRR969908	public	search_api
DRX947545	DRR969910	public	search_api
DRX947546	DRR969911	public	search_api
DRX947547	DRR969912	public	search_api
DRX947548	DRR969913	public	search_api
DRX947549	DRR969914	public	search_api
DRX947551	DRR969916	public	search_api
DRX947552	DRR969917	public	search_api
DRX947553	DRR969918	public	search_api
DRX947555	DRR969920	public	search_api
DRX947556	DRR969921	public	search_api
DRX947558	DRR969923	public	search_api
DRX947559	DRR969924	public	search_api
DRX947560	DRR969925	public	search_api
DRX947561	DRR969926	public	search_api
DRX947562	DRR969927	public	search_api
DRX947564	DRR969929	public	search_api
DRX947565	DRR969930	public	search_api
DRX947566	DRR969931	public	search_api
DRX947567	DRR969932	public	search_api
DRX947568	DRR969933	public	search_api
DRX947569	DRR969934	public	search_api
DRX947571	DRR969936	public	search_api
DRX947572	DRR969937	public	search_api
DRX947574	DRR969939	public	search_api
DRX947576	DRR969941	public	search_api
DRX947578	DRR969943	public	search_api
DRX947579	DRR969944	public	search_api
DRX947580	DRR969945	public	search_api
DRX947581	DRR969946	public	search_api
DRX947582	DRR969947	public	search_api
DRX947583	DRR969948	public	search_api
DRX947584	DRR969949	public	search_api
DRX947585	DRR969950	public	search_api
DRX947586	DRR969951	public	search_api
DRX947587	DRR969952	public	search_api
DRX947588	DRR969953	public	search_api
DRX947590	DRR969955	public	search_api
DRX947591	DRR969956	public	search_api
DRX947592	DRR969957	public	search_api
DRX947593	DRR969958	public	search_api
DRX947594	DRR969959	public	search_api
DRX947595	DRR969960	public	search_api
DRX947596	DRR969961	public	search_api
DRX947597	DRR969962	public	search_api
DRX947598	DRR969963	public	search_api
DRX947599	DRR969964	public	search_api
DRX947600	DRR969965	public	search_api
DRX947602	DRR969967	public	search_api
DRX947604	DRR969969	public	search_api
DRX947605	DRR969970	public	search_api
DRX947606	DRR969971	public	search_api
DRX947607	DRR969972	public	search_api
DRX947609	DRR969974	public	search_api
DRX947610	DRR969975	public	search_api
DRX947611	DRR969976	public	search_api
DRX947612	DRR969977	public	search_api
DRX947613	DRR969978	public	search_api
DRX947614	DRR969979	public	search_api
DRX947616	DRR969981	public	search_api
DRX947617	DRR969982	public	search_api
DRX947618	DRR969983	public	search_api
DRX947619	DRR969984	public	search_api
DRX947620	DRR969985	public	search_api
DRX947621	DRR969986	public	search_api
DRX947622	DRR969987	public	search_api
DRX947623	DRR969988	public	search_api
DRX947624	DRR969989	public	search_api
DRX947625	DRR969990	public	search_api
DRX947626	DRR969991	public	search_api
DRX947627	DRR969992	public	search_api
DRX947628	DRR969993	public	search_api
DRX947629	DRR969994	public	search_api
DRX947630	DRR969995	public	search_api
DRX947632	DRR969997	public	search_api
DRX947633	DRR969998	public	search_api
DRX947634	DRR969999	public	search_api
DRX947635	DRR970000	public	search_api
DRX947636	DRR970001	public	search_api
DRX947638	DRR970003	public	search_api
DRX947640	DRR970005	public	search_api
DRX947642	DRR970007	public	search_api
DRX947643	DRR970008	public	search_api
DRX947644	DRR970009	public	search_api
DRX947645	DRR970010	public	search_api
DRX947646	DRR970011	public	search_api
DRX947647	DRR970012	public	search_api
DRX947649	DRR970014	public	search_api
DRX947650	DRR970015	public	search_api
DRX947651	DRR970016	public	search_api
DRX947652	DRR970017	public	search_api
DRX947653	DRR970018	public	search_api
DRX947654	DRR970019	public	search_api
DRX947655	DRR970020	public	search_api
DRX947656	DRR970021	public	search_api
DRX947657	DRR970022	public	search_api
DRX947659	DRR970024	public	search_api
DRX947660	DRR970025	public	search_api
DRX947661	DRR970026	public	search_api
DRX947662	DRR970027	public	search_api
DRX947663	DRR970028	public	search_api
DRX947664	DRR970029	public	search_api
DRX947668	DRR970033	public	search_api
DRX947669	DRR970034	public	search_api
DRX947670	DRR970035	public	search_api
DRX947671	DRR970036	public	search_api
DRX947672	DRR970037	public	search_api
DRX947674	DRR970039	public	search_api
DRX947675	DRR970040	public	search_api
DRX947676	DRR970041	public	search_api
DRX947677	DRR970042	public	search_api
DRX947678	DRR970043	public	search_api
DRX947679	DRR970044	public	search_api
DRX947680	DRR970045	public	search_api
DRX947682	DRR970047	public	search_api
DRX947683	DRR970048	public	search_api
DRX947684	DRR970049	public	search_api
DRX947685	DRR970050	public	search_api
DRX947687	DRR970052	public	search_api
DRX947688	DRR970053	public	search_api
DRX947690	DRR970055	public	search_api
DRX947691	DRR970056	public	search_api
DRX947692	DRR970057	public	search_api
DRX947693	DRR970058	public	search_api
DRX947696	DRR970061	public	search_api
DRX947697	DRR970062	public	search_api
DRX947698	DRR970063	public	search_api
DRX947700	DRR970065	public	search_api
DRX947701	DRR970066	public	search_api
DRX947703	DRR970068	public	search_api
DRX947704	DRR970069	public	search_api
DRX947705	DRR970070	public	search_api
DRX947706	DRR970071	public	search_api
DRX947707	DRR970072	public	search_api
DRX947708	DRR970073	public	search_api
DRX947709	DRR970074	public	search_api
DRX947711	DRR970076	public	search_api
DRX947712	DRR970077	public	search_api
DRX947713	DRR970078	public	search_api
DRX947714	DRR970079	public	search_api
DRX947716	DRR970081	public	search_api
DRX947717	DRR970082	public	search_api
DRX947718	DRR970083	public	search_api
DRX947719	DRR970084	public	search_api
DRX947721	DRR970086	public	search_api
DRX947722	DRR970087	public	search_api
DRX947723	DRR970088	public	search_api
DRX947724	DRR970089	public	search_api
DRX947725	DRR970090	public	search_api
DRX947726	DRR970091	public	search_api
DRX947727	DRR970092	public	search_api
DRX947728	DRR970093	public	search_api
DRX947729	DRR970094	public	search_api
DRX947731	DRR970096	public	search_api
DRX947732	DRR970097	public	search_api
DRX947733	DRR970098	public	search_api
DRX947734	DRR970099	public	search_api
DRX947735	DRR970100	public	search_api
DRX947736	DRR970101	public	search_api
DRX947739	DRR970104	public	search_api
DRX947740	DRR970105	public	search_api
DRX947741	DRR970106	public	search_api
DRX947742	DRR970107	public	search_api
DRX947743	DRR970108	public	search_api
DRX947744	DRR970109	public	search_api
DRX947745	DRR970110	public	search_api
DRX947746	DRR970111	public	search_api
DRX947747	DRR970112	public	search_api
DRX947748	DRR970113	public	search_api
DRX947749	DRR970114	public	search_api
DRX947750	DRR970115	public	search_api
DRX947752	DRR970117	public	search_api
DRX947753	DRR970118	public	search_api
DRX947754	DRR970119	public	search_api
DRX947755	DRR970120	public	search_api
DRX947756	DRR970121	public	search_api
DRX947757	DRR970122	public	search_api
DRX947758	DRR970123	public	search_api
DRX947759	DRR970124	public	search_api
DRX947760	DRR970125	public	search_api
DRX947761	DRR970126	public	search_api
DRX947763	DRR970128	public	search_api
DRX947765	DRR970130	public	search_api
DRX947766	DRR970131	public	search_api
DRX947767	DRR970132	public	search_api
DRX947768	DRR970133	public	search_api
DRX947769	DRR970134	public	search_api
DRX947770	DRR970135	public	search_api
DRX947771	DRR970136	public	search_api
DRX947772	DRR970137	public	search_api
DRX947773	DRR970138	public	search_api
DRX947774	DRR970139	public	search_api
DRX947775	DRR970140	public	search_api
DRX947777	DRR970142	public	search_api
DRX947778	DRR970143	public	search_api
DRX947779	DRR970144	public	search_api
DRX947780	DRR970145	public	search_api
DRX947781	DRR970146	public	search_api
DRX947782	DRR970147	public	search_api
DRX947783	DRR970148	public	search_api
DRX947785	DRR970150	public	search_api
DRX947786	DRR970151	public	search_api
DRX947788	DRR970153	public	search_api
DRX947789	DRR970154	public	search_api
DRX947790	DRR970155	public	search_api
DRX947792	DRR970157	public	search_api
DRX947793	DRR970158	public	search_api
DRX947794	DRR970159	public	search_api
DRX947795	DRR970160	public	search_api
DRX947796	DRR970161	public	search_api
DRX947797	DRR970162	public	search_api
DRX947799	DRR970164	public	search_api
DRX947800	DRR970165	public	search_api
DRX947801	DRR970166	public	search_api
DRX947802	DRR970167	public	search_api
DRX947803	DRR970168	public	search_api
DRX947804	DRR970169	public	search_api
DRX947805	DRR970170	public	search_api
DRX947806	DRR970171	public	search_api
DRX947807	DRR970172	public	search_api
DRX947808	DRR970173	public	search_api
DRX947810	DRR970175	public	search_api
DRX947811	DRR970176	public	search_api
DRX947812	DRR970177	public	search_api
DRX947813	DRR970178	public	search_api
DRX947814	DRR970179	public	search_api
DRX947815	DRR970180	public	search_api
DRX947816	DRR970181	public	search_api
DRX947818	DRR970183	public	search_api
DRX947819	DRR970184	public	search_api
DRX947820	DRR970185	public	search_api
DRX947821	DRR970186	public	search_api
DRX947823	DRR970188	public	search_api
DRX947824	DRR970189	public	search_api
DRX947825	DRR970190	public	search_api
DRX947826	DRR970191	public	search_api
DRX947827	DRR970192	public	search_api
DRX947828	DRR970193	public	search_api
DRX947829	DRR970194	public	search_api
DRX947830	DRR970195	public	search_api
DRX947831	DRR970196	public	search_api
DRX947832	DRR970197	public	search_api
DRX947833	DRR970198	public	search_api
DRX947834	DRR970199	public	search_api
DRX947835	DRR970200	public	search_api
DRX947836	DRR970201	public	search_api
DRX947837	DRR970202	public	search_api
DRX947838	DRR970203	public	search_api
DRX947839	DRR970204	public	search_api
DRX947840	DRR970205	public	search_api
DRX947841	DRR970206	public	search_api
DRX947842	DRR970207	public	search_api
DRX947843	DRR970208	public	search_api
DRX947844	DRR970209	public	search_api
DRX947845	DRR970210	public	search_api
DRX947846	DRR970211	public	search_api
DRX947847	DRR970212	public	search_api
DRX947848	DRR970213	public	search_api
DRX947849	DRR970214	public	search_api
DRX947850	DRR970215	public	search_api
DRX947852	DRR970217	public	search_api
DRX947853	DRR970218	public	search_api
DRX947855	DRR970220	public	search_api
DRX947857	DRR970222	public	search_api
DRX947858	DRR970223	public	search_api
DRX947859	DRR970224	public	search_api
DRX947860	DRR970225	public	search_api
DRX947861	DRR970226	public	search_api
DRX947862	DRR970227	public	search_api
DRX947863	DRR970228	public	search_api
DRX947865	DRR970230	public	search_api
DRX947866	DRR970231	public	search_api
DRX947867	DRR970232	public	search_api
DRX947869	DRR970234	public	search_api
DRX947870	DRR970235	public	search_api
DRX947871	DRR970236	public	search_api
DRX947872	DRR970237	public	search_api
DRX947873	DRR970238	public	search_api
DRX947874	DRR970239	public	search_api
DRX947875	DRR970240	public	search_api
DRX947876	DRR970241	public	search_api
DRX947877	DRR970242	public	search_api
DRX947879	DRR970244	public	search_api
DRX947880	DRR970245	public	search_api
DRX947881	DRR970246	public	search_api
DRX947882	DRR970247	public	search_api
DRX947883	DRR970248	public	search_api
DRX947884	DRR970249	public	search_api
DRX947885	DRR970250	public	search_api
DRX947886	DRR970251	public	search_api
DRX947887	DRR970252	public	search_api
DRX947888	DRR970253	public	search_api
DRX947889	DRR970254	public	search_api
DRX947890	DRR970255	public	search_api
DRX947891	DRR970256	public	search_api
DRX947892	DRR970257	public	search_api
DRX947893	DRR970258	public	search_api
DRX947894	DRR970259	public	search_api
DRX947895	DRR970260	public	search_api
DRX947897	DRR970262	public	search_api
DRX947898	DRR970263	public	search_api
DRX947899	DRR970264	public	search_api
DRX947900	DRR970265	public	search_api
DRX947901	DRR970266	public	search_api
DRX947902	DRR970267	public	search_api
DRX947903	DRR970268	public	search_api
DRX947905	DRR970270	public	search_api
DRX947907	DRR970272	public	search_api
DRX947908	DRR970273	public	search_api
DRX947909	DRR970274	public	search_api
DRX947910	DRR970275	public	search_api
DRX947911	DRR970276	public	search_api
DRX947912	DRR970277	public	search_api
DRX947913	DRR970278	public	search_api
DRX947914	DRR970279	public	search_api
DRX947915	DRR970280	public	search_api
DRX947916	DRR970281	public	search_api
DRX947917	DRR970282	public	search_api
DRX947918	DRR970283	public	search_api
DRX947919	DRR970284	public	search_api
DRX947921	DRR970286	public	search_api
DRX947923	DRR970288	public	search_api
DRX947924	DRR970289	public	search_api
DRX947925	DRR970290	public	search_api
DRX947926	DRR970291	public	search_api
DRX947927	DRR970292	public	search_api
DRX947930	DRR970295	public	search_api
DRX947931	DRR970296	public	search_api
DRX947932	DRR970297	public	search_api
DRX947934	DRR970299	public	search_api
DRX947935	DRR970300	public	search_api
DRX947936	DRR970301	public	search_api
DRX947937	DRR970302	public	search_api
DRX947938	DRR970303	public	search_api
DRX947939	DRR970304	public	search_api
DRX947940	DRR970305	public	search_api
DRX947941	DRR970306	public	search_api
DRX947942	DRR970307	public	search_api
DRX947943	DRR970308	public	search_api
DRX947944	DRR970309	public	search_api
DRX947945	DRR970310	public	search_api
DRX947946	DRR970311	public	search_api
DRX947947	DRR970312	public	search_api
DRX947948	DRR970313	public	search_api
DRX947949	DRR970314	public	search_api
DRX947951	DRR970316	public	search_api
DRX947952	DRR970317	public	search_api
DRX947953	DRR970318	public	search_api
DRX947954	DRR970319	public	search_api
DRX947955	DRR970320	public	search_api
DRX947956	DRR970321	public	search_api
DRX947958	DRR970323	public	search_api
DRX947959	DRR970324	public	search_api
DRX947960	DRR970325	public	search_api
DRX947961	DRR970326	public	search_api
DRX947962	DRR970327	public	search_api
DRX947963	DRR970328	public	search_api
DRX947964	DRR970329	public	search_api
DRX947965	DRR970330	public	search_api
DRX947967	DRR970332	public	search_api
DRX947968	DRR970333	public	search_api
DRX947970	DRR970335	public	search_api
DRX947971	DRR970336	public	search_api
DRX947972	DRR970337	public	search_api
DRX947974	DRR970339	public	search_api
DRX947975	DRR970340	public	search_api
DRX947977	DRR970342	public	search_api
DRX947978	DRR970343	public	search_api
DRX947980	DRR970345	public	search_api
DRX947981	DRR970346	public	search_api
DRX947982	DRR970347	public	search_api
DRX947983	DRR970348	public	search_api
DRX947984	DRR970349	public	search_api
DRX947986	DRR970351	public	search_api
DRX947987	DRR970352	public	search_api
DRX947989	DRR970354	public	search_api
DRX947990	DRR970355	public	search_api
DRX947991	DRR970356	public	search_api
DRX947992	DRR970357	public	search_api
DRX947994	DRR970359	public	search_api
DRX947995	DRR970360	public	search_api
DRX947996	DRR970361	public	search_api
DRX947998	DRR970363	public	search_api
DRX947999	DRR970364	public	search_api
DRX948000	DRR970365	public	search_api
DRX948001	DRR970366	public	search_api
DRX948002	DRR970367	public	search_api
DRX948003	DRR970368	public	search_api
DRX948004	DRR970369	public	search_api
DRX948005	DRR970370	public	search_api
DRX948006	DRR970371	public	search_api
DRX948007	DRR970372	public	search_api
DRX948008	DRR970373	public	search_api
DRX948009	DRR970374	public	search_api
DRX948010	DRR970375	public	search_api
DRX948011	DRR970376	public	search_api
DRX948012	DRR970377	public	search_api
DRX948013	DRR970378	public	search_api
DRX948014	DRR970379	public	search_api
DRX948015	DRR970380	public	search_api
DRX948016	DRR970381	public	search_api
DRX948017	DRR970382	public	search_api
DRX948018	DRR970383	public	search_api
DRX948019	DRR970384	public	search_api
DRX948021	DRR970386	public	search_api
DRX948022	DRR970387	public	search_api
DRX948023	DRR970388	public	search_api
DRX948026	DRR970391	public	search_api
DRX948029	DRR970394	public	search_api
DRX948030	DRR970395	public	search_api
DRX948031	DRR970396	public	search_api
DRX948032	DRR970397	public	search_api
DRX948033	DRR970398	public	search_api
DRX948035	DRR970400	public	search_api
DRX948036	DRR970401	public	search_api
DRX948037	DRR970402	public	search_api
DRX948038	DRR970403	public	search_api
DRX948039	DRR970404	public	search_api
DRX948041	DRR970406	public	search_api
DRX948042	DRR970407	public	search_api
DRX948043	DRR970408	public	search_api
DRX948044	DRR970409	public	search_api
DRX948045	DRR970410	public	search_api
DRX948046	DRR970411	public	search_api
DRX948047	DRR970412	public	search_api
DRX948048	DRR970413	public	search_api
DRX948049	DRR970414	public	search_api
DRX948051	DRR970416	public	search_api
DRX948053	DRR970418	public	search_api
DRX948054	DRR970419	public	search_api
DRX948055	DRR970420	public	search_api
DRX948056	DRR970421	public	search_api
DRX948057	DRR970422	public	search_api
DRX948058	DRR970423	public	search_api
DRX948060	DRR970425	public	search_api
DRX948061	DRR970426	public	search_api
DRX948063	DRR970428	public	search_api
DRX948065	DRR970430	public	search_api
DRX948066	DRR970431	public	search_api
DRX948067	DRR970432	public	search_api
DRX948068	DRR970433	public	search_api
DRX948069	DRR970434	public	search_api
DRX948070	DRR970435	public	search_api
DRX948071	DRR970436	public	search_api
DRX948072	DRR970437	public	search_api
DRX948075	DRR970440	public	search_api
DRX948076	DRR970441	public	search_api
DRX948077	DRR970442	public	search_api
DRX948078	DRR970443	public	search_api
DRX948079	DRR970444	public	search_api
DRX948080	DRR970445	public	search_api
DRX948081	DRR970446	public	search_api
DRX948082	DRR970447	public	search_api
DRX948083	DRR970448	public	search_api
DRX948084	DRR970449	public	search_api
DRX948085	DRR970450	public	search_api
DRX948086	DRR970451	public	search_api
DRX948087	DRR970452	public	search_api
DRX948088	DRR970453	public	search_api
DRX948090	DRR970455	public	search_api
DRX948091	DRR970456	public	search_api
DRX948092	DRR970457	public	search_api
DRX948093	DRR970458	public	search_api
DRX948094	DRR970459	public	search_api
DRX948096	DRR970461	public	search_api
DRX948098	DRR970463	public	search_api
DRX948099	DRR970464	public	search_api
DRX948100	DRR970465	public	search_api
DRX948101	DRR970466	public	search_api
DRX948102	DRR970467	public	search_api
DRX948103	DRR970468	public	search_api
DRX948104	DRR970469	public	search_api
DRX948105	DRR970470	public	search_api
DRX948106	DRR970471	public	search_api
DRX948107	DRR970472	public	search_api
DRX948109	DRR970474	public	search_api
DRX948110	DRR970475	public	search_api
DRX948111	DRR970476	public	search_api
DRX948113	DRR970478	public	search_api
DRX948114	DRR970479	public	search_api
DRX948116	DRR970481	public	search_api
DRX948117	DRR970482	public	search_api
DRX948118	DRR970483	public	search_api
DRX948119	DRR970484	public	search_api
DRX948120	DRR970485	public	search_api
DRX948121	DRR970486	public	search_api
DRX948122	DRR970487	public	search_api
DRX948123	DRR970488	public	search_api
DRX948125	DRR970490	public	search_api
DRX948127	DRR970492	public	search_api
DRX948128	DRR970493	public	search_api
DRX948129	DRR970494	public	search_api
DRX948130	DRR970495	public	search_api
DRX948132	DRR970497	public	search_api
DRX948133	DRR970498	public	search_api
DRX948134	DRR970499	public	search_api
DRX948135	DRR970500	public	search_api
DRX948136	DRR970501	public	search_api
DRX948137	DRR970502	public	search_api
DRX948138	DRR970503	public	search_api
DRX948139	DRR970504	public	search_api
DRX948140	DRR970505	public	search_api
DRX948141	DRR970506	public	search_api
DRX948142	DRR970507	public	search_api
DRX948143	DRR970508	public	search_api
DRX948144	DRR970509	public	search_api
DRX948145	DRR970510	public	search_api
DRX948146	DRR970511	public	search_api
DRX948147	DRR970512	public	search_api
DRX948148	DRR970513	public	search_api
DRX948149	DRR970514	public	search_api
DRX948150	DRR970515	public	search_api
DRX948151	DRR970516	public	search_api
DRX948152	DRR970517	public	search_api
DRX948153	DRR970518	public	search_api
DRX948154	DRR970519	public	search_api
DRX948156	DRR970521	public	search_api
DRX948158	DRR970523	public	search_api
DRX948159	DRR970524	public	search_api
DRX948160	DRR970525	public	search_api
DRX948163	DRR970528	public	search_api
DRX948165	DRR970530	public	search_api
DRX948167	DRR970532	public	search_api
DRX948169	DRR970534	public	search_api
DRX948170	DRR970535	public	search_api
DRX948171	DRR970536	public	search_api
DRX948172	DRR970537	public	search_api
DRX948173	DRR970538	public	search_api
DRX948174	DRR970539	public	search_api
DRX948176	DRR970541	public	search_api
DRX948177	DRR970542	public	search_api
DRX948178	DRR970543	public	search_api
DRX948179	DRR970544	public	search_api
DRX948180	DRR970545	public	search_api
DRX948181	DRR970546	public	search_api
DRX948182	DRR970547	public	search_api
DRX948183	DRR970548	public	search_api
DRX948184	DRR970549	public	search_api
DRX948187	DRR970552	public	search_api
DRX948188	DRR970553	public	search_api
DRX948190	DRR970555	public	search_api
DRX948191	DRR970556	public	search_api
DRX948192	DRR970557	public	search_api
DRX948193	DRR970558	public	search_api
DRX948194	DRR970559	public	search_api
DRX948195	DRR970560	public	search_api
DRX948197	DRR970562	public	search_api
DRX948198	DRR970563	public	search_api
DRX948199	DRR970564	public	search_api
DRX948200	DRR970565	public	search_api
DRX948201	DRR970566	public	search_api
DRX948202	DRR970567	public	search_api
DRX948203	DRR970568	public	search_api
DRX948204	DRR970569	public	search_api
DRX948206	DRR970571	public	search_api
DRX948207	DRR970572	public	search_api
DRX948208	DRR970573	public	search_api
DRX948209	DRR970574	public	search_api
DRX948210	DRR970575	public	search_api
DRX948212	DRR970577	public	search_api
DRX948213	DRR970578	public	search_api
DRX948214	DRR970579	public	search_api
DRX948215	DRR970580	public	search_api
DRX948216	DRR970581	public	search_api
DRX948218	DRR970583	public	search_api
DRX948219	DRR970584	public	search_api
DRX948221	DRR970586	public	search_api
DRX948223	DRR970588	public	search_api
DRX948224	DRR970589	public	search_api
DRX948226	DRR970591	public	search_api
DRX948227	DRR970592	public	search_api
DRX948228	DRR970593	public	search_api
DRX948229	DRR970594	public	search_api
DRX948230	DRR970595	public	search_api
DRX948231	DRR970596	public	search_api
DRX948233	DRR970598	public	search_api
DRX948235	DRR970600	public	search_api
DRX948236	DRR970601	public	search_api
DRX948237	DRR970602	public	search_api
DRX948239	DRR970604	public	search_api
DRX948240	DRR970605	public	search_api
DRX948241	DRR970606	public	search_api
DRX948242	DRR970607	public	search_api
DRX948244	DRR970609	public	search_api
DRX948245	DRR970610	public	search_api
DRX948247	DRR970612	public	search_api
DRX948248	DRR970613	public	search_api
DRX948249	DRR970614	public	search_api
DRX948250	DRR970615	public	search_api
DRX948251	DRR970616	public	search_api
DRX948252	DRR970617	public	search_api
DRX948254	DRR970619	public	search_api
DRX948255	DRR970620	public	search_api
DRX948256	DRR970621	public	search_api
DRX948257	DRR970622	public	search_api
DRX948258	DRR970623	public	search_api
DRX948259	DRR970624	public	search_api
DRX948260	DRR970625	public	search_api
DRX948261	DRR970626	public	search_api
DRX948262	DRR970627	public	search_api
DRX948263	DRR970628	public	search_api
DRX948264	DRR970629	public	search_api
DRX948265	DRR970630	public	search_api
DRX948266	DRR970631	public	search_api
DRX948267	DRR970632	public	search_api
DRX948268	DRR970633	public	search_api
DRX948269	DRR970634	public	search_api
DRX948270	DRR970635	public	search_api
DRX948271	DRR970636	public	search_api
DRX948272	DRR970637	public	search_api
DRX948273	DRR970638	public	search_api
DRX948274	DRR970639	public	search_api
DRX948275	DRR970640	public	search_api
DRX948277	DRR970642	public	search_api
DRX948278	DRR970643	public	search_api
DRX948279	DRR970644	public	search_api
DRX948281	DRR970646	public	search_api
DRX948282	DRR970647	public	search_api
DRX948283	DRR970648	public	search_api
DRX948284	DRR970649	public	search_api
DRX948285	DRR970650	public	search_api
DRX948286	DRR970651	public	search_api
DRX948287	DRR970652	public	search_api
DRX948288	DRR970653	public	search_api
DRX948289	DRR970654	public	search_api
DRX948290	DRR970655	public	search_api
DRX948291	DRR970656	public	search_api
DRX948292	DRR970657	public	search_api
DRX948293	DRR970658	public	search_api
DRX948297	DRR970662	public	search_api
DRX948298	DRR970663	public	search_api
DRX948300	DRR970665	public	search_api
DRX948301	DRR970666	public	search_api
DRX948302	DRR970667	public	search_api
DRX948303	DRR970668	public	search_api
DRX948304	DRR970669	public	search_api
DRX948305	DRR970670	public	search_api
DRX948306	DRR970671	public	search_api
DRX948307	DRR970672	public	search_api
DRX948308	DRR970673	public	search_api
DRX948309	DRR970674	public	search_api
DRX948310	DRR970675	public	search_api
DRX948311	DRR970676	public	search_api
DRX948312	DRR970677	public	search_api
DRX948313	DRR970678	public	search_api
DRX948314	DRR970679	public	search_api
DRX948315	DRR970680	public	search_api
DRX948316	DRR970681	public	search_api
DRX948317	DRR970682	public	search_api
DRX948318	DRR970683	public	search_api
DRX948319	DRR970684	public	search_api
DRX948321	DRR970686	public	search_api
DRX948322	DRR970687	public	search_api
DRX948324	DRR970689	public	search_api
DRX948326	DRR970691	public	search_api
DRX948327	DRR970692	public	search_api
DRX948328	DRR970693	public	search_api
DRX948330	DRR970695	public	search_api
DRX948331	DRR970696	public	search_api
DRX948332	DRR970697	public	search_api
DRX948333	DRR970698	public	search_api
DRX948335	DRR970700	public	search_api
DRX948337	DRR970702	public	search_api
DRX948338	DRR970703	public	search_api
DRX948339	DRR970704	public	search_api
DRX948340	DRR970705	public	search_api
DRX948341	DRR970706	public	search_api
DRX948342	DRR970707	public	search_api
DRX948343	DRR970708	public	search_api
DRX948344	DRR970709	public	search_api
DRX948345	DRR970710	public	search_api
DRX948347	DRR970712	public	search_api
DRX948348	DRR970713	public	search_api
DRX948350	DRR970715	public	search_api
DRX948351	DRR970716	public	search_api
DRX948352	DRR970717	public	search_api
DRX948353	DRR970718	public	search_api
DRX948354	DRR970719	public	search_api
DRX948355	DRR970720	public	search_api
DRX948356	DRR970721	public	search_api
DRX948358	DRR970723	public	search_api
DRX948359	DRR970724	public	search_api
DRX948360	DRR970725	public	search_api
DRX948361	DRR970726	public	search_api
DRX948363	DRR970728	public	search_api
DRX948364	DRR970729	public	search_api
DRX948365	DRR970730	public	search_api
DRX948366	DRR970731	public	search_api
DRX948367	DRR970732	public	search_api
DRX948368	DRR970733	public	search_api
DRX948369	DRR970734	public	search_api
DRX948370	DRR970735	public	search_api
DRX948371	DRR970736	public	search_api
DRX948373	DRR970738	public	search_api
DRX948374	DRR970739	public	search_api
DRX948375	DRR970740	public	search_api
DRX948376	DRR970741	public	search_api
DRX948377	DRR970742	public	search_api
DRX948378	DRR970743	public	search_api
DRX948379	DRR970744	public	search_api
DRX948380	DRR970745	public	search_api
DRX948381	DRR970746	public	search_api
DRX948382	DRR970747	public	search_api
DRX948383	DRR970748	public	search_api
DRX948384	DRR970749	public	search_api
DRX948385	DRR970750	public	search_api
DRX948386	DRR970751	public	search_api
DRX948389	DRR970754	public	search_api
DRX948390	DRR970755	public	search_api
DRX948391	DRR970756	public	search_api
DRX948392	DRR970757	public	search_api
DRX948393	DRR970758	public	search_api
DRX948394	DRR970759	public	search_api
DRX948395	DRR970760	public	search_api
DRX948396	DRR970761	public	search_api
DRX948397	DRR970762	public	search_api
DRX948398	DRR970763	public	search_api
DRX948399	DRR970764	public	search_api
DRX948400	DRR970765	public	search_api
DRX948402	DRR970767	public	search_api
DRX948403	DRR970768	public	search_api
DRX948404	DRR970769	public	search_api
DRX948405	DRR970770	public	search_api
DRX948406	DRR970771	public	search_api
DRX948407	DRR970772	public	search_api
DRX948408	DRR970773	public	search_api
DRX948410	DRR970775	public	search_api
DRX948411	DRR970776	public	search_api
DRX948412	DRR970777	public	search_api
DRX948413	DRR970778	public	search_api
DRX948414	DRR970779	public	search_api
DRX948415	DRR970780	public	search_api
DRX948416	DRR970781	public	search_api
DRX948417	DRR970782	public	search_api
DRX948418	DRR970783	public	search_api
DRX948419	DRR970784	public	search_api
DRX948420	DRR970785	public	search_api
DRX948421	DRR970786	public	search_api
DRX948422	DRR970787	public	search_api
DRX948423	DRR970788	public	search_api
DRX948424	DRR970789	public	search_api
DRX948426	DRR970791	public	search_api
DRX948427	DRR970792	public	search_api
DRX948429	DRR970794	public	search_api
DRX948430	DRR970795	public	search_api
DRX948431	DRR970796	public	search_api
DRX948432	DRR970797	public	search_api
DRX948433	DRR970798	public	search_api
DRX948434	DRR970799	public	search_api
DRX948435	DRR970800	public	search_api
DRX948436	DRR970801	public	search_api
DRX948437	DRR970802	public	search_api
DRX948438	DRR970803	public	search_api
DRX948439	DRR970804	public	search_api
DRX948440	DRR970805	public	search_api
DRX948441	DRR970806	public	search_api
DRX948443	DRR970808	public	search_api
DRX948444	DRR970809	public	search_api
DRX948445	DRR970810	public	search_api
DRX948446	DRR970811	public	search_api
DRX948448	DRR970813	public	search_api
DRX948449	DRR970814	public	search_api
DRX948450	DRR970815	public	search_api
DRX948451	DRR970816	public	search_api
DRX948453	DRR970818	public	search_api
DRX948454	DRR970819	public	search_api
DRX948455	DRR970820	public	search_api
DRX948456	DRR970821	public	search_api
DRX948457	DRR970822	public	search_api
DRX948458	DRR970823	public	search_api
DRX948459	DRR970824	public	search_api
DRX948460	DRR970825	public	search_api
DRX948461	DRR970826	public	search_api
DRX948462	DRR970827	public	search_api
DRX948463	DRR970828	public	search_api
DRX948464	DRR970829	public	search_api
DRX948465	DRR970830	public	search_api
DRX948466	DRR970831	public	search_api
DRX948468	DRR970833	public	search_api
DRX948470	DRR970835	public	search_api
DRX948471	DRR970836	public	search_api
DRX948472	DRR970837	public	search_api
DRX948475	DRR970840	public	search_api
DRX948476	DRR970841	public	search_api
DRX948478	DRR970843	public	search_api
DRX948479	DRR970844	public	search_api
DRX948480	DRR970845	public	search_api
DRX948481	DRR970846	public	search_api
DRX948482	DRR970847	public	search_api
DRX948483	DRR970848	public	search_api
DRX948484	DRR970849	public	search_api
DRX948488	DRR970853	public	search_api
DRX948489	DRR970854	public	search_api
DRX948492	DRR970857	public	search_api
DRX948494	DRR970859	public	search_api
DRX948495	DRR970860	public	search_api
DRX948496	DRR970861	public	search_api
DRX948497	DRR970862	public	search_api
DRX948498	DRR970863	public	search_api
DRX948499	DRR970864	public	search_api
DRX948501	DRR970866	public	search_api
DRX948502	DRR970867	public	search_api
DRX948503	DRR970868	public	search_api
DRX948505	DRR970870	public	search_api
DRX948506	DRR970871	public	search_api
DRX948508	DRR970873	public	search_api
DRX948509	DRR970874	public	search_api
DRX948510	DRR970875	public	search_api
DRX948511	DRR970876	public	search_api
DRX948512	DRR970877	public	search_api
DRX948514	DRR970879	public	search_api
DRX948515	DRR970880	public	search_api
DRX948516	DRR970881	public	search_api
DRX948517	DRR970882	public	search_api
DRX948518	DRR970883	public	search_api
DRX948519	DRR970884	public	search_api
DRX948520	DRR970885	public	search_api
DRX948521	DRR970886	public	search_api
DRX948522	DRR970887	public	search_api
DRX948523	DRR970888	public	search_api
DRX948525	DRR970890	public	search_api
DRX948526	DRR970891	public	search_api
DRX948527	DRR970892	public	search_api
DRX948528	DRR970893	public	search_api
DRX948529	DRR970894	public	search_api
DRX948530	DRR970895	public	search_api
DRX948531	DRR970896	public	search_api
DRX948532	DRR970897	public	search_api
DRX948533	DRR970898	public	search_api
DRX948534	DRR970899	public	search_api
DRX948535	DRR970900	public	search_api
DRX948536	DRR970901	public	search_api
DRX948537	DRR970902	public	search_api
DRX948538	DRR970903	public	search_api
DRX948539	DRR970904	public	search_api
DRX948540	DRR970905	public	search_api
DRX948541	DRR970906	public	search_api
DRX948542	DRR970907	public	search_api
DRX948543	DRR970908	public	search_api
DRX948544	DRR970909	public	search_api
DRX948545	DRR970910	public	search_api
DRX948546	DRR970911	public	search_api
DRX948547	DRR970912	public	search_api
DRX948549	DRR970914	public	search_api
DRX948550	DRR970915	public	search_api
DRX948551	DRR970916	public	search_api
DRX948552	DRR970917	public	search_api
DRX948553	DRR970918	public	search_api
DRX948557	DRR970922	public	search_api
DRX948558	DRR970923	public	search_api
DRX948559	DRR970924	public	search_api
DRX948560	DRR970925	public	search_api
DRX948561	DRR970926	public	search_api
DRX948562	DRR970927	public	search_api
DRX948563	DRR970928	public	search_api
DRX948564	DRR970929	public	search_api
DRX948565	DRR970930	public	search_api
DRX948566	DRR970931	public	search_api
DRX948567	DRR970932	public	search_api
DRX948568	DRR970933	public	search_api
DRX948569	DRR970934	public	search_api
DRX948571	DRR970936	public	search_api
DRX948573	DRR970938	public	search_api
DRX948574	DRR970939	public	search_api
DRX948575	DRR970940	public	search_api
DRX948576	DRR970941	public	search_api
DRX948577	DRR970942	public	search_api
DRX948581	DRR970946	public	search_api
DRX948582	DRR970947	public	search_api
DRX948583	DRR970948	public	search_api
DRX948584	DRR970949	public	search_api
DRX948585	DRR970950	public	search_api
DRX948586	DRR970951	public	search_api
DRX948587	DRR970952	public	search_api
DRX948588	DRR970953	public	search_api
DRX948589	DRR970954	public	search_api
DRX948591	DRR970956	public	search_api
DRX948592	DRR970957	public	search_api
DRX948594	DRR970959	public	search_api
DRX948595	DRR970960	public	search_api
DRX948596	DRR970961	public	search_api
DRX948597	DRR970962	public	search_api
DRX948598	DRR970963	public	search_api
DRX948599	DRR970964	public	search_api
DRX948600	DRR970965	public	search_api
DRX948602	DRR970967	public	search_api
DRX948603	DRR970968	public	search_api
DRX948604	DRR970969	public	search_api
DRX948605	DRR970970	public	search_api
DRX948606	DRR970971	public	search_api
DRX948608	DRR970973	public	search_api
DRX948609	DRR970974	public	search_api
DRX948610	DRR970975	public	search_api
DRX948611	DRR970976	public	search_api
DRX948612	DRR970977	public	search_api
DRX948614	DRR970979	public	search_api
DRX948615	DRR970980	public	search_api
DRX948616	DRR970981	public	search_api
DRX948617	DRR970982	public	search_api
DRX948618	DRR970983	public	search_api
DRX948619	DRR970984	public	search_api
DRX948620	DRR970985	public	search_api
DRX948621	DRR970986	public	search_api
DRX948622	DRR970987	public	search_api
DRX948623	DRR970988	public	search_api
DRX948624	DRR970989	public	search_api
DRX948625	DRR970990	public	search_api
DRX948626	DRR970991	public	search_api
DRX948627	DRR970992	public	search_api
DRX948628	DRR970993	public	search_api
DRX948629	DRR970994	public	search_api
DRX948630	DRR970995	public	search_api
DRX948631	DRR970996	public	search_api
DRX948632	DRR970997	public	search_api
DRX948633	DRR970998	public	search_api
DRX948634	DRR970999	public	search_api
DRX948635	DRR971000	public	search_api
DRX948636	DRR971001	public	search_api
DRX948637	DRR971002	public	search_api
DRX948639	DRR971004	public	search_api
DRX948640	DRR971005	public	search_api
DRX948641	DRR971006	public	search_api
DRX948642	DRR971007	public	search_api
DRX948643	DRR971008	public	search_api
DRX948646	DRR971011	public	search_api
DRX948647	DRR971012	public	search_api
DRX948649	DRR971014	public	search_api
DRX948650	DRR971015	public	search_api
DRX948651	DRR971016	public	search_api
DRX948652	DRR971017	public	search_api
DRX948653	DRR971018	public	search_api
DRX948654	DRR971019	public	search_api
DRX948655	DRR971020	public	search_api
DRX948656	DRR971021	public	search_api
DRX948657	DRR971022	public	search_api
DRX948659	DRR971024	public	search_api
DRX948661	DRR971026	public	search_api
DRX948663	DRR971028	public	search_api
DRX948664	DRR971029	public	search_api
DRX948665	DRR971030	public	search_api
DRX948666	DRR971031	public	search_api
DRX948667	DRR971032	public	search_api
DRX948668	DRR971033	public	search_api
DRX948669	DRR971034	public	search_api
DRX948670	DRR971035	public	search_api
DRX948671	DRR971036	public	search_api
DRX948672	DRR971037	public	search_api
DRX948674	DRR971039	public	search_api
DRX948675	DRR971040	public	search_api
DRX948676	DRR971041	public	search_api
DRX948677	DRR971042	public	search_api
DRX948679	DRR971044	public	search_api
DRX948680	DRR971045	public	search_api
DRX948681	DRR971046	public	search_api
DRX948682	DRR971047	public	search_api
DRX948683	DRR971048	public	search_api
DRX948684	DRR971049	public	search_api
DRX948685	DRR971050	public	search_api
DRX948687	DRR971052	public	search_api
DRX948688	DRR971053	public	search_api
DRX948689	DRR971054	public	search_api
DRX948690	DRR971055	public	search_api
DRX948691	DRR971056	public	search_api
DRX948692	DRR971057	public	search_api
DRX948693	DRR971058	public	search_api
DRX948694	DRR971059	public	search_api
DRX948695	DRR971060	public	search_api
DRX948696	DRR971061	public	search_api
DRX948697	DRR971062	public	search_api
DRX948698	DRR971063	public	search_api
DRX948699	DRR971064	public	search_api
DRX948703	DRR971068	public	search_api
DRX948704	DRR971069	public	search_api
DRX948705	DRR971070	public	search_api
DRX948706	DRR971071	public	search_api
DRX948708	DRR971073	public	search_api
DRX948710	DRR971075	public	search_api
DRX948712	DRR971077	public	search_api
DRX948713	DRR971078	public	search_api
DRX948714	DRR971079	public	search_api
DRX948716	DRR971081	public	search_api
DRX948717	DRR971082	public	search_api
DRX948718	DRR971083	public	search_api
DRX948719	DRR971084	public	search_api
DRX948720	DRR971085	public	search_api
DRX948721	DRR971086	public	search_api
DRX948722	DRR971087	public	search_api
DRX948723	DRR971088	public	search_api
DRX948725	DRR971090	public	search_api
DRX948726	DRR971091	public	search_api
DRX948727	DRR971092	public	search_api
DRX948728	DRR971093	public	search_api
DRX948729	DRR971094	public	search_api
DRX948730	DRR971095	public	search_api
DRX948731	DRR971096	public	search_api
DRX948733	DRR971098	public	search_api
DRX948734	DRR971099	public	search_api
DRX948735	DRR971100	public	search_api
DRX948737	DRR971102	public	search_api
DRX948738	DRR971103	public	search_api
DRX948739	DRR971104	public	search_api
DRX948740	DRR971105	public	search_api
DRX948741	DRR971106	public	search_api
DRX948742	DRR971107	public	search_api
DRX948743	DRR971108	public	search_api
DRX948744	DRR971109	public	search_api
DRX948745	DRR971110	public	search_api
DRX948747	DRR971112	public	search_api
DRX948748	DRR971113	public	search_api
DRX948749	DRR971114	public	search_api
DRX948750	DRR971115	public	search_api
DRX948751	DRR971116	public	search_api
DRX948753	DRR971118	public	search_api
DRX948754	DRR971119	public	search_api
DRX948756	DRR971121	public	search_api
DRX948757	DRR971122	public	search_api
DRX948758	DRR971123	public	search_api
DRX948759	DRR971124	public	search_api
DRX948760	DRR971125	public	search_api
DRX948761	DRR971126	public	search_api
DRX948762	DRR971127	public	search_api
DRX948763	DRR971128	public	search_api
DRX948764	DRR971129	public	search_api
DRX948765	DRR971130	public	search_api
DRX948766	DRR971131	public	search_api
DRX948767	DRR971132	public	search_api
DRX948768	DRR971133	public	search_api
DRX948769	DRR971134	public	search_api
DRX948770	DRR971135	public	search_api
DRX948773	DRR971138	public	search_api
DRX948774	DRR971139	public	search_api
DRX948776	DRR971141	public	search_api
DRX948777	DRR971142	public	search_api
DRX948778	DRR971143	public	search_api
DRX948779	DRR971144	public	search_api
DRX948780	DRR971145	public	search_api
DRX948782	DRR971147	public	search_api
DRX948783	DRR971148	public	search_api
DRX948784	DRR971149	public	search_api
DRX948785	DRR971150	public	search_api
DRX948786	DRR971151	public	search_api
DRX948787	DRR971152	public	search_api
DRX948788	DRR971153	public	search_api
DRX948789	DRR971154	public	search_api
DRX948790	DRR971155	public	search_api
DRX948791	DRR971156	public	search_api
DRX948792	DRR971157	public	search_api
DRX948793	DRR971158	public	search_api
DRX948794	DRR971159	public	search_api
DRX948795	DRR971160	public	search_api
DRX948797	DRR971162	public	search_api
DRX948798	DRR971163	public	search_api
DRX948799	DRR971164	public	search_api
DRX948800	DRR971165	public	search_api
DRX948802	DRR971167	public	search_api
DRX948803	DRR971168	public	search_api
DRX948804	DRR971169	public	search_api
DRX948805	DRR971170	public	search_api
DRX948806	DRR971171	public	search_api
DRX948807	DRR971172	public	search_api
DRX948808	DRR971173	public	search_api
DRX948810	DRR971175	public	search_api
DRX948811	DRR971176	public	search_api
DRX948812	DRR971177	public	search_api
DRX948813	DRR971178	public	search_api
DRX948814	DRR971179	public	search_api
DRX948815	DRR971180	public	search_api
DRX948816	DRR971181	public	search_api
DRX948817	DRR971182	public	search_api
DRX948818	DRR971183	public	search_api
DRX948819	DRR971184	public	search_api
DRX948820	DRR971185	public	search_api
DRX948823	DRR971188	public	search_api
DRX948824	DRR971189	public	search_api
DRX948825	DRR971190	public	search_api
DRX948826	DRR971191	public	search_api
DRX948827	DRR971192	public	search_api
DRX948828	DRR971193	public	search_api
DRX948829	DRR971194	public	search_api
DRX948830	DRR971195	public	search_api
DRX948831	DRR971196	public	search_api
DRX948832	DRR971197	public	search_api
DRX948833	DRR971198	public	search_api
DRX948834	DRR971199	public	search_api
DRX948836	DRR971201	public	search_api
DRX948837	DRR971202	public	search_api
DRX948839	DRR971204	public	search_api
DRX948840	DRR971205	public	search_api
DRX948841	DRR971206	public	search_api
DRX948842	DRR971207	public	search_api
DRX948843	DRR971208	public	search_api
DRX948844	DRR971209	public	search_api
DRX948845	DRR971210	public	search_api
DRX948847	DRR971212	public	search_api
DRX948848	DRR971213	public	search_api
DRX948849	DRR971214	public	search_api
DRX948850	DRR971215	public	search_api
DRX948851	DRR971216	public	search_api
DRX948852	DRR971217	public	search_api
DRX948853	DRR971218	public	search_api
DRX948854	DRR971219	public	search_api
DRX948855	DRR971220	public	search_api
DRX948856	DRR971221	public	search_api
DRX948857	DRR971222	public	search_api
DRX948860	DRR971225	public	search_api
DRX948861	DRR971226	public	search_api
DRX948862	DRR971227	public	search_api
DRX948863	DRR971228	public	search_api
DRX948864	DRR971229	public	search_api
DRX948865	DRR971230	public	search_api
DRX948866	DRR971231	public	search_api
DRX948867	DRR971232	public	search_api
DRX948869	DRR971234	public	search_api
DRX948870	DRR971235	public	search_api
DRX948871	DRR971236	public	search_api
DRX948872	DRR971237	public	search_api
DRX948875	DRR971240	public	search_api
DRX948876	DRR971241	public	search_api
DRX948877	DRR971242	public	search_api
DRX948878	DRR971243	public	search_api
DRX948880	DRR971245	public	search_api
DRX948881	DRR971246	public	search_api
DRX948884	DRR971249	public	search_api
DRX948886	DRR971251	public	search_api
DRX948887	DRR971252	public	search_api
DRX948888	DRR971253	public	search_api
DRX948889	DRR971254	public	search_api
DRX948890	DRR971255	public	search_api
DRX948891	DRR971256	public	search_api
DRX948892	DRR971257	public	search_api
DRX948893	DRR971258	public	search_api
DRX948894	DRR971259	public	search_api
DRX948895	DRR971260	public	search_api
DRX948896	DRR971261	public	search_api
DRX948897	DRR971262	public	search_api
DRX948899	DRR971264	public	search_api
DRX948900	DRR971265	public	search_api
DRX948902	DRR971267	public	search_api
DRX948903	DRR971268	public	search_api
DRX948904	DRR971269	public	search_api
DRX948905	DRR971270	public	search_api
DRX948906	DRR971271	public	search_api
DRX948907	DRR971272	public	search_api
DRX948908	DRR971273	public	search_api
DRX948909	DRR971274	public	search_api
DRX948910	DRR971275	public	search_api
DRX948911	DRR971276	public	search_api
DRX948912	DRR971277	public	search_api
DRX948913	DRR971278	public	search_api
DRX948914	DRR971279	public	search_api
DRX948915	DRR971280	public	search_api
DRX948916	DRR971281	public	search_api
DRX948917	DRR971282	public	search_api
DRX948918	DRR971283	public	search_api
DRX948919	DRR971284	public	search_api
DRX948920	DRR971285	public	search_api
DRX948921	DRR971286	public	search_api
DRX948922	DRR971287	public	search_api
DRX948923	DRR971288	public	search_api
DRX948924	DRR971289	public	search_api
DRX948925	DRR971290	public	search_api
DRX948926	DRR971291	public	search_api
DRX948927	DRR971292	public	search_api
DRX948929	DRR971294	public	search_api
DRX948930	DRR971295	public	search_api
DRX948931	DRR971296	public	search_api
DRX948932	DRR971297	public	search_api
DRX948933	DRR971298	public	search_api
DRX948934	DRR971299	public	search_api
DRX948937	DRR971302	public	search_api
DRX948938	DRR971303	public	search_api
DRX948939	DRR971304	public	search_api
DRX948940	DRR971305	public	search_api
DRX948941	DRR971306	public	search_api
DRX948942	DRR971307	public	search_api
DRX948943	DRR971308	public	search_api
DRX948944	DRR971309	public	search_api
DRX948945	DRR971310	public	search_api
DRX948947	DRR971312	public	search_api
DRX948948	DRR971313	public	search_api
DRX948950	DRR971315	public	search_api
DRX948951	DRR971316	public	search_api
DRX948952	DRR971317	public	search_api
DRX948953	DRR971318	public	search_api
DRX948954	DRR971319	public	search_api
DRX948955	DRR971320	public	search_api
DRX948956	DRR971321	public	search_api
DRX948957	DRR971322	public	search_api
DRX948959	DRR971324	public	search_api
DRX948960	DRR971325	public	search_api
DRX948961	DRR971326	public	search_api
DRX948962	DRR971327	public	search_api
DRX948963	DRR971328	public	search_api
DRX948964	DRR971329	public	search_api
DRX948966	DRR971331	public	search_api
DRX948967	DRR971332	public	search_api
DRX948968	DRR971333	public	search_api
DRX948969	DRR971334	public	search_api
DRX948970	DRR971335	public	search_api
DRX948971	DRR971336	public	search_api
DRX948972	DRR971337	public	search_api
DRX948973	DRR971338	public	search_api
DRX948974	DRR971339	public	search_api
DRX948975	DRR971340	public	search_api
DRX948977	DRR971342	public	search_api
DRX948978	DRR971343	public	search_api
DRX948979	DRR971344	public	search_api
DRX948980	DRR971345	public	search_api
DRX948981	DRR971346	public	search_api
DRX948983	DRR971348	public	search_api
DRX948984	DRR971349	public	search_api
DRX948985	DRR971350	public	search_api
DRX948986	DRR971351	public	search_api
DRX948988	DRR971353	public	search_api
DRX948989	DRR971354	public	search_api
DRX948990	DRR971355	public	search_api
DRX948991	DRR971356	public	search_api
DRX948992	DRR971357	public	search_api
DRX948993	DRR971358	public	search_api
DRX948994	DRR971359	public	search_api
DRX948995	DRR971360	public	search_api
DRX948996	DRR971361	public	search_api
DRX948997	DRR971362	public	search_api
DRX948999	DRR971364	public	search_api
DRX949000	DRR971365	public	search_api
DRX949001	DRR971366	public	search_api
DRX949002	DRR971367	public	search_api
DRX949003	DRR971368	public	search_api
DRX949005	DRR971370	public	search_api
DRX949006	DRR971371	public	search_api
DRX949008	DRR971373	public	search_api
DRX949009	DRR971374	public	search_api
DRX949010	DRR971375	public	search_api
DRX949011	DRR971376	public	search_api
DRX949012	DRR971377	public	search_api
DRX949013	DRR971378	public	search_api
DRX949014	DRR971379	public	search_api
DRX949015	DRR971380	public	search_api
DRX949016	DRR971381	public	search_api
DRX949017	DRR971382	public	search_api
DRX949018	DRR971383	public	search_api
DRX949019	DRR971384	public	search_api
DRX949020	DRR971385	public	search_api
DRX949021	DRR971386	public	search_api
DRX949022	DRR971387	public	search_api
DRX949023	DRR971388	public	search_api
DRX949024	DRR971389	public	search_api
DRX949025	DRR971390	public	search_api
DRX949026	DRR971391	public	search_api
DRX949027	DRR971392	public	search_api
DRX949028	DRR971393	public	search_api
DRX949029	DRR971394	public	search_api
DRX949030	DRR971395	public	search_api
DRX949031	DRR971396	public	search_api
DRX949032	DRR971397	public	search_api
DRX949033	DRR971398	public	search_api
DRX949034	DRR971399	public	search_api
DRX949035	DRR971400	public	search_api
DRX949036	DRR971401	public	search_api
DRX949037	DRR971402	public	search_api
DRX949038	DRR971403	public	search_api
DRX949039	DRR971404	public	search_api
DRX949040	DRR971405	public	search_api
DRX949041	DRR971406	public	search_api
DRX949042	DRR971407	public	search_api
DRX949043	DRR971408	public	search_api
DRX949045	DRR971410	public	search_api
DRX949046	DRR971411	public	search_api
DRX949047	DRR971412	public	search_api
DRX949049	DRR971414	public	search_api
DRX949050	DRR971415	public	search_api
DRX949051	DRR971416	public	search_api
DRX949052	DRR971417	public	search_api
DRX949053	DRR971418	public	search_api
DRX949055	DRR971420	public	search_api
DRX949056	DRR971421	public	search_api
DRX949057	DRR971422	public	search_api
DRX949058	DRR971423	public	search_api
DRX949061	DRR971426	public	search_api
DRX949062	DRR971427	public	search_api
DRX949063	DRR971428	public	search_api
DRX949064	DRR971429	public	search_api
DRX949065	DRR971430	public	search_api
DRX949066	DRR971431	public	search_api
DRX949067	DRR971432	public	search_api
DRX949068	DRR971433	public	search_api
DRX949070	DRR971435	public	search_api
DRX949071	DRR971436	public	search_api
DRX949072	DRR971437	public	search_api
DRX949073	DRR971438	public	search_api
DRX949074	DRR971439	public	search_api
DRX949075	DRR971440	public	search_api
DRX949077	DRR971442	public	search_api
DRX949078	DRR971443	public	search_api
DRX949079	DRR971444	public	search_api
DRX949080	DRR971445	public	search_api
DRX949081	DRR971446	public	search_api
DRX949082	DRR971447	public	search_api
DRX949083	DRR971448	public	search_api
DRX949084	DRR971449	public	search_api
DRX949085	DRR971450	public	search_api
DRX949086	DRR971451	public	search_api
DRX949087	DRR971452	public	search_api
DRX949088	DRR971453	public	search_api
DRX949089	DRR971454	public	search_api
DRX949090	DRR971455	public	search_api
DRX949091	DRR971456	public	search_api
DRX949093	DRR971458	public	search_api
DRX949094	DRR971459	public	search_api
DRX949095	DRR971460	public	search_api
DRX949096	DRR971461	public	search_api
DRX949097	DRR971462	public	search_api
DRX949098	DRR971463	public	search_api
DRX949099	DRR971464	public	search_api
DRX949100	DRR971465	public	search_api
DRX949101	DRR971466	public	search_api
DRX949102	DRR971467	public	search_api
DRX949103	DRR971468	public	search_api
DRX949104	DRR971469	public	search_api
DRX949106	DRR971471	public	search_api
DRX949107	DRR971472	public	search_api
DRX949108	DRR971473	public	search_api
DRX949109	DRR971474	public	search_api
DRX949111	DRR971476	public	search_api
DRX949113	DRR971478	public	search_api
DRX949114	DRR971479	public	search_api
DRX949115	DRR971480	public	search_api
DRX949116	DRR971481	public	search_api
DRX949118	DRR971483	public	search_api
DRX949119	DRR971484	public	search_api
DRX949120	DRR971485	public	search_api
DRX949122	DRR971487	public	search_api
DRX949123	DRR971488	public	search_api
DRX949124	DRR971489	public	search_api
DRX949125	DRR971490	public	search_api
DRX949126	DRR971491	public	search_api
DRX949127	DRR971492	public	search_api
DRX949128	DRR971493	public	search_api
DRX949129	DRR971494	public	search_api
DRX949131	DRR971496	public	search_api
DRX949132	DRR971497	public	search_api
DRX949134	DRR971499	public	search_api
DRX949135	DRR971500	public	search_api
DRX949136	DRR971501	public	search_api
DRX949137	DRR971502	public	search_api
DRX949139	DRR971504	public	search_api
DRX949140	DRR971505	public	search_api
DRX949146	DRR971511	public	search_api
DRX949147	DRR971512	public	search_api
DRX949148	DRR971513	public	search_api
DRX949150	DRR971515	public	search_api
DRX949151	DRR971516	public	search_api
DRX949152	DRR971517	public	search_api
DRX949153	DRR971518	public	search_api
DRX949154	DRR971519	public	search_api
DRX949156	DRR971521	public	search_api
DRX949157	DRR971522	public	search_api
DRX949158	DRR971523	public	search_api
DRX949160	DRR971525	public	search_api
DRX949161	DRR971526	public	search_api
DRX949162	DRR971527	public	search_api
DRX949163	DRR971528	public	search_api
DRX949164	DRR971529	public	search_api
DRX949165	DRR971530	public	search_api
DRX949166	DRR971531	public	search_api
DRX949167	DRR971532	public	search_api
DRX949169	DRR971534	public	search_api
DRX949170	DRR971535	public	search_api
DRX949171	DRR971536	public	search_api
DRX949172	DRR971537	public	search_api
DRX949173	DRR971538	public	search_api
DRX949174	DRR971539	public	search_api
DRX949176	DRR971541	public	search_api
DRX949177	DRR971542	public	search_api
DRX949178	DRR971543	public	search_api
DRX949179	DRR971544	public	search_api
DRX949180	DRR971545	public	search_api
DRX949181	DRR971546	public	search_api
DRX949183	DRR971548	public	search_api
DRX949185	DRR971550	public	search_api
DRX949187	DRR971552	public	search_api
DRX949189	DRR971554	public	search_api
DRX949190	DRR971555	public	search_api
DRX949193	DRR971558	public	search_api
DRX949194	DRR971559	public	search_api
DRX949195	DRR971560	public	search_api
DRX949196	DRR971561	public	search_api
DRX949197	DRR971562	public	search_api
DRX949198	DRR971563	public	search_api
DRX949200	DRR971565	public	search_api
DRX949201	DRR971566	public	search_api
DRX949202	DRR971567	public	search_api
DRX949203	DRR971568	public	search_api
DRX949204	DRR971569	public	search_api
DRX949205	DRR971570	public	search_api
DRX949206	DRR971571	public	search_api
DRX949207	DRR971572	public	search_api
DRX949208	DRR971573	public	search_api
DRX949209	DRR971574	public	search_api
DRX949211	DRR971576	public	search_api
DRX949212	DRR971577	public	search_api
DRX949213	DRR971578	public	search_api
DRX949215	DRR971580	public	search_api
DRX949216	DRR971581	public	search_api
DRX949217	DRR971582	public	search_api
DRX949219	DRR971584	public	search_api
DRX949220	DRR971585	public	search_api
DRX949222	DRR971587	public	search_api
DRX949223	DRR971588	public	search_api
DRX949224	DRR971589	public	search_api
DRX949226	DRR971591	public	search_api
DRX949227	DRR971592	public	search_api
DRX949228	DRR971593	public	search_api
DRX949229	DRR971594	public	search_api
DRX949230	DRR971595	public	search_api
DRX949232	DRR971597	public	search_api
DRX949234	DRR971599	public	search_api
DRX949235	DRR971600	public	search_api
DRX949236	DRR971601	public	search_api
DRX949237	DRR971602	public	search_api
DRX949238	DRR971603	public	search_api
DRX949239	DRR971604	public	search_api
DRX949240	DRR971605	public	search_api
DRX949241	DRR971606	public	search_api
DRX949242	DRR971607	public	search_api
DRX949243	DRR971608	public	search_api
DRX949244	DRR971609	public	search_api
DRX949246	DRR971611	public	search_api
DRX949247	DRR971612	public	search_api
DRX949248	DRR971613	public	search_api
DRX949249	DRR971614	public	search_api
DRX949250	DRR971615	public	search_api
DRX949251	DRR971616	public	search_api
DRX949253	DRR971618	public	search_api
DRX949254	DRR971619	public	search_api
DRX949255	DRR971620	public	search_api
DRX949256	DRR971621	public	search_api
DRX949257	DRR971622	public	search_api
DRX949259	DRR971624	public	search_api
DRX949260	DRR971625	public	search_api
DRX949261	DRR971626	public	search_api
DRX949262	DRR971627	public	search_api
DRX949263	DRR971628	public	search_api
DRX949264	DRR971629	public	search_api
DRX949265	DRR971630	public	search_api
DRX949266	DRR971631	public	search_api
DRX949267	DRR971632	public	search_api
DRX949268	DRR971633	public	search_api
DRX949269	DRR971634	public	search_api
DRX949270	DRR971635	public	search_api
DRX949271	DRR971636	public	search_api
DRX949272	DRR971637	public	search_api
DRX949273	DRR971638	public	search_api
DRX949274	DRR971639	public	search_api
DRX949275	DRR971640	public	search_api
DRX949276	DRR971641	public	search_api
DRX949277	DRR971642	public	search_api
DRX949279	DRR971644	public	search_api
DRX949280	DRR971645	public	search_api
DRX949281	DRR971646	public	search_api
DRX949282	DRR971647	public	search_api
DRX949283	DRR971648	public	search_api
DRX949284	DRR971649	public	search_api
DRX949285	DRR971650	public	search_api
DRX949286	DRR971651	public	search_api
DRX949287	DRR971652	public	search_api
DRX949288	DRR971653	public	search_api
DRX949290	DRR971655	public	search_api
DRX949291	DRR971656	public	search_api
DRX949292	DRR971657	public	search_api
DRX949293	DRR971658	public	search_api
DRX949294	DRR971659	public	search_api
DRX949295	DRR971660	public	search_api
DRX949296	DRR971661	public	search_api
DRX949297	DRR971662	public	search_api
DRX949299	DRR971664	public	search_api
DRX949300	DRR971665	public	search_api
DRX949301	DRR971666	public	search_api
DRX949302	DRR971667	public	search_api
DRX949303	DRR971668	public	search_api
DRX949305	DRR971670	public	search_api
DRX949306	DRR971671	public	search_api
DRX949308	DRR971673	public	search_api
DRX949309	DRR971674	public	search_api
DRX949310	DRR971675	public	search_api
DRX949311	DRR971676	public	search_api
DRX949312	DRR971677	public	search_api
DRX949313	DRR971678	public	search_api
DRX949314	DRR971679	public	search_api
DRX949315	DRR971680	public	search_api
DRX949316	DRR971681	public	search_api
DRX949317	DRR971682	public	search_api
DRX949318	DRR971683	public	search_api
DRX949320	DRR971685	public	search_api
DRX949322	DRR971687	public	search_api
DRX949323	DRR971688	public	search_api
DRX949324	DRR971689	public	search_api
DRX949326	DRR971691	public	search_api
DRX949327	DRR971692	public	search_api
DRX949328	DRR971693	public	search_api
DRX949329	DRR971694	public	search_api
DRX949330	DRR971695	public	search_api
DRX949331	DRR971696	public	search_api
DRX949332	DRR971697	public	search_api
DRX949334	DRR971699	public	search_api
DRX949335	DRR971700	public	search_api
DRX949336	DRR971701	public	search_api
DRX949337	DRR971702	public	search_api
DRX949338	DRR971703	public	search_api
DRX949339	DRR971704	public	search_api
DRX949340	DRR971705	public	search_api
DRX949341	DRR971706	public	search_api
DRX949342	DRR971707	public	search_api
DRX949343	DRR971708	public	search_api
DRX949344	DRR971709	public	search_api
DRX949345	DRR971710	public	search_api
DRX949346	DRR971711	public	search_api
DRX949347	DRR971712	public	search_api
DRX949348	DRR971713	public	search_api
DRX949349	DRR971714	public	search_api
DRX949350	DRR971715	public	search_api
DRX949351	DRR971716	public	search_api
DRX949352	DRR971717	public	search_api
DRX949353	DRR971718	public	search_api
DRX949354	DRR971719	public	search_api
DRX949355	DRR971720	public	search_api
DRX949357	DRR971722	public	search_api
DRX949358	DRR971723	public	search_api
DRX949359	DRR971724	public	search_api
DRX949360	DRR971725	public	search_api
DRX949361	DRR971726	public	search_api
DRX949362	DRR971727	public	search_api
DRX949363	DRR971728	public	search_api
DRX949364	DRR971729	public	search_api
DRX949365	DRR971730	public	search_api
DRX949367	DRR971732	public	search_api
DRX949368	DRR971733	public	search_api
DRX949369	DRR971734	public	search_api
DRX949370	DRR971735	public	search_api
DRX949371	DRR971736	public	search_api
DRX949372	DRR971737	public	search_api
DRX949373	DRR971738	public	search_api
DRX949374	DRR971739	public	search_api
DRX949375	DRR971740	public	search_api
DRX949376	DRR971741	public	search_api
DRX949377	DRR971742	public	search_api
DRX949379	DRR971744	public	search_api
DRX949380	DRR971745	public	search_api
DRX949382	DRR971747	public	search_api
DRX949383	DRR971748	public	search_api
DRX949385	DRR971750	public	search_api
DRX949386	DRR971751	public	search_api
DRX949387	DRR971752	public	search_api
DRX949388	DRR971753	public	search_api
DRX949389	DRR971754	public	search_api
DRX949390	DRR971755	public	search_api
DRX949391	DRR971756	public	search_api
DRX949392	DRR971757	public	search_api
DRX949393	DRR971758	public	search_api
DRX949394	DRR971759	public	search_api
DRX949396	DRR971761	public	search_api
DRX949397	DRR971762	public	search_api
DRX949398	DRR971763	public	search_api
DRX949399	DRR971764	public	search_api
DRX949400	DRR971765	public	search_api
DRX949401	DRR971766	public	search_api
DRX949402	DRR971767	public	search_api
DRX949403	DRR971768	public	search_api
DRX949404	DRR971769	public	search_api
DRX949405	DRR971770	public	search_api
DRX949407	DRR971772	public	search_api
DRX949408	DRR971773	public	search_api
DRX949410	DRR971775	public	search_api
DRX949411	DRR971776	public	search_api
DRX949414	DRR971779	public	search_api
DRX949415	DRR971780	public	search_api
DRX949416	DRR971781	public	search_api
DRX949417	DRR971782	public	search_api
DRX949418	DRR971783	public	search_api
DRX949419	DRR971784	public	search_api
DRX949420	DRR971785	public	search_api
DRX949421	DRR971786	public	search_api
DRX949422	DRR971787	public	search_api
DRX949423	DRR971788	public	search_api
DRX949424	DRR971789	public	search_api
DRX949425	DRR971790	public	search_api
DRX949426	DRR971791	public	search_api
DRX949427	DRR971792	public	search_api
DRX949429	DRR971794	public	search_api
DRX949430	DRR971795	public	search_api
DRX949431	DRR971796	public	search_api
DRX949432	DRR971797	public	search_api
DRX949434	DRR971799	public	search_api
DRX949436	DRR971801	public	search_api
DRX949437	DRR971802	public	search_api
DRX949438	DRR971803	public	search_api
DRX949439	DRR971804	public	search_api
DRX949440	DRR971805	public	search_api
DRX949442	DRR971807	public	search_api
DRX949444	DRR971809	public	search_api
DRX949445	DRR971810	public	search_api
DRX949446	DRR971811	public	search_api
DRX949447	DRR971812	public	search_api
DRX949448	DRR971813	public	search_api
DRX949449	DRR971814	public	search_api
DRX949450	DRR971815	public	search_api
DRX949451	DRR971816	public	search_api
DRX949452	DRR971817	public	search_api
DRX949454	DRR971819	public	search_api
DRX949457	DRR971822	public	search_api
DRX949458	DRR971823	public	search_api
DRX949459	DRR971824	public	search_api
DRX949460	DRR971825	public	search_api
DRX949461	DRR971826	public	search_api
DRX949462	DRR971827	public	search_api
DRX949463	DRR971828	public	search_api
DRX949464	DRR971829	public	search_api
DRX949466	DRR971831	public	search_api
DRX949467	DRR971832	public	search_api
DRX949469	DRR971834	public	search_api
DRX949470	DRR971835	public	search_api
DRX949471	DRR971836	public	search_api
DRX949472	DRR971837	public	search_api
DRX949474	DRR971839	public	search_api
DRX949475	DRR971840	public	search_api
DRX949476	DRR971841	public	search_api
DRX949477	DRR971842	public	search_api
DRX949478	DRR971843	public	search_api
DRX949479	DRR971844	public	search_api
DRX949480	DRR971845	public	search_api
DRX949481	DRR971846	public	search_api
DRX949482	DRR971847	public	search_api
DRX949484	DRR971849	public	search_api
DRX949486	DRR971851	public	search_api
DRX949487	DRR971852	public	search_api
DRX949488	DRR971853	public	search_api
DRX949489	DRR971854	public	search_api
DRX949490	DRR971855	public	search_api
DRX949491	DRR971856	public	search_api
DRX949492	DRR971857	public	search_api
DRX949493	DRR971858	public	search_api
DRX949494	DRR971859	public	search_api
DRX949497	DRR971862	public	search_api
DRX949498	DRR971863	public	search_api
DRX949499	DRR971864	public	search_api
DRX949500	DRR971865	public	search_api
DRX949501	DRR971866	public	search_api
DRX949502	DRR971867	public	search_api
DRX949503	DRR971868	public	search_api
DRX949504	DRR971869	public	search_api
DRX949505	DRR971870	public	search_api
DRX949506	DRR971871	public	search_api
DRX949508	DRR971873	public	search_api
DRX949509	DRR971874	public	search_api
DRX949511	DRR971876	public	search_api
DRX949512	DRR971877	public	search_api
DRX949513	DRR971878	public	search_api
DRX949514	DRR971879	public	search_api
DRX949515	DRR971880	public	search_api
DRX949516	DRR971881	public	search_api
DRX949517	DRR971882	public	search_api
DRX949518	DRR971883	public	search_api
DRX949519	DRR971884	public	search_api
DRX949520	DRR971885	public	search_api
DRX949521	DRR971886	public	search_api
DRX949522	DRR971887	public	search_api
DRX949523	DRR971888	public	search_api
DRX949525	DRR971890	public	search_api
DRX949526	DRR971891	public	search_api
DRX949527	DRR971892	public	search_api
DRX949528	DRR971893	public	search_api
DRX949532	DRR971897	public	search_api
DRX949533	DRR971898	public	search_api
DRX949534	DRR971899	public	search_api
DRX949536	DRR971901	public	search_api
DRX949537	DRR971902	public	search_api
DRX949538	DRR971903	public	search_api
DRX949539	DRR971904	public	search_api
DRX949540	DRR971905	public	search_api
DRX949541	DRR971906	public	search_api
DRX949542	DRR971907	public	search_api
DRX949543	DRR971908	public	search_api
DRX949545	DRR971910	public	search_api
DRX949546	DRR971911	public	search_api
DRX949547	DRR971912	public	search_api
DRX949548	DRR971913	public	search_api
DRX949549	DRR971914	public	search_api
DRX949550	DRR971915	public	search_api
DRX949551	DRR971916	public	search_api
DRX949552	DRR971917	public	search_api
DRX949554	DRR971919	public	search_api
DRX949556	DRR971921	public	search_api
DRX949557	DRR971922	public	search_api
DRX949558	DRR971923	public	search_api
DRX949559	DRR971924	public	search_api
DRX949560	DRR971925	public	search_api
DRX949561	DRR971926	public	search_api
DRX949562	DRR971927	public	search_api
DRX949564	DRR971929	public	search_api
DRX949566	DRR971931	public	search_api
DRX949567	DRR971932	public	search_api
DRX949568	DRR971933	public	search_api
DRX949569	DRR971934	public	search_api
DRX949570	DRR971935	public	search_api
DRX949571	DRR971936	public	search_api
DRX949573	DRR971938	public	search_api
DRX949574	DRR971939	public	search_api
DRX949575	DRR971940	public	search_api
DRX949580	DRR971945	public	search_api
DRX949581	DRR971946	public	search_api
DRX949582	DRR971947	public	search_api
DRX949583	DRR971948	public	search_api
DRX949585	DRR971950	public	search_api
DRX949586	DRR971951	public	search_api
DRX949588	DRR971953	public	search_api
DRX949589	DRR971954	public	search_api
DRX949591	DRR971956	public	search_api
DRX949592	DRR971957	public	search_api
DRX949593	DRR971958	public	search_api
DRX949596	DRR971961	public	search_api
DRX949597	DRR971962	public	search_api
DRX949598	DRR971963	public	search_api
DRX949599	DRR971964	public	search_api
DRX949600	DRR971965	public	search_api
DRX949601	DRR971966	public	search_api
DRX949602	DRR971967	public	search_api
DRX949603	DRR971968	public	search_api
DRX949604	DRR971969	public	search_api
DRX949606	DRR971971	public	search_api
DRX949607	DRR971972	public	search_api
DRX949608	DRR971973	public	search_api
DRX949609	DRR971974	public	search_api
DRX949610	DRR971975	public	search_api
DRX949611	DRR971976	public	search_api
DRX949612	DRR971977	public	search_api
DRX949613	DRR971978	public	search_api
DRX949615	DRR971980	public	search_api
DRX949616	DRR971981	public	search_api
DRX949618	DRR971983	public	search_api
DRX949619	DRR971984	public	search_api
DRX949620	DRR971985	public	search_api
DRX949621	DRR971986	public	search_api
DRX949622	DRR971987	public	search_api
DRX949623	DRR971988	public	search_api
DRX949624	DRR971989	public	search_api
DRX949625	DRR971990	public	search_api
DRX949626	DRR971991	public	search_api
DRX949627	DRR971992	public	search_api
DRX949628	DRR971993	public	search_api
DRX949629	DRR971994	public	search_api
DRX949630	DRR971995	public	search_api
DRX949631	DRR971996	public	search_api
DRX949632	DRR971997	public	search_api
DRX949633	DRR971998	public	search_api
DRX949634	DRR971999	public	search_api
DRX949635	DRR972000	public	search_api
DRX949636	DRR972001	public	search_api
DRX949637	DRR972002	public	search_api
DRX949638	DRR972003	public	search_api
DRX949639	DRR972004	public	search_api
DRX949640	DRR972005	public	search_api
DRX949641	DRR972006	public	search_api
DRX949642	DRR972007	public	search_api
DRX949643	DRR972008	public	search_api
DRX949644	DRR972009	public	search_api
DRX949645	DRR972010	public	search_api
DRX949646	DRR972011	public	search_api
DRX949647	DRR972012	public	search_api
DRX949648	DRR972013	public	search_api
DRX949649	DRR972014	public	search_api
DRX949650	DRR972015	public	search_api
DRX949651	DRR972016	public	search_api
DRX949652	DRR972017	public	search_api
DRX949655	DRR972020	public	search_api
DRX949657	DRR972022	public	search_api
DRX949658	DRR972023	public	search_api
DRX949659	DRR972024	public	search_api
DRX949660	DRR972025	public	search_api
DRX949661	DRR972026	public	search_api
DRX949663	DRR972028	public	search_api
DRX949664	DRR972029	public	search_api
DRX949665	DRR972030	public	search_api
DRX949666	DRR972031	public	search_api
DRX949667	DRR972032	public	search_api
DRX949668	DRR972033	public	search_api
DRX949670	DRR972035	public	search_api
DRX949672	DRR972037	public	search_api
DRX949674	DRR972039	public	search_api
DRX949675	DRR972040	public	search_api
DRX949676	DRR972041	public	search_api
DRX949677	DRR972042	public	search_api
DRX949678	DRR972043	public	search_api
DRX949679	DRR972044	public	search_api
DRX949680	DRR972045	public	search_api
DRX949681	DRR972046	public	search_api
DRX949682	DRR972047	public	search_api
DRX949683	DRR972048	public	search_api
DRX949684	DRR972049	public	search_api
DRX949685	DRR972050	public	search_api
DRX949686	DRR972051	public	search_api
DRX949687	DRR972052	public	search_api
DRX949688	DRR972053	public	search_api
DRX949690	DRR972055	public	search_api
DRX949691	DRR972056	public	search_api
DRX949692	DRR972057	public	search_api
DRX949693	DRR972058	public	search_api
DRX949695	DRR972060	public	search_api
DRX949696	DRR972061	public	search_api
DRX949697	DRR972062	public	search_api
DRX949698	DRR972063	public	search_api
DRX949699	DRR972064	public	search_api
DRX949700	DRR972065	public	search_api
DRX949701	DRR972066	public	search_api
DRX949703	DRR972068	public	search_api
DRX949704	DRR972069	public	search_api
DRX949705	DRR972070	public	search_api
DRX949706	DRR972071	public	search_api
DRX949708	DRR972073	public	search_api
DRX949709	DRR972074	public	search_api
DRX949710	DRR972075	public	search_api
DRX949711	DRR972076	public	search_api
DRX949712	DRR972077	public	search_api
DRX949713	DRR972078	public	search_api
DRX949714	DRR972079	public	search_api
DRX949715	DRR972080	public	search_api
DRX949716	DRR972081	public	search_api
DRX949717	DRR972082	public	search_api
DRX949718	DRR972083	public	search_api
DRX949722	DRR972087	public	search_api
DRX949723	DRR972088	public	search_api
DRX949724	DRR972089	public	search_api
DRX949725	DRR972090	public	search_api
DRX949726	DRR972091	public	search_api
DRX949727	DRR972092	public	search_api
DRX949729	DRR972094	public	search_api
DRX949730	DRR972095	public	search_api
DRX949732	DRR972097	public	search_api
DRX949733	DRR972098	public	search_api
DRX949734	DRR972099	public	search_api
DRX949735	DRR972100	public	search_api
DRX949736	DRR972101	public	search_api
DRX949739	DRR972104	public	search_api
DRX949740	DRR972105	public	search_api
DRX949741	DRR972106	public	search_api
DRX949742	DRR972107	public	search_api
DRX949743	DRR972108	public	search_api
DRX949744	DRR972109	public	search_api
DRX949745	DRR972110	public	search_api
DRX949746	DRR972111	public	search_api
DRX949747	DRR972112	public	search_api
DRX949748	DRR972113	public	search_api
DRX949749	DRR972114	public	search_api
DRX949750	DRR972115	public	search_api
DRX949751	DRR972116	public	search_api
DRX949752	DRR972117	public	search_api
DRX949753	DRR972118	public	search_api
DRX949754	DRR972119	public	search_api
DRX949755	DRR972120	public	search_api
DRX949756	DRR972121	public	search_api
DRX949757	DRR972122	public	search_api
DRX949758	DRR972123	public	search_api
DRX949759	DRR972124	public	search_api
DRX949760	DRR972125	public	search_api
DRX949761	DRR972126	public	search_api
DRX949762	DRR972127	public	search_api
DRX949763	DRR972128	public	search_api
DRX949764	DRR972129	public	search_api
DRX949765	DRR972130	public	search_api
DRX949766	DRR972131	public	search_api
DRX949767	DRR972132	public	search_api
DRX949768	DRR972133	public	search_api
DRX949770	DRR972135	public	search_api
DRX949771	DRR972136	public	search_api
DRX949773	DRR972138	public	search_api
DRX949774	DRR972139	public	search_api
DRX949776	DRR972141	public	search_api
DRX949777	DRR972142	public	search_api
DRX949778	DRR972143	public	search_api
DRX949779	DRR972144	public	search_api
DRX949780	DRR972145	public	search_api
DRX949781	DRR972146	public	search_api
DRX949782	DRR972147	public	search_api
DRX949783	DRR972148	public	search_api
DRX949786	DRR972151	public	search_api
DRX949787	DRR972152	public	search_api
DRX949788	DRR972153	public	search_api
DRX949789	DRR972154	public	search_api
DRX949790	DRR972155	public	search_api
DRX949791	DRR972156	public	search_api
DRX949792	DRR972157	public	search_api
DRX949793	DRR972158	public	search_api
DRX949794	DRR972159	public	search_api
DRX949795	DRR972160	public	search_api
DRX949796	DRR972161	public	search_api
DRX949797	DRR972162	public	search_api
DRX949798	DRR972163	public	search_api
DRX949799	DRR972164	public	search_api
DRX949800	DRR972165	public	search_api
DRX949801	DRR972166	public	search_api
DRX949802	DRR972167	public	search_api
DRX949803	DRR972168	public	search_api
DRX949804	DRR972169	public	search_api
DRX949805	DRR972170	public	search_api
DRX949806	DRR972171	public	search_api
DRX949807	DRR972172	public	search_api
DRX949808	DRR972173	public	search_api
DRX949809	DRR972174	public	search_api
DRX949810	DRR972175	public	search_api
DRX949812	DRR972177	public	search_api
DRX949813	DRR972178	public	search_api
DRX949814	DRR972179	public	search_api
DRX949815	DRR972180	public	search_api
DRX949816	DRR972181	public	search_api
DRX949817	DRR972182	public	search_api
DRX949818	DRR972183	public	search_api
DRX949819	DRR972184	public	search_api
DRX949820	DRR972185	public	search_api
DRX949821	DRR972186	public	search_api
DRX949823	DRR972188	public	search_api
DRX949825	DRR972190	public	search_api
DRX949826	DRR972191	public	search_api
DRX949827	DRR972192	public	search_api
DRX949828	DRR972193	public	search_api
DRX949829	DRR972194	public	search_api
DRX949830	DRR972195	public	search_api
DRX949831	DRR972196	public	search_api
DRX949832	DRR972197	public	search_api
DRX949833	DRR972198	public	search_api
DRX949834	DRR972199	public	search_api
DRX949835	DRR972200	public	search_api
DRX949836	DRR972201	public	search_api
DRX949837	DRR972202	public	search_api
DRX949838	DRR972203	public	search_api
DRX949839	DRR972204	public	search_api
DRX949840	DRR972205	public	search_api
DRX949841	DRR972206	public	search_api
DRX949842	DRR972207	public	search_api
DRX949843	DRR972208	public	search_api
DRX949844	DRR972209	public	search_api
DRX949845	DRR972210	public	search_api
DRX949846	DRR972211	public	search_api
DRX949847	DRR972212	public	search_api
DRX949848	DRR972213	public	search_api
DRX949849	DRR972214	public	search_api
DRX949850	DRR972215	public	search_api
DRX949852	DRR972217	public	search_api
DRX949854	DRR972219	public	search_api
DRX949855	DRR972220	public	search_api
DRX949856	DRR972221	public	search_api
DRX949857	DRR972222	public	search_api
DRX949858	DRR972223	public	search_api
DRX949859	DRR972224	public	search_api
DRX949860	DRR972225	public	search_api
DRX949861	DRR972226	public	search_api
DRX949863	DRR972228	public	search_api
DRX949864	DRR972229	public	search_api
DRX949865	DRR972230	public	search_api
DRX949866	DRR972231	public	search_api
DRX949868	DRR972233	public	search_api
DRX949869	DRR972234	public	search_api
DRX949870	DRR972235	public	search_api
DRX949871	DRR972236	public	search_api
DRX949873	DRR972238	public	search_api
DRX949874	DRR972239	public	search_api
DRX949876	DRR972241	public	search_api
DRX949877	DRR972242	public	search_api
DRX949878	DRR972243	public	search_api
DRX949879	DRR972244	public	search_api
DRX949880	DRR972245	public	search_api
DRX949881	DRR972246	public	search_api
DRX949882	DRR972247	public	search_api
DRX949883	DRR972248	public	search_api
DRX949884	DRR972249	public	search_api
DRX949885	DRR972250	public	search_api
DRX949886	DRR972251	public	search_api
DRX949887	DRR972252	public	search_api
DRX949889	DRR972254	public	search_api
DRX949891	DRR972256	public	search_api
DRX949892	DRR972257	public	search_api
DRX949893	DRR972258	public	search_api
DRX949894	DRR972259	public	search_api
DRX949895	DRR972260	public	search_api
DRX949896	DRR972261	public	search_api
DRX949897	DRR972262	public	search_api
DRX949898	DRR972263	public	search_api
DRX949899	DRR972264	public	search_api
DRX949900	DRR972265	public	search_api
DRX949901	DRR972266	public	search_api
DRX949902	DRR972267	public	search_api
DRX949903	DRR972268	public	search_api
DRX949905	DRR972270	public	search_api
DRX949906	DRR972271	public	search_api
DRX949907	DRR972272	public	search_api
DRX949908	DRR972273	public	search_api
DRX949910	DRR972275	public	search_api
DRX949911	DRR972276	public	search_api
DRX949912	DRR972277	public	search_api
DRX949913	DRR972278	public	search_api
DRX949914	DRR972279	public	search_api
DRX949915	DRR972280	public	search_api
DRX949916	DRR972281	public	search_api
DRX949917	DRR972282	public	search_api
DRX949919	DRR972284	public	search_api
DRX949920	DRR972285	public	search_api
DRX949921	DRR972286	public	search_api
DRX949922	DRR972287	public	search_api
DRX949923	DRR972288	public	search_api
DRX949924	DRR972289	public	search_api
DRX949925	DRR972290	public	search_api
DRX949926	DRR972291	public	search_api
DRX949927	DRR972292	public	search_api
DRX949929	DRR972294	public	search_api
DRX949930	DRR972295	public	search_api
DRX949931	DRR972296	public	search_api
DRX949932	DRR972297	public	search_api
DRX949934	DRR972299	public	search_api
DRX949935	DRR972300	public	search_api
DRX949936	DRR972301	public	search_api
DRX949937	DRR972302	public	search_api
DRX949938	DRR972303	public	search_api
DRX949939	DRR972304	public	search_api
DRX949941	DRR972306	public	search_api
DRX949942	DRR972307	public	search_api
DRX949943	DRR972308	public	search_api
DRX949944	DRR972309	public	search_api
DRX949945	DRR972310	public	search_api
DRX949946	DRR972311	public	search_api
DRX949947	DRR972312	public	search_api
DRX949948	DRR972313	public	search_api
DRX949949	DRR972314	public	search_api
DRX949950	DRR972315	public	search_api
DRX949952	DRR972317	public	search_api
DRX949953	DRR972318	public	search_api
DRX949954	DRR972319	public	search_api
DRX949955	DRR972320	public	search_api
DRX949956	DRR972321	public	search_api
DRX949957	DRR972322	public	search_api
DRX949958	DRR972323	public	search_api
DRX949959	DRR972324	public	search_api
DRX949960	DRR972325	public	search_api
DRX949961	DRR972326	public	search_api
DRX949962	DRR972327	public	search_api
DRX949963	DRR972328	public	search_api
DRX949965	DRR972330	public	search_api
DRX949966	DRR972331	public	search_api
DRX949967	DRR972332	public	search_api
DRX949968	DRR972333	public	search_api
DRX949969	DRR972334	public	search_api
DRX949970	DRR972335	public	search_api
DRX949972	DRR972337	public	search_api
DRX949973	DRR972338	public	search_api
DRX949974	DRR972339	public	search_api
DRX949975	DRR972340	public	search_api
DRX949976	DRR972341	public	search_api
DRX949977	DRR972342	public	search_api
DRX949978	DRR972343	public	search_api
DRX949979	DRR972344	public	search_api
DRX949980	DRR972345	public	search_api
DRX949981	DRR972346	public	search_api
DRX949982	DRR972347	public	search_api
DRX949983	DRR972348	public	search_api
DRX949984	DRR972349	public	search_api
DRX949985	DRR972350	public	search_api
DRX949986	DRR972351	public	search_api
DRX949987	DRR972352	public	search_api
DRX949989	DRR972354	public	search_api
DRX949990	DRR972355	public	search_api
DRX949991	DRR972356	public	search_api
DRX949992	DRR972357	public	search_api
DRX949993	DRR972358	public	search_api
DRX949994	DRR972359	public	search_api
DRX949995	DRR972360	public	search_api
DRX949996	DRR972361	public	search_api
DRX949997	DRR972362	public	search_api
DRX949998	DRR972363	public	search_api
DRX949999	DRR972364	public	search_api
DRX950000	DRR972365	public	search_api
DRX950001	DRR972366	public	search_api
DRX950002	DRR972367	public	search_api
DRX950003	DRR972368	public	search_api
DRX950004	DRR972369	public	search_api
DRX950005	DRR972370	public	search_api
DRX950006	DRR972371	public	search_api
DRX950007	DRR972372	public	search_api
DRX950008	DRR972373	public	search_api
DRX950009	DRR972374	public	search_api
DRX950010	DRR972375	public	search_api
DRX950011	DRR972376	public	search_api
DRX950012	DRR972377	public	search_api
DRX950013	DRR972378	public	search_api
DRX950014	DRR972379	public	search_api
DRX950015	DRR972380	public	search_api
DRX950016	DRR972381	public	search_api
DRX950018	DRR972383	public	search_api
DRX950019	DRR972384	public	search_api
DRX950020	DRR972385	public	search_api
DRX950021	DRR972386	public	search_api
DRX950022	DRR972387	public	search_api
DRX950023	DRR972388	public	search_api
DRX950024	DRR972389	public	search_api
DRX950025	DRR972390	public	search_api
DRX950026	DRR972391	public	search_api
DRX950027	DRR972392	public	search_api
DRX950028	DRR972393	public	search_api
DRX950029	DRR972394	public	search_api
DRX950030	DRR972395	public	search_api
DRX950031	DRR972396	public	search_api
DRX950032	DRR972397	public	search_api
DRX950033	DRR972398	public	search_api
DRX950034	DRR972399	public	search_api
DRX950036	DRR972401	public	search_api
DRX950037	DRR972402	public	search_api
DRX950038	DRR972403	public	search_api
DRX950040	DRR972405	public	search_api
DRX950041	DRR972406	public	search_api
DRX950042	DRR972407	public	search_api
DRX950043	DRR972408	public	search_api
DRX950044	DRR972409	public	search_api
DRX950045	DRR972410	public	search_api
DRX950046	DRR972411	public	search_api
DRX950047	DRR972412	public	search_api
DRX950048	DRR972413	public	search_api
DRX950049	DRR972414	public	search_api
DRX950050	DRR972415	public	search_api
DRX950051	DRR972416	public	search_api
DRX950053	DRR972418	public	search_api
DRX950054	DRR972419	public	search_api
DRX950055	DRR972420	public	search_api
DRX950056	DRR972421	public	search_api
DRX950057	DRR972422	public	search_api
DRX950058	DRR972423	public	search_api
DRX950059	DRR972424	public	search_api
DRX950060	DRR972425	public	search_api
DRX950061	DRR972426	public	search_api
DRX950062	DRR972427	public	search_api
DRX950063	DRR972428	public	search_api
DRX950064	DRR972429	public	search_api
DRX950065	DRR972430	public	search_api
DRX950066	DRR972431	public	search_api
DRX950067	DRR972432	public	search_api
DRX950068	DRR972433	public	search_api
DRX950069	DRR972434	public	search_api
DRX950070	DRR972435	public	search_api
DRX950071	DRR972436	public	search_api
DRX950072	DRR972437	public	search_api
DRX950073	DRR972438	public	search_api
DRX950074	DRR972439	public	search_api
DRX950075	DRR972440	public	search_api
DRX950077	DRR972442	public	search_api
DRX950078	DRR972443	public	search_api
DRX950079	DRR972444	public	search_api
DRX950080	DRR972445	public	search_api
DRX950081	DRR972446	public	search_api
DRX950082	DRR972447	public	search_api
DRX950083	DRR972448	public	search_api
DRX950084	DRR972449	public	search_api
DRX950085	DRR972450	public	search_api
DRX950086	DRR972451	public	search_api
DRX950087	DRR972452	public	search_api
DRX950088	DRR972453	public	search_api
DRX950089	DRR972454	public	search_api
DRX950090	DRR972455	public	search_api
DRX950091	DRR972456	public	search_api
DRX950092	DRR972457	public	search_api
DRX950093	DRR972458	public	search_api
DRX950094	DRR972459	public	search_api
DRX950095	DRR972460	public	search_api
DRX950096	DRR972461	public	search_api
DRX950097	DRR972462	public	search_api
DRX950099	DRR972464	public	search_api
DRX950100	DRR972465	public	search_api
DRX950101	DRR972466	public	search_api
DRX950102	DRR972467	public	search_api
DRX950103	DRR972468	public	search_api
DRX950106	DRR972471	public	search_api
DRX950107	DRR972472	public	search_api
DRX950108	DRR972473	public	search_api
DRX950109	DRR972474	public	search_api
DRX950110	DRR972475	public	search_api
DRX950111	DRR972476	public	search_api
DRX950114	DRR972479	public	search_api
DRX950115	DRR972480	public	search_api
DRX950116	DRR972481	public	search_api
DRX950117	DRR972482	public	search_api
DRX950118	DRR972483	public	search_api
DRX950119	DRR972484	public	search_api
DRX950120	DRR972485	public	search_api
DRX950121	DRR972486	public	search_api
DRX950122	DRR972487	public	search_api
DRX950123	DRR972488	public	search_api
DRX950124	DRR972489	public	search_api
DRX950125	DRR972490	public	search_api
DRX950127	DRR972492	public	search_api
DRX950129	DRR972494	public	search_api
DRX950130	DRR972495	public	search_api
DRX950131	DRR972496	public	search_api
DRX950132	DRR972497	public	search_api
DRX950133	DRR972498	public	search_api
DRX950134	DRR972499	public	search_api
DRX950135	DRR972500	public	search_api
DRX950136	DRR972501	public	search_api
DRX950138	DRR972503	public	search_api
DRX950139	DRR972504	public	search_api
DRX950141	DRR972506	public	search_api
DRX950142	DRR972507	public	search_api
DRX950143	DRR972508	public	search_api
DRX950145	DRR972510	public	search_api
DRX950146	DRR972511	public	search_api
DRX950147	DRR972512	public	search_api
DRX950148	DRR972513	public	search_api
DRX950149	DRR972514	public	search_api
DRX950150	DRR972515	public	search_api
DRX950151	DRR972516	public	search_api
DRX950152	DRR972517	public	search_api
DRX950153	DRR972518	public	search_api
DRX950155	DRR972520	public	search_api
DRX950156	DRR972521	public	search_api
DRX950157	DRR972522	public	search_api
DRX950159	DRR972524	public	search_api
DRX950160	DRR972525	public	search_api
DRX950161	DRR972526	public	search_api
DRX950162	DRR972527	public	search_api
DRX950163	DRR972528	public	search_api
DRX950164	DRR972529	public	search_api
DRX950165	DRR972530	public	search_api
DRX950166	DRR972531	public	search_api
DRX950167	DRR972532	public	search_api
DRX950169	DRR972534	public	search_api
DRX950170	DRR972535	public	search_api
DRX950171	DRR972536	public	search_api
DRX950172	DRR972537	public	search_api
DRX950173	DRR972538	public	search_api
DRX950174	DRR972539	public	search_api
DRX950175	DRR972540	public	search_api
DRX950176	DRR972541	public	search_api
DRX950177	DRR972542	public	search_api
DRX950178	DRR972543	public	search_api
DRX950179	DRR972544	public	search_api
DRX950180	DRR972545	public	search_api
DRX950181	DRR972546	public	search_api
DRX950182	DRR972547	public	search_api
DRX950183	DRR972548	public	search_api
DRX950184	DRR972549	public	search_api
DRX950185	DRR972550	public	search_api
DRX950186	DRR972551	public	search_api
DRX950187	DRR972552	public	search_api
DRX950188	DRR972553	public	search_api
DRX950189	DRR972554	public	search_api
DRX950190	DRR972555	public	search_api
DRX950191	DRR972556	public	search_api
DRX950192	DRR972557	public	search_api
DRX950193	DRR972558	public	search_api
DRX950194	DRR972559	public	search_api
DRX950195	DRR972560	public	search_api
DRX950196	DRR972561	public	search_api
DRX950197	DRR972562	public	search_api
DRX950198	DRR972563	public	search_api
DRX950199	DRR972564	public	search_api
DRX950200	DRR972565	public	search_api
DRX950201	DRR972566	public	search_api
DRX950202	DRR972567	public	search_api
DRX950203	DRR972568	public	search_api
DRX950204	DRR972569	public	search_api
DRX950205	DRR972570	public	search_api
DRX950206	DRR972571	public	search_api
DRX950207	DRR972572	public	search_api
DRX950208	DRR972573	public	search_api
DRX950209	DRR972574	public	search_api
DRX950210	DRR972575	public	search_api
DRX950211	DRR972576	public	search_api
DRX950212	DRR972577	public	search_api
DRX950213	DRR972578	public	search_api
DRX950217	DRR972582	public	search_api
DRX950219	DRR972584	public	search_api
DRX950220	DRR972585	public	search_api
DRX950222	DRR972587	public	search_api
DRX950223	DRR972588	public	search_api
DRX950224	DRR972589	public	search_api
DRX950225	DRR972590	public	search_api
DRX950226	DRR972591	public	search_api
DRX950227	DRR972592	public	search_api
DRX950229	DRR972594	public	search_api
DRX950230	DRR972595	public	search_api
DRX950231	DRR972596	public	search_api
DRX950232	DRR972597	public	search_api
DRX950233	DRR972598	public	search_api
DRX950237	DRR972602	public	search_api
DRX950238	DRR972603	public	search_api
DRX950239	DRR972604	public	search_api
DRX950240	DRR972605	public	search_api
DRX950241	DRR972606	public	search_api
DRX950242	DRR972607	public	search_api
DRX950243	DRR972608	public	search_api
DRX950244	DRR972609	public	search_api
DRX950245	DRR972610	public	search_api
DRX950246	DRR972611	public	search_api
DRX950247	DRR972612	public	search_api
DRX950248	DRR972613	public	search_api
DRX950249	DRR972614	public	search_api
DRX950254	DRR972619	public	search_api
DRX950255	DRR972620	public	search_api
DRX950256	DRR972621	public	search_api
DRX950258	DRR972623	public	search_api
DRX950259	DRR972624	public	search_api
DRX950261	DRR972626	public	search_api
DRX950262	DRR972627	public	search_api
DRX950264	DRR972629	public	search_api
DRX950265	DRR972630	public	search_api
DRX950266	DRR972631	public	search_api
DRX950268	DRR972633	public	search_api
DRX950270	DRR972635	public	search_api
DRX950271	DRR972636	public	search_api
DRX950272	DRR972637	public	search_api
DRX950273	DRR972638	public	search_api
DRX950274	DRR972639	public	search_api
DRX950275	DRR972640	public	search_api
DRX950277	DRR972642	public	search_api
DRX950278	DRR972643	public	search_api
DRX950279	DRR972644	public	search_api
DRX950280	DRR972645	public	search_api
DRX950283	DRR972648	public	search_api
DRX950284	DRR972649	public	search_api
DRX950287	DRR972652	public	search_api
DRX950288	DRR972653	public	search_api
DRX950289	DRR972654	public	search_api
DRX950290	DRR972655	public	search_api
DRX950291	DRR972656	public	search_api
DRX950292	DRR972657	public	search_api
DRX950293	DRR972658	public	search_api
DRX950294	DRR972659	public	search_api
DRX950295	DRR972660	public	search_api
DRX950297	DRR972662	public	search_api
DRX950298	DRR972663	public	search_api
DRX950299	DRR972664	public	search_api
DRX950300	DRR972665	public	search_api
DRX950301	DRR972666	public	search_api
DRX950302	DRR972667	public	search_api
DRX950304	DRR972669	public	search_api
DRX950305	DRR972670	public	search_api
DRX950306	DRR972671	public	search_api
DRX950307	DRR972672	public	search_api
DRX950308	DRR972673	public	search_api
DRX950309	DRR972674	public	search_api
DRX950310	DRR972675	public	search_api
DRX950311	DRR972676	public	search_api
DRX950313	DRR972678	public	search_api
DRX950314	DRR972679	public	search_api
DRX950315	DRR972680	public	search_api
DRX950319	DRR972684	public	search_api
DRX950320	DRR972685	public	search_api
DRX950321	DRR972686	public	search_api
DRX950322	DRR972687	public	search_api
DRX950323	DRR972688	public	search_api
DRX950324	DRR972689	public	search_api
DRX950326	DRR972691	public	search_api
DRX950327	DRR972692	public	search_api
DRX950328	DRR972693	public	search_api
DRX950329	DRR972694	public	search_api
DRX950330	DRR972695	public	search_api
DRX950331	DRR972696	public	search_api
DRX950332	DRR972697	public	search_api
DRX950333	DRR972698	public	search_api
DRX950334	DRR972699	public	search_api
DRX950335	DRR972700	public	search_api
DRX950336	DRR972701	public	search_api
DRX950337	DRR972702	public	search_api
DRX950338	DRR972703	public	search_api
DRX950340	DRR972705	public	search_api
DRX950341	DRR972706	public	search_api
DRX950342	DRR972707	public	search_api
DRX950343	DRR972708	public	search_api
DRX950344	DRR972709	public	search_api
DRX950345	DRR972710	public	search_api
DRX950346	DRR972711	public	search_api
DRX950348	DRR972713	public	search_api
DRX950349	DRR972714	public	search_api
DRX950350	DRR972715	public	search_api
DRX950352	DRR972717	public	search_api
DRX950353	DRR972718	public	search_api
DRX950354	DRR972719	public	search_api
DRX950355	DRR972720	public	search_api
DRX950359	DRR972724	public	search_api
DRX950360	DRR972725	public	search_api
DRX950362	DRR972727	public	search_api
DRX950364	DRR972729	public	search_api
DRX950366	DRR972731	public	search_api
DRX950367	DRR972732	public	search_api
DRX950368	DRR972733	public	search_api
DRX950370	DRR972735	public	search_api
DRX950371	DRR972736	public	search_api
DRX950372	DRR972737	public	search_api
DRX950374	DRR972739	public	search_api
DRX950375	DRR972740	public	search_api
DRX950376	DRR972741	public	search_api
DRX950377	DRR972742	public	search_api
DRX950378	DRR972743	public	search_api
DRX950380	DRR972745	public	search_api
DRX950383	DRR972748	public	search_api
DRX950384	DRR972749	public	search_api
DRX950386	DRR972751	public	search_api
DRX950387	DRR972752	public	search_api
DRX950388	DRR972753	public	search_api
DRX950389	DRR972754	public	search_api
DRX950390	DRR972755	public	search_api
DRX950391	DRR972756	public	search_api
DRX950392	DRR972757	public	search_api
DRX950394	DRR972759	public	search_api
DRX950395	DRR972760	public	search_api
DRX950397	DRR972762	public	search_api
DRX950398	DRR972763	public	search_api
DRX950399	DRR972764	public	search_api
DRX950400	DRR972765	public	search_api
DRX950401	DRR972766	public	search_api
DRX950402	DRR972767	public	search_api
DRX950403	DRR972768	public	search_api
DRX950404	DRR972769	public	search_api
DRX950405	DRR972770	public	search_api
DRX950406	DRR972771	public	search_api
DRX950407	DRR972772	public	search_api
DRX950408	DRR972773	public	search_api
DRX950410	DRR972775	public	search_api
DRX950411	DRR972776	public	search_api
DRX950412	DRR972777	public	search_api
DRX950413	DRR972778	public	search_api
DRX950414	DRR972779	public	search_api
DRX950415	DRR972780	public	search_api
DRX950416	DRR972781	public	search_api
DRX950417	DRR972782	public	search_api
DRX950418	DRR972783	public	search_api
DRX950419	DRR972784	public	search_api
DRX950420	DRR972785	public	search_api
DRX950421	DRR972786	public	search_api
DRX950422	DRR972787	public	search_api
DRX950423	DRR972788	public	search_api
DRX950424	DRR972789	public	search_api
DRX950425	DRR972790	public	search_api
DRX950427	DRR972792	public	search_api
DRX950428	DRR972793	public	search_api
DRX950429	DRR972794	public	search_api
DRX950430	DRR972795	public	search_api
DRX950431	DRR972796	public	search_api
DRX950432	DRR972797	public	search_api
DRX950433	DRR972798	public	search_api
DRX950434	DRR972799	public	search_api
DRX950435	DRR972800	public	search_api
DRX950436	DRR972801	public	search_api
DRX950437	DRR972802	public	search_api
DRX950438	DRR972803	public	search_api
DRX950439	DRR972804	public	search_api
DRX950440	DRR972805	public	search_api
DRX950441	DRR972806	public	search_api
DRX950442	DRR972807	public	search_api
DRX950443	DRR972808	public	search_api
DRX950444	DRR972809	public	search_api
DRX950446	DRR972811	public	search_api
DRX950447	DRR972812	public	search_api
DRX950448	DRR972813	public	search_api
DRX950449	DRR972814	public	search_api
DRX950450	DRR972815	public	search_api
DRX950451	DRR972816	public	search_api
DRX950452	DRR972817	public	search_api
DRX950453	DRR972818	public	search_api
DRX950454	DRR972819	public	search_api
DRX950455	DRR972820	public	search_api
DRX950456	DRR972821	public	search_api
DRX950457	DRR972822	public	search_api
DRX950458	DRR972823	public	search_api
DRX950459	DRR972824	public	search_api
DRX950460	DRR972825	public	search_api
DRX950461	DRR972826	public	search_api
DRX950462	DRR972827	public	search_api
DRX950463	DRR972828	public	search_api
DRX950464	DRR972829	public	search_api
DRX950465	DRR972830	public	search_api
DRX950466	DRR972831	public	search_api
DRX950467	DRR972832	public	search_api
DRX950468	DRR972833	public	search_api
DRX950469	DRR972834	public	search_api
DRX950470	DRR972835	public	search_api
DRX950472	DRR972837	public	search_api
DRX950474	DRR972839	public	search_api
DRX950475	DRR972840	public	search_api
DRX950476	DRR972841	public	search_api
DRX950477	DRR972842	public	search_api
DRX950478	DRR972843	public	search_api
DRX950479	DRR972844	public	search_api
DRX950480	DRR972845	public	search_api
DRX950481	DRR972846	public	search_api
DRX950482	DRR972847	public	search_api
DRX950483	DRR972848	public	search_api
DRX950484	DRR972849	public	search_api
DRX950485	DRR972850	public	search_api
DRX950486	DRR972851	public	search_api
DRX950487	DRR972852	public	search_api
DRX950488	DRR972853	public	search_api
DRX950489	DRR972854	public	search_api
DRX950490	DRR972855	public	search_api
DRX950491	DRR972856	public	search_api
DRX950492	DRR972857	public	search_api
DRX950493	DRR972858	public	search_api
DRX950494	DRR972859	public	search_api
DRX950495	DRR972860	public	search_api
DRX950496	DRR972861	public	search_api
DRX950497	DRR972862	public	search_api
DRX950498	DRR972863	public	search_api
DRX950499	DRR972864	public	search_api
DRX950500	DRR972865	public	search_api
DRX950501	DRR972866	public	search_api
DRX950502	DRR972867	public	search_api
DRX950503	DRR972868	public	search_api
DRX950504	DRR972869	public	search_api
DRX950505	DRR972870	public	search_api
DRX950506	DRR972871	public	search_api
DRX950507	DRR972872	public	search_api
DRX950508	DRR972873	public	search_api
DRX950509	DRR972874	public	search_api
DRX950510	DRR972875	public	search_api
DRX950511	DRR972876	public	search_api
DRX950512	DRR972877	public	search_api
DRX950955	DRR973334	public	search_api
DRX950956	DRR973335	public	search_api
DRX950957	DRR973336	public	search_api
DRX950958	DRR973337	public	search_api
DRX950959	DRR973338	public	search_api
DRX950960	DRR973339	public	search_api
DRX950961	DRR973340	public	search_api
DRX950962	DRR973341	public	search_api
DRX950963	DRR973342	public	search_api
DRX950964	DRR973343	public	search_api
DRX950965	DRR973344	public	search_api
DRX950966	DRR973345	public	search_api
DRX950967	DRR973346	public	search_api
DRX950968	DRR973347	public	search_api
DRX950969	DRR973348	public	search_api
DRX950970	DRR973349	public	search_api
DRX950971	DRR973350	public	search_api
DRX950973	DRR973352	public	search_api
DRX950974	DRR973353	public	search_api
DRX950975	DRR973354	public	search_api
DRX950976	DRR973355	public	search_api
DRX950977	DRR973356	public	search_api
DRX950978	DRR973357	public	search_api
DRX950988	DRR973373	public	search_api
DRX950989	DRR973374	public	search_api
DRX950990	DRR973375	public	search_api
DRX950991	DRR973376	public	search_api
DRX950992	DRR973377	public	search_api
DRX950993	DRR973378	public	search_api
DRX950994	DRR973379	public	search_api
DRX950995	DRR973380	public	search_api
DRX950996	DRR973381	public	search_api
DRX950997	DRR973382	public	search_api
DRX950998	DRR973383	public	search_api
DRX950999	DRR973384	public	search_api
DRX951000	DRR973385	public	search_api
DRX951001	DRR973386	public	search_api
DRX951002	DRR973387	public	search_api
DRX951003	DRR973388	public	search_api
DRX951004	DRR973389	public	search_api
DRX951005	DRR973390	public	search_api
DRX951006	DRR973391	public	search_api
DRX951007	DRR973392	public	search_api
DRX951008	DRR973393	public	search_api
DRX951009	DRR973394	public	search_api
DRX951010	DRR973395	public	search_api
DRX951011	DRR973396	public	search_api
DRX951014	DRR973405	public	search_api
DRX951015	DRR973406	public	search_api
DRX951016	DRR973407	public	search_api
DRX951017	DRR973408	public	search_api
DRX951018	DRR973409	public	search_api
DRX951019	DRR973410	public	search_api
DRX951020	DRR973411	public	search_api
DRX951021	DRR973412	public	search_api
DRX951022	DRR973413	public	search_api
DRX951023	DRR973414	public	search_api
DRX951024	DRR973415	public	search_api
DRX951025	DRR973416	public	search_api
DRX951026	DRR973417	public	search_api
DRX951027	DRR973418	public	search_api
DRX951028	DRR973419	public	search_api
DRX951029	DRR973420	public	search_api
DRX951030	DRR973421	public	search_api
DRX951031	DRR973422	public	search_api
DRX951032	DRR973423	public	search_api
DRX951033	DRR973424	public	search_api
DRX951034	DRR973425	public	search_api
DRX951035	DRR973426	public	search_api
DRX951036	DRR973427	public	search_api
DRX951037	DRR973428	public	search_api
DRX951038	DRR973429	public	search_api
DRX951040	DRR973431	public	search_api
DRX951041	DRR973432	public	search_api
DRX951042	DRR973433	public	search_api
DRX951043	DRR973434	public	search_api
DRX951045	DRR973436	public	search_api
DRX951046	DRR973437	public	search_api
DRX951047	DRR973438	public	search_api
DRX951048	DRR973439	public	search_api
DRX951049	DRR973440	public	search_api
DRX951050	DRR973441	public	search_api
DRX951051	DRR973442	public	search_api
DRX951052	DRR973443	public	search_api
DRX951053	DRR973444	public	search_api
DRX951054	DRR973445	public	search_api
DRX951055	DRR973446	public	search_api
DRX951056	DRR973447	public	search_api
DRX951058	DRR973449	public	search_api
DRX951059	DRR973450	public	search_api
DRX951060	DRR973451	public	search_api
DRX951061	DRR973452	public	search_api
DRX951062	DRR973453	public	search_api
DRX951063	DRR973454	public	search_api
DRX951064	DRR973455	public	search_api
DRX951065	DRR973456	public	search_api
DRX951066	DRR973457	public	search_api
DRX951067	DRR973458	public	search_api
DRX951068	DRR973459	public	search_api
DRX951069	DRR973460	public	search_api
DRX951070	DRR973461	public	search_api
DRX951071	DRR973462	public	search_api
DRX951072	DRR973463	public	search_api
DRX951073	DRR973464	public	search_api
DRX951074	DRR973465	public	search_api
DRX951075	DRR973466	public	search_api
DRX951076	DRR973467	public	search_api
DRX951396	DRR973787	public	search_api
DRX951397	DRR973788	public	search_api
DRX951398	DRR973789	public	search_api
DRX951399	DRR973790	public	search_api
DRX951400	DRR973791	public	search_api
DRX951401	DRR973792	public	search_api
DRX951403	DRR973794	public	search_api
DRX951404	DRR973795	public	search_api
DRX951405	DRR973796	public	search_api
DRX951406	DRR973797	public	search_api
DRX951408	DRR973799	public	search_api
DRX951409	DRR973800	public	search_api
DRX951410	DRR973801	public	search_api
DRX951411	DRR973802	public	search_api
DRX951413	DRR973804	public	search_api
DRX951414	DRR973805	public	search_api
DRX951415	DRR973806	public	search_api
DRX951416	DRR973807	public	search_api
DRX951417	DRR973808	public	search_api
DRX951418	DRR973809	public	search_api
DRX951419	DRR973810	public	search_api
DRX951420	DRR973811	public	search_api
DRX951421	DRR973812	public	search_api
DRX951422	DRR973813	public	search_api
DRX951423	DRR973814	public	search_api
DRX951424	DRR973815	public	search_api
DRX951425	DRR973816	public	search_api
DRX951426	DRR973817	public	search_api
DRX951427	DRR973818	public	search_api
DRX951428	DRR973819	public	search_api
DRX951429	DRR973820	public	search_api
DRX951430	DRR973821	public	search_api
DRX951431	DRR973822	public	search_api
DRX951432	DRR973823	public	search_api
DRX951433	DRR973824	public	search_api
DRX951434	DRR973825	public	search_api
DRX951435	DRR973826	public	search_api
DRX951436	DRR973827	public	search_api
DRX951437	DRR973828	public	search_api
DRX951438	DRR973829	public	search_api
DRX951439	DRR973830	public	search_api
DRX951440	DRR973831	public	search_api
DRX951441	DRR973832	public	search_api
DRX951441	DRR973833	public	search_api
DRX951441	DRR973834	public	search_api
DRX951441	DRR973835	public	search_api
DRX951441	DRR973836	public	search_api
DRX951441	DRR973837	public	search_api
DRX951441	DRR973838	public	search_api
DRX951441	DRR973839	public	search_api
DRX951442	DRR973840	public	search_api
DRX951442	DRR973841	public	search_api
DRX951442	DRR973842	public	search_api
DRX951442	DRR973843	public	search_api
DRX951442	DRR973844	public	search_api
DRX951442	DRR973845	public	search_api
DRX951442	DRR973846	public	search_api
DRX951442	DRR973847	public	search_api
DRX951444	DRR973852	public	search_api
DRX951444	DRR973853	public	search_api
DRX951444	DRR973854	public	search_api
DRX951444	DRR973855	public	search_api
DRX951444	DRR973856	public	search_api
DRX951444	DRR973857	public	search_api
DRX951444	DRR973858	public	search_api
DRX951444	DRR973859	public	search_api
DRX951467	DRR973882	public	search_api
DRX951505	DRR973920	public	search_api
DRX951506	DRR973921	public	search_api
DRX951507	DRR973922	public	search_api
DRX951508	DRR973923	public	search_api
DRX951509	DRR973924	public	search_api
DRX951510	DRR973925	public	search_api
DRX951511	DRR973926	public	search_api
DRX951512	DRR973927	public	search_api
DRX951513	DRR973928	public	search_api
DRX951514	DRR973929	public	search_api
DRX951515	DRR973930	public	search_api
DRX951516	DRR973931	public	search_api
DRX951903	DRR974319	public	search_api
DRX951904	DRR974320	public	search_api
DRX951905	DRR974321	public	search_api
DRX951906	DRR974322	public	search_api
DRX951907	DRR974323	public	search_api
DRX951908	DRR974324	public	search_api
DRX951917	DRR974333	public	search_api
DRX951918	DRR974334	public	search_api
DRX951919	DRR974335	public	search_api
DRX951920	DRR974336	public	search_api
DRX951921	DRR974337	public	search_api
DRX951922	DRR974338	public	search_api
DRX951924	DRR974340	public	search_api
DRX951926	DRR974342	public	search_api
DRX951927	DRR974343	public	search_api
DRX951928	DRR974344	public	search_api
DRX951929	DRR974345	public	search_api
DRX951930	DRR974346	public	search_api
DRX951934	DRR974350	public	search_api
DRX951935	DRR974351	public	search_api
DRX951937	DRR974353	public	search_api
DRX951938	DRR974354	public	search_api
DRX951939	DRR974355	public	search_api
DRX951940	DRR974356	public	search_api
DRX951942	DRR974358	public	search_api
DRX951944	DRR974360	public	search_api
DRX951945	DRR974361	public	search_api
DRX951946	DRR974362	public	search_api
DRX951947	DRR974363	public	search_api
DRX951950	DRR974366	public	search_api
DRX951951	DRR974367	public	search_api
DRX951953	DRR974369	public	search_api
DRX951954	DRR974370	public	search_api
DRX951955	DRR974371	public	search_api
DRX951958	DRR974374	public	search_api
DRX951959	DRR974375	public	search_api
DRX951961	DRR974377	public	search_api
DRX951963	DRR974379	public	search_api
DRX951964	DRR974380	public	search_api
DRX951965	DRR974381	public	search_api
DRX951966	DRR974382	public	search_api
DRX951970	DRR974386	public	search_api
DRX951972	DRR974388	public	search_api
DRX951973	DRR974389	public	search_api
DRX951975	DRR974391	public	search_api
DRX951977	DRR974393	public	search_api
DRX951979	DRR974395	public	search_api
DRX951980	DRR974396	public	search_api
DRX951981	DRR974397	public	search_api
DRX951982	DRR974398	public	search_api
DRX951984	DRR974400	public	search_api
DRX951985	DRR974401	public	search_api
DRX951988	DRR974404	public	search_api
DRX951990	DRR974406	public	search_api
DRX951992	DRR974408	public	search_api
DRX951993	DRR974409	public	search_api
DRX951994	DRR974410	public	search_api
DRX951995	DRR974411	public	search_api
DRX951996	DRR974412	public	search_api
DRX951997	DRR974413	public	search_api
DRX951998	DRR974414	public	search_api
DRX952000	DRR974416	public	search_api
DRX952001	DRR974417	public	search_api
DRX952002	DRR974418	public	search_api
DRX952003	DRR974419	public	search_api
DRX952005	DRR974421	public	search_api
DRX952006	DRR974422	public	search_api
DRX952007	DRR974423	public	search_api
DRX952008	DRR974424	public	search_api
DRX952009	DRR974425	public	search_api
DRX952010	DRR974426	public	search_api
DRX952011	DRR974427	public	search_api
DRX952013	DRR974429	public	search_api
DRX952014	DRR974430	public	search_api
DRX952015	DRR974431	public	search_api
DRX952018	DRR974434	public	search_api
DRX952019	DRR974435	public	search_api
DRX952021	DRR974437	public	search_api
DRX952022	DRR974438	public	search_api
DRX952023	DRR974439	public	search_api
DRX952024	DRR974440	public	search_api
DRX952025	DRR974441	public	search_api
DRX952026	DRR974442	public	search_api
DRX952027	DRR974443	public	search_api
DRX952028	DRR974444	public	search_api
DRX952029	DRR974445	public	search_api
DRX952030	DRR974446	public	search_api
DRX952031	DRR974447	public	search_api
DRX952033	DRR974449	public	search_api
DRX952035	DRR974451	public	search_api
DRX952036	DRR974452	public	search_api
DRX952039	DRR974455	public	search_api
DRX952041	DRR974457	public	search_api
DRX952042	DRR974458	public	search_api
DRX952044	DRR974460	public	search_api
DRX952045	DRR974461	public	search_api
DRX952047	DRR974463	public	search_api
DRX952048	DRR974464	public	search_api
DRX952049	DRR974465	public	search_api
DRX952050	DRR974466	public	search_api
DRX952051	DRR974467	public	search_api
DRX952052	DRR974468	public	search_api
DRX952053	DRR974469	public	search_api
DRX952055	DRR974471	public	search_api
DRX952056	DRR974472	public	search_api
DRX952057	DRR974473	public	search_api
DRX952058	DRR974474	public	search_api
DRX952061	DRR974477	public	search_api
DRX952062	DRR974478	public	search_api
DRX952063	DRR974479	public	search_api
DRX952064	DRR974480	public	search_api
DRX952065	DRR974481	public	search_api
DRX952066	DRR974482	public	search_api
DRX952067	DRR974483	public	search_api
DRX952068	DRR974484	public	search_api
DRX952069	DRR974485	public	search_api
DRX952070	DRR974486	public	search_api
DRX952072	DRR974488	public	search_api
DRX952076	DRR974492	public	search_api
DRX952077	DRR974493	public	search_api
DRX952078	DRR974494	public	search_api
DRX952081	DRR974497	public	search_api
DRX952082	DRR974498	public	search_api
DRX952083	DRR974499	public	search_api
DRX952084	DRR974500	public	search_api
DRX952085	DRR974501	public	search_api
DRX952086	DRR974502	public	search_api
DRX952087	DRR974503	public	search_api
DRX952088	DRR974504	public	search_api
DRX952089	DRR974505	public	search_api
DRX952090	DRR974506	public	search_api
DRX952091	DRR974507	public	search_api
DRX952092	DRR974508	public	search_api
DRX952093	DRR974509	public	search_api
DRX952094	DRR974510	public	search_api
DRX952095	DRR974511	public	search_api
DRX952096	DRR974512	public	search_api
DRX952097	DRR974513	public	search_api
DRX952098	DRR974514	public	search_api
DRX952100	DRR974516	public	search_api
DRX952102	DRR974518	public	search_api
DRX952103	DRR974519	public	search_api
DRX952104	DRR974520	public	search_api
DRX952106	DRR974522	public	search_api
DRX952107	DRR974523	public	search_api
DRX952108	DRR974524	public	search_api
DRX952109	DRR974525	public	search_api
DRX952208	DRR974624	public	search_api
DRX952210	DRR974626	public	search_api
DRX952211	DRR974627	public	search_api
DRX952212	DRR974628	public	search_api
DRX952213	DRR974629	public	search_api
DRX952256	DRR974683	public	search_api
DRX952257	DRR974684	public	search_api
DRX952258	DRR974685	public	search_api
DRX952259	DRR974686	public	search_api
DRX952260	DRR974687	public	search_api
DRX952261	DRR974688	public	search_api
DRX952262	DRR974689	public	search_api
DRX952264	DRR974691	public	search_api
DRX952265	DRR974692	public	search_api
DRX952266	DRR974693	public	search_api
DRX952267	DRR974694	public	search_api
DRX952268	DRR974695	public	search_api
DRX952269	DRR974696	public	search_api
DRX952270	DRR974697	public	search_api
DRX952271	DRR974698	public	search_api
DRX952272	DRR974699	public	search_api
DRX952273	DRR974700	public	search_api
DRX952274	DRR974701	public	search_api
DRX952275	DRR974702	public	search_api
DRX952276	DRR974703	public	search_api
DRX952277	DRR974704	public	search_api
DRX952278	DRR974705	public	search_api
DRX952279	DRR974706	public	search_api
DRX952280	DRR974707	public	search_api
DRX952281	DRR974708	public	search_api
DRX952282	DRR974709	public	search_api
DRX952283	DRR974710	public	search_api
DRX952284	DRR974711	public	search_api
DRX952285	DRR974712	public	search_api
DRX952286	DRR974713	public	search_api
DRX952287	DRR974714	public	search_api
DRX952288	DRR974715	public	search_api
DRX952289	DRR974716	public	search_api
DRX952290	DRR974717	public	search_api
DRX952291	DRR974718	public	search_api
DRX952292	DRR974719	public	search_api
DRX952293	DRR974720	public	search_api
DRX952294	DRR974721	public	search_api
DRX952295	DRR974722	public	search_api
DRX952296	DRR974723	public	search_api
DRX952297	DRR974724	public	search_api
DRX952298	DRR974725	public	search_api
DRX952299	DRR974726	public	search_api
DRX952300	DRR974727	public	search_api
DRX952301	DRR974728	public	search_api
DRX952302	DRR974729	public	search_api
DRX952303	DRR974730	public	search_api
DRX952304	DRR974731	public	search_api
DRX952305	DRR974732	public	search_api
DRX952306	DRR974733	public	search_api
DRX952307	DRR974734	public	search_api
DRX952308	DRR974735	public	search_api
DRX952309	DRR974736	public	search_api
DRX952310	DRR974737	public	search_api
DRX952311	DRR974738	public	search_api
DRX952312	DRR974739	public	search_api
DRX952313	DRR974740	public	search_api
DRX952314	DRR974741	public	search_api
DRX952315	DRR974742	public	search_api
DRX952316	DRR974743	public	search_api
DRX952317	DRR974744	public	search_api
DRX952318	DRR974745	public	search_api
DRX952319	DRR974746	public	search_api
DRX952320	DRR974747	public	search_api
DRX952321	DRR974748	public	search_api
DRX952322	DRR974749	public	search_api
DRX952323	DRR974750	public	search_api
DRX952324	DRR974751	public	search_api
DRX952325	DRR974752	public	search_api
DRX952326	DRR974753	public	search_api
DRX952327	DRR974754	public	search_api
DRX952328	DRR974755	public	search_api
DRX952329	DRR974756	public	search_api
DRX952330	DRR974757	public	search_api
DRX952331	DRR974758	public	search_api
DRX952332	DRR974759	public	search_api
DRX952333	DRR974760	public	search_api
DRX952334	DRR974761	public	search_api
DRX952335	DRR974762	public	search_api
DRX952336	DRR974763	public	search_api
DRX952337	DRR974764	public	search_api
DRX952338	DRR974765	public	search_api
DRX952339	DRR974766	public	search_api
DRX952340	DRR974767	public	search_api
DRX952341	DRR974768	public	search_api
DRX952342	DRR974769	public	search_api
DRX952343	DRR974770	public	search_api
DRX952344	DRR974771	public	search_api
DRX952345	DRR974772	public	search_api
DRX952346	DRR974773	public	search_api
DRX952347	DRR974774	public	search_api
DRX952348	DRR974775	public	search_api
DRX952349	DRR974776	public	search_api
DRX952350	DRR974777	public	search_api
DRX952351	DRR974778	public	search_api
DRX952352	DRR974779	public	search_api
DRX952353	DRR974780	public	search_api
DRX952354	DRR974781	public	search_api
DRX952355	DRR974782	public	search_api
DRX952356	DRR974783	public	search_api
DRX952357	DRR974784	public	search_api
DRX952358	DRR974785	public	search_api
DRX952359	DRR974786	public	search_api
DRX952360	DRR974787	public	search_api
DRX952361	DRR974788	public	search_api
DRX952362	DRR974789	public	search_api
DRX952363	DRR974790	public	search_api
DRX952364	DRR974791	public	search_api
DRX952365	DRR974792	public	search_api
DRX952366	DRR974793	public	search_api
DRX952367	DRR974794	public	search_api
DRX952368	DRR974795	public	search_api
DRX952369	DRR974796	public	search_api
DRX952370	DRR974797	public	search_api
DRX952371	DRR974798	public	search_api
DRX952372	DRR974799	public	search_api
DRX952373	DRR974800	public	search_api
DRX952374	DRR974801	public	search_api
DRX952375	DRR974802	public	search_api
DRX952376	DRR974803	public	search_api
DRX952377	DRR974804	public	search_api
DRX952378	DRR974805	public	search_api
DRX952379	DRR974806	public	search_api
DRX952380	DRR974807	public	search_api
DRX952381	DRR974808	public	search_api
DRX952382	DRR974809	public	search_api
DRX952383	DRR974810	public	search_api
DRX952384	DRR974811	public	search_api
DRX952385	DRR974812	public	search_api
DRX952386	DRR974813	public	search_api
DRX952387	DRR974814	public	search_api
DRX952388	DRR974815	public	search_api
DRX952389	DRR974816	public	search_api
DRX952390	DRR974817	public	search_api
DRX952391	DRR974818	public	search_api
DRX952392	DRR974819	public	search_api
DRX952393	DRR974820	public	search_api
DRX952394	DRR974821	public	search_api
DRX952395	DRR974822	public	search_api
DRX952396	DRR974823	public	search_api
DRX952397	DRR974824	public	search_api
DRX952398	DRR974825	public	search_api
DRX952399	DRR974826	public	search_api
DRX952400	DRR974827	public	search_api
DRX952401	DRR974828	public	search_api
DRX952402	DRR974829	public	search_api
DRX952403	DRR974830	public	search_api
DRX952404	DRR974831	public	search_api
DRX952405	DRR974832	public	search_api
DRX952406	DRR974833	public	search_api
DRX952407	DRR974834	public	search_api
DRX952408	DRR974835	public	search_api
DRX952409	DRR974836	public	search_api
DRX952410	DRR974837	public	search_api
DRX952411	DRR974838	public	search_api
DRX952412	DRR974839	public	search_api
DRX952413	DRR974840	public	search_api
DRX952414	DRR974841	public	search_api
DRX952415	DRR974842	public	search_api
DRX952416	DRR974843	public	search_api
DRX952417	DRR974844	public	search_api
DRX952418	DRR974845	public	search_api
DRX952419	DRR974846	public	search_api
DRX952420	DRR974847	public	search_api
DRX952421	DRR974848	public	search_api
DRX952422	DRR974849	public	search_api
DRX952423	DRR974850	public	search_api
DRX952424	DRR974851	public	search_api
DRX952425	DRR974852	public	search_api
DRX952426	DRR974853	public	search_api
DRX952427	DRR974854	public	search_api
DRX952428	DRR974855	public	search_api
DRX952429	DRR974856	public	search_api
DRX952430	DRR974857	public	search_api
DRX952431	DRR974858	public	search_api
DRX952432	DRR974859	public	search_api
DRX952433	DRR974860	public	search_api
DRX952434	DRR974861	public	search_api
DRX952435	DRR974862	public	search_api
DRX952436	DRR974863	public	search_api
DRX952437	DRR974864	public	search_api
DRX952438	DRR974865	public	search_api
DRX952439	DRR974866	public	search_api
DRX952440	DRR974867	public	search_api
DRX952441	DRR974868	public	search_api
DRX952442	DRR974869	public	search_api
DRX952443	DRR974870	public	search_api
DRX952444	DRR974871	public	search_api
DRX952445	DRR974872	public	search_api
DRX952446	DRR974873	public	search_api
DRX952459	DRR974886	public	search_api
DRX952461	DRR974888	public	search_api
DRX952462	DRR974889	public	search_api
DRX952463	DRR974890	public	search_api
DRX952464	DRR974891	public	search_api
DRX952465	DRR974892	public	search_api
DRX952466	DRR974893	public	search_api
DRX952467	DRR974894	public	search_api
DRX952468	DRR974895	public	search_api
DRX952469	DRR974896	public	search_api
DRX952470	DRR974897	public	search_api
DRX952471	DRR974898	public	search_api
DRX952472	DRR974899	public	search_api
DRX952473	DRR974900	public	search_api
DRX952474	DRR974901	public	search_api
DRX952475	DRR974902	public	search_api
DRX952476	DRR974903	public	search_api
DRX952477	DRR974904	public	search_api
DRX952478	DRR974905	public	search_api
DRX952479	DRR974906	public	search_api
DRX952480	DRR974907	public	search_api
DRX952481	DRR974908	public	search_api
DRX952482	DRR974909	public	search_api
DRX952483	DRR974910	public	search_api
DRX952484	DRR974911	public	search_api
DRX952485	DRR974912	public	search_api
DRX952486	DRR974913	public	search_api
DRX952487	DRR974914	public	search_api
DRX952488	DRR974915	public	search_api
DRX952489	DRR974916	public	search_api
DRX952490	DRR974917	public	search_api
DRX952491	DRR974918	public	search_api
DRX952492	DRR974919	public	search_api
DRX952493	DRR974920	public	search_api
DRX952494	DRR974921	public	search_api
DRX952495	DRR974922	public	search_api
DRX952496	DRR974923	public	search_api
DRX952497	DRR974924	public	search_api
DRX952498	DRR974925	public	search_api
DRX952499	DRR974926	public	search_api
DRX952500	DRR974927	public	search_api
DRX952501	DRR974928	public	search_api
DRX952502	DRR974929	public	search_api
DRX952503	DRR974930	public	search_api
DRX952504	DRR974931	public	search_api
DRX952505	DRR974932	public	search_api
DRX952506	DRR974933	public	search_api
DRX952507	DRR974934	public	search_api
DRX952508	DRR974935	public	search_api
DRX952509	DRR974936	public	search_api
DRX952510	DRR974937	public	search_api
DRX952511	DRR974938	public	search_api
DRX952532	DRR974959	public	search_api
DRX952533	DRR974960	public	search_api
DRX952535	DRR974962	public	search_api
DRX952536	DRR974963	public	search_api
DRX952537	DRR974964	public	search_api
DRX952538	DRR974965	public	search_api
DRX952539	DRR974966	public	search_api
DRX952540	DRR974967	public	search_api
DRX952541	DRR974968	public	search_api
DRX952542	DRR974969	public	search_api
DRX952543	DRR974970	public	search_api
DRX952544	DRR974971	public	search_api
DRX952545	DRR974972	public	search_api
DRX952546	DRR974973	public	search_api
DRX952547	DRR974974	public	search_api
DRX952548	DRR974975	public	search_api
DRX952549	DRR974976	public	search_api
DRX952550	DRR974977	public	search_api
DRX952551	DRR974978	public	search_api
DRX952552	DRR974979	public	search_api
DRX952553	DRR974980	public	search_api
DRX952554	DRR974981	public	search_api
DRX952555	DRR974982	public	search_api
DRX952556	DRR974983	public	search_api
DRX952557	DRR974984	public	search_api
DRX952558	DRR974985	public	search_api
DRX952559	DRR974986	public	search_api
DRX952560	DRR974987	public	search_api
DRX952561	DRR974988	public	search_api
DRX952562	DRR974989	public	search_api
DRX952563	DRR974990	public	search_api
DRX952564	DRR974991	public	search_api
DRX952565	DRR974992	public	search_api
DRX952566	DRR974993	public	search_api
DRX952567	DRR974994	public	search_api
DRX952568	DRR974995	public	search_api
DRX952569	DRR974996	public	search_api
DRX952570	DRR974997	public	search_api
DRX952571	DRR974998	public	search_api
DRX952572	DRR974999	public	search_api
DRX952573	DRR975000	public	search_api
DRX952574	DRR975001	public	search_api
DRX952575	DRR975002	public	search_api
DRX952576	DRR975003	public	search_api
DRX952577	DRR975004	public	search_api
DRX952578	DRR975005	public	search_api
DRX952579	DRR975006	public	search_api
DRX952580	DRR975007	public	search_api
DRX952581	DRR975008	public	search_api
DRX952582	DRR975009	public	search_api
DRX952583	DRR975010	public	search_api
DRX952584	DRR975011	public	search_api
DRX952585	DRR975012	public	search_api
DRX952586	DRR975013	public	search_api
DRX952587	DRR975014	public	search_api
DRX952588	DRR975015	public	search_api
DRX952589	DRR975016	public	search_api
DRX952590	DRR975017	public	search_api
DRX952591	DRR975018	public	search_api
DRX952592	DRR975019	public	search_api
DRX952593	DRR975020	public	search_api
DRX952594	DRR975021	public	search_api
DRX952595	DRR975022	public	search_api
DRX952596	DRR975023	public	search_api
DRX952597	DRR975024	public	search_api
DRX952598	DRR975025	public	search_api
DRX952599	DRR975026	public	search_api
DRX952600	DRR975027	public	search_api
DRX952601	DRR975028	public	search_api
DRX952602	DRR975029	public	search_api
DRX952603	DRR975030	public	search_api
DRX952604	DRR975031	public	search_api
DRX952605	DRR975032	public	search_api
DRX952606	DRR975033	public	search_api
DRX952607	DRR975034	public	search_api
DRX952608	DRR975035	public	search_api
DRX952609	DRR975036	public	search_api
DRX952610	DRR975037	public	search_api
DRX952611	DRR975038	public	search_api
DRX952613	DRR975040	public	search_api
DRX952614	DRR975041	public	search_api
DRX952615	DRR975042	public	search_api
DRX952616	DRR975043	public	search_api
DRX952617	DRR975044	public	search_api
DRX952618	DRR975045	public	search_api
DRX952619	DRR975046	public	search_api
DRX952620	DRR975047	public	search_api
DRX952621	DRR975048	public	search_api
DRX952622	DRR975049	public	search_api
DRX952623	DRR975050	public	search_api
DRX952624	DRR975051	public	search_api
DRX952625	DRR975052	public	search_api
DRX952626	DRR975053	public	search_api
DRX952627	DRR975054	public	search_api
DRX952628	DRR975055	public	search_api
DRX952629	DRR975056	public	search_api
DRX952630	DRR975057	public	search_api
DRX952631	DRR975058	public	search_api
DRX952632	DRR975059	public	search_api
DRX952633	DRR975060	public	search_api
DRX952634	DRR975061	public	search_api
DRX952635	DRR975062	public	search_api
DRX952636	DRR975063	public	search_api
DRX952637	DRR975064	public	search_api
DRX952638	DRR975065	public	search_api
DRX952639	DRR975066	public	search_api
DRX952640	DRR975067	public	search_api
DRX952641	DRR975068	public	search_api
DRX952642	DRR975069	public	search_api
DRX952643	DRR975070	public	search_api
DRX952644	DRR975071	public	search_api
DRX952645	DRR975072	public	search_api
DRX952646	DRR975073	public	search_api
DRX952647	DRR975074	public	search_api
DRX952648	DRR975075	public	search_api
DRX952649	DRR975076	public	search_api
DRX952650	DRR975077	public	search_api
DRX952651	DRR975078	public	search_api
DRX952652	DRR975079	public	search_api
DRX952653	DRR975080	public	search_api
DRX952654	DRR975081	public	search_api
DRX952655	DRR975082	public	search_api
DRX952656	DRR975083	public	search_api
DRX952657	DRR975084	public	search_api
DRX952658	DRR975085	public	search_api
DRX952659	DRR975086	public	search_api
DRX952660	DRR975087	public	search_api
DRX952661	DRR975088	public	search_api
DRX952662	DRR975089	public	search_api
DRX952663	DRR975090	public	search_api
DRX952664	DRR975091	public	search_api
DRX952665	DRR975092	public	search_api
DRX952666	DRR975093	public	search_api
DRX952667	DRR975094	public	search_api
DRX952668	DRR975095	public	search_api
DRX952669	DRR975096	public	search_api
DRX952670	DRR975097	public	search_api
DRX952671	DRR975098	public	search_api
DRX952672	DRR975099	public	search_api
DRX952673	DRR975100	public	search_api
DRX952674	DRR975101	public	search_api
DRX952675	DRR975102	public	search_api
DRX952676	DRR975103	public	search_api
DRX952677	DRR975104	public	search_api
DRX952678	DRR975105	public	search_api
DRX952679	DRR975106	public	search_api
DRX952680	DRR975107	public	search_api
DRX952681	DRR975108	public	search_api
DRX952682	DRR975109	public	search_api
DRX952683	DRR975110	public	search_api
DRX952684	DRR975111	public	search_api
DRX952685	DRR975112	public	search_api
DRX952686	DRR975113	public	search_api
DRX952687	DRR975114	public	search_api
DRX952688	DRR975115	public	search_api
DRX952689	DRR975116	public	search_api
DRX952690	DRR975117	public	search_api
DRX952691	DRR975118	public	search_api
DRX952692	DRR975119	public	search_api
DRX952693	DRR975120	public	search_api
DRX952694	DRR975121	public	search_api
DRX952695	DRR975122	public	search_api
DRX952696	DRR975123	public	search_api
DRX952697	DRR975124	public	search_api
DRX952698	DRR975125	public	search_api
DRX952699	DRR975126	public	search_api
DRX952700	DRR975127	public	search_api
DRX952701	DRR975128	public	search_api
DRX952702	DRR975129	public	search_api
DRX952703	DRR975130	public	search_api
DRX952704	DRR975131	public	search_api
DRX952705	DRR975132	public	search_api
DRX952706	DRR975133	public	search_api
DRX952707	DRR975134	public	search_api
DRX952708	DRR975135	public	search_api
DRX952709	DRR975136	public	search_api
DRX952710	DRR975137	public	search_api
DRX952711	DRR975138	public	search_api
DRX952712	DRR975139	public	search_api
DRX952713	DRR975140	public	search_api
DRX952714	DRR975141	public	search_api
DRX952715	DRR975142	public	search_api
DRX952716	DRR975143	public	search_api
DRX952717	DRR975144	public	search_api
DRX952718	DRR975145	public	search_api
DRX952719	DRR975146	public	search_api
DRX952720	DRR975147	public	search_api
DRX952721	DRR975148	public	search_api
DRX952722	DRR975149	public	search_api
DRX952723	DRR975150	public	search_api
DRX952724	DRR975151	public	search_api
DRX952725	DRR975152	public	search_api
DRX952726	DRR975153	public	search_api
DRX952727	DRR975154	public	search_api
DRX952728	DRR975155	public	search_api
DRX952729	DRR975156	public	search_api
DRX952730	DRR975157	public	search_api
DRX952731	DRR975158	public	search_api
DRX952732	DRR975159	public	search_api
DRX952733	DRR975160	public	search_api
DRX952734	DRR975161	public	search_api
DRX952735	DRR975162	public	search_api
DRX952736	DRR975163	public	search_api
DRX952737	DRR975164	public	search_api
DRX952738	DRR975165	public	search_api
DRX952739	DRR975166	public	search_api
DRX952740	DRR975167	public	search_api
DRX952741	DRR975168	public	search_api
DRX952742	DRR975169	public	search_api
DRX952743	DRR975170	public	search_api
DRX952744	DRR975171	public	search_api
DRX952745	DRR975172	public	search_api
DRX952746	DRR975173	public	search_api
DRX952747	DRR975174	public	search_api
DRX952748	DRR975175	public	search_api
DRX952749	DRR975176	public	search_api
DRX952750	DRR975177	public	search_api
DRX952751	DRR975178	public	search_api
DRX952752	DRR975179	public	search_api
DRX952753	DRR975180	public	search_api
DRX952754	DRR975181	public	search_api
DRX952755	DRR975182	public	search_api
DRX952756	DRR975183	public	search_api
DRX952757	DRR975184	public	search_api
DRX952758	DRR975185	public	search_api
DRX952759	DRR975186	public	search_api
DRX952760	DRR975187	public	search_api
DRX952761	DRR975188	public	search_api
DRX952762	DRR975189	public	search_api
DRX952763	DRR975190	public	search_api
DRX952764	DRR975191	public	search_api
DRX952765	DRR975192	public	search_api
DRX952766	DRR975193	public	search_api
DRX952767	DRR975194	public	search_api
DRX952768	DRR975195	public	search_api
DRX952769	DRR975196	public	search_api
DRX952770	DRR975197	public	search_api
DRX952771	DRR975198	public	search_api
DRX952772	DRR975199	public	search_api
DRX952773	DRR975200	public	search_api
DRX952774	DRR975201	public	search_api
DRX952775	DRR975202	public	search_api
DRX952776	DRR975203	public	search_api
DRX952777	DRR975204	public	search_api
DRX952778	DRR975205	public	search_api
DRX952779	DRR975206	public	search_api
DRX952780	DRR975207	public	search_api
DRX952781	DRR975208	public	search_api
DRX952782	DRR975209	public	search_api
DRX952783	DRR975210	public	search_api
DRX952784	DRR975211	public	search_api
DRX952785	DRR975212	public	search_api
DRX952786	DRR975213	public	search_api
DRX952787	DRR975214	public	search_api
DRX952788	DRR975215	public	search_api
DRX952789	DRR975216	public	search_api
DRX952790	DRR975217	public	search_api
DRX952791	DRR975218	public	search_api
DRX952792	DRR975219	public	search_api
DRX952793	DRR975220	public	search_api
DRX952794	DRR975221	public	search_api
DRX952795	DRR975222	public	search_api
DRX952796	DRR975223	public	search_api
DRX952797	DRR975224	public	search_api
DRX952798	DRR975225	public	search_api
DRX952799	DRR975226	public	search_api
DRX952800	DRR975227	public	search_api
DRX952801	DRR975228	public	search_api
DRX952802	DRR975229	public	search_api
DRX952803	DRR975230	public	search_api
DRX952804	DRR975231	public	search_api
DRX952805	DRR975232	public	search_api
DRX952806	DRR975233	public	search_api
DRX952807	DRR975234	public	search_api
DRX952808	DRR975235	public	search_api
DRX952809	DRR975236	public	search_api
DRX952810	DRR975237	public	search_api
DRX952811	DRR975238	public	search_api
DRX952812	DRR975239	public	search_api
DRX952813	DRR975240	public	search_api
DRX952814	DRR975241	public	search_api
DRX952815	DRR975242	public	search_api
DRX952816	DRR975243	public	search_api
DRX952817	DRR975244	public	search_api
DRX952818	DRR975245	public	search_api
DRX952819	DRR975246	public	search_api
DRX952820	DRR975247	public	search_api
DRX952821	DRR975248	public	search_api
DRX952822	DRR975249	public	search_api
DRX952823	DRR975250	public	search_api
DRX952824	DRR975251	public	search_api
DRX952825	DRR975252	public	search_api
DRX952826	DRR975253	public	search_api
DRX952827	DRR975254	public	search_api
DRX952828	DRR975255	public	search_api
DRX952829	DRR975256	public	search_api
DRX952830	DRR975257	public	search_api
DRX952832	DRR975259	public	search_api
DRX952833	DRR975260	public	search_api
DRX952834	DRR975261	public	search_api
DRX952835	DRR975262	public	search_api
DRX952836	DRR975263	public	search_api
DRX952837	DRR975264	public	search_api
DRX952838	DRR975265	public	search_api
DRX952840	DRR975267	public	search_api
DRX952841	DRR975268	public	search_api
DRX952842	DRR975269	public	search_api
DRX952843	DRR975270	public	search_api
DRX952844	DRR975271	public	search_api
DRX952846	DRR975273	public	search_api
DRX952847	DRR975274	public	search_api
DRX952848	DRR975275	public	search_api
DRX952849	DRR975276	public	search_api
DRX952850	DRR975277	public	search_api
DRX952851	DRR975278	public	search_api
DRX952852	DRR975279	public	search_api
DRX952853	DRR975280	public	search_api
DRX952854	DRR975281	public	search_api
DRX952855	DRR975282	public	search_api
DRX952856	DRR975283	public	search_api
DRX952857	DRR975284	public	search_api
DRX952858	DRR975285	public	search_api
DRX952859	DRR975286	public	search_api
DRX952860	DRR975287	public	search_api
DRX952861	DRR975288	public	search_api
DRX952862	DRR975289	public	search_api
DRX952863	DRR975290	public	search_api
DRX952864	DRR975291	public	search_api
DRX952865	DRR975292	public	search_api
DRX952866	DRR975293	public	search_api
DRX952867	DRR975294	public	search_api
DRX952868	DRR975295	public	search_api
DRX952869	DRR975296	public	search_api
DRX952870	DRR975297	public	search_api
DRX952871	DRR975298	public	search_api
DRX952872	DRR975299	public	search_api
DRX952873	DRR975300	public	search_api
DRX952874	DRR975301	public	search_api
DRX952875	DRR975302	public	search_api
DRX952876	DRR975303	public	search_api
DRX952877	DRR975304	public	search_api
DRX952878	DRR975305	public	search_api
DRX952879	DRR975306	public	search_api
DRX952880	DRR975307	public	search_api
DRX952881	DRR975308	public	search_api
DRX952882	DRR975309	public	search_api
DRX952883	DRR975310	public	search_api
DRX952884	DRR975311	public	search_api
DRX952885	DRR975312	public	search_api
DRX952886	DRR975313	public	search_api
DRX952887	DRR975314	public	search_api
DRX952888	DRR975315	public	search_api
DRX952890	DRR975317	public	search_api
DRX952891	DRR975318	public	search_api
DRX952892	DRR975319	public	search_api
DRX952893	DRR975320	public	search_api
DRX952894	DRR975321	public	search_api
DRX952895	DRR975322	public	search_api
DRX952896	DRR975323	public	search_api
DRX952897	DRR975324	public	search_api
DRX952898	DRR975325	public	search_api
DRX952899	DRR975326	public	search_api
DRX952900	DRR975327	public	search_api
DRX952901	DRR975328	public	search_api
DRX952902	DRR975329	public	search_api
DRX952903	DRR975330	public	search_api
DRX952904	DRR975331	public	search_api
DRX952905	DRR975332	public	search_api
DRX952906	DRR975333	public	search_api
DRX952907	DRR975334	public	search_api
DRX952908	DRR975335	public	search_api
DRX952909	DRR975336	public	search_api
DRX952910	DRR975337	public	search_api
DRX952911	DRR975338	public	search_api
DRX952912	DRR975339	public	search_api
DRX952913	DRR975340	public	search_api
DRX952914	DRR975341	public	search_api
DRX952915	DRR975342	public	search_api
DRX952916	DRR975343	public	search_api
DRX952917	DRR975344	public	search_api
DRX952918	DRR975345	public	search_api
DRX952919	DRR975346	public	search_api
DRX952920	DRR975347	public	search_api
DRX952921	DRR975348	public	search_api
DRX952922	DRR975349	public	search_api
DRX952923	DRR975350	public	search_api
DRX952924	DRR975351	public	search_api
DRX952925	DRR975352	public	search_api
DRX952926	DRR975353	public	search_api
DRX952927	DRR975354	public	search_api
DRX952928	DRR975355	public	search_api
DRX952929	DRR975356	public	search_api
DRX952930	DRR975357	public	search_api
DRX952931	DRR975358	public	search_api
DRX952932	DRR975359	public	search_api
DRX952933	DRR975360	public	search_api
DRX952934	DRR975361	public	search_api
DRX952935	DRR975362	public	search_api
DRX952936	DRR975363	public	search_api
DRX952937	DRR975364	public	search_api
DRX952938	DRR975365	public	search_api
DRX952939	DRR975366	public	search_api
DRX952940	DRR975367	public	search_api
DRX952941	DRR975368	public	search_api
DRX952942	DRR975369	public	search_api
DRX952943	DRR975370	public	search_api
DRX952944	DRR975371	public	search_api
DRX952945	DRR975372	public	search_api
DRX952946	DRR975373	public	search_api
DRX952947	DRR975374	public	search_api
DRX952948	DRR975375	public	search_api
DRX952949	DRR975376	public	search_api
DRX952950	DRR975377	public	search_api
DRX952951	DRR975378	public	search_api
DRX952952	DRR975379	public	search_api
DRX952953	DRR975380	public	search_api
DRX952954	DRR975381	public	search_api
DRX952955	DRR975382	public	search_api
DRX952956	DRR975383	public	search_api
DRX952957	DRR975384	public	search_api
DRX952958	DRR975385	public	search_api
DRX952959	DRR975386	public	search_api
DRX952960	DRR975387	public	search_api
DRX952961	DRR975388	public	search_api
DRX952962	DRR975389	public	search_api
DRX952963	DRR975390	public	search_api
DRX952964	DRR975391	public	search_api
DRX952965	DRR975392	public	search_api
DRX952966	DRR975393	public	search_api
DRX952967	DRR975394	public	search_api
DRX952968	DRR975395	public	search_api
DRX952969	DRR975396	public	search_api
DRX952970	DRR975397	public	search_api
DRX952971	DRR975398	public	search_api
DRX952972	DRR975399	public	search_api
DRX952973	DRR975400	public	search_api
DRX952974	DRR975401	public	search_api
DRX952975	DRR975402	public	search_api
DRX952976	DRR975403	public	search_api
DRX952977	DRR975404	public	search_api
DRX952978	DRR975405	public	search_api
DRX952979	DRR975406	public	search_api
DRX952980	DRR975407	public	search_api
DRX952981	DRR975408	public	search_api
DRX952982	DRR975409	public	search_api
DRX952983	DRR975410	public	search_api
DRX952984	DRR975411	public	search_api
DRX952985	DRR975412	public	search_api
DRX952986	DRR975413	public	search_api
DRX952987	DRR975414	public	search_api
DRX952988	DRR975415	public	search_api
DRX952989	DRR975416	public	search_api
DRX952990	DRR975417	public	search_api
DRX952991	DRR975418	public	search_api
DRX952992	DRR975419	public	search_api
DRX952993	DRR975420	public	search_api
DRX952994	DRR975421	public	search_api
DRX952995	DRR975422	public	search_api
DRX952996	DRR975423	public	search_api
DRX952997	DRR975424	public	search_api
DRX952998	DRR975425	public	search_api
DRX952999	DRR975426	public	search_api
DRX953000	DRR975427	public	search_api
DRX953001	DRR975428	public	search_api
DRX953002	DRR975429	public	search_api
DRX953003	DRR975430	public	search_api
DRX953004	DRR975431	public	search_api
DRX953005	DRR975432	public	search_api
DRX953006	DRR975433	public	search_api
DRX953007	DRR975434	public	search_api
DRX953008	DRR975435	public	search_api
DRX953009	DRR975436	public	search_api
DRX953010	DRR975437	public	search_api
DRX953011	DRR975438	public	search_api
DRX953012	DRR975439	public	search_api
DRX953013	DRR975440	public	search_api
DRX953014	DRR975441	public	search_api
DRX953015	DRR975442	public	search_api
DRX953016	DRR975443	public	search_api
DRX953017	DRR975444	public	search_api
DRX953018	DRR975445	public	search_api
DRX953019	DRR975446	public	search_api
DRX953020	DRR975447	public	search_api
DRX953021	DRR975448	public	search_api
DRX953022	DRR975449	public	search_api
DRX953023	DRR975450	public	search_api
DRX953024	DRR975451	public	search_api
DRX953025	DRR975452	public	search_api
DRX953026	DRR975453	public	search_api
DRX953027	DRR975454	public	search_api
DRX953028	DRR975455	public	search_api
DRX953029	DRR975456	public	search_api
DRX953030	DRR975457	public	search_api
DRX953031	DRR975458	public	search_api
DRX953032	DRR975459	public	search_api
DRX953033	DRR975460	public	search_api
DRX953034	DRR975461	public	search_api
DRX953035	DRR975462	public	search_api
DRX953036	DRR975463	public	search_api
DRX953037	DRR975464	public	search_api
DRX953038	DRR975465	public	search_api
DRX953039	DRR975466	public	search_api
DRX953040	DRR975467	public	search_api
DRX953041	DRR975468	public	search_api
DRX953042	DRR975469	public	search_api
DRX953043	DRR975470	public	search_api
DRX953044	DRR975471	public	search_api
DRX953045	DRR975472	public	search_api
DRX953046	DRR975473	public	search_api
DRX953047	DRR975474	public	search_api
DRX953048	DRR975475	public	search_api
DRX953049	DRR975476	public	search_api
DRX953050	DRR975477	public	search_api
DRX953051	DRR975478	public	search_api
DRX953052	DRR975479	public	search_api
DRX953053	DRR975480	public	search_api
DRX953054	DRR975481	public	search_api
DRX953055	DRR975482	public	search_api
DRX953056	DRR975483	public	search_api
DRX953057	DRR975484	public	search_api
DRX953058	DRR975485	public	search_api
DRX953059	DRR975486	public	search_api
DRX953060	DRR975487	public	search_api
DRX953061	DRR975488	public	search_api
DRX953062	DRR975489	public	search_api
DRX953238	DRR975665	public	search_api
DRX953239	DRR975666	public	search_api
DRX953240	DRR975667	public	search_api
DRX953242	DRR975669	public	search_api
DRX953243	DRR975670	public	search_api
DRX953244	DRR975671	public	search_api
DRX953245	DRR975672	public	search_api
DRX953246	DRR975673	public	search_api
DRX953247	DRR975674	public	search_api
DRX953248	DRR975675	public	search_api
DRX953249	DRR975676	public	search_api
DRX953250	DRR975677	public	search_api
DRX953251	DRR975678	public	search_api
DRX953252	DRR975679	public	search_api
DRX953253	DRR975680	public	search_api
DRX953254	DRR975681	public	search_api
DRX953255	DRR975682	public	search_api
DRX953256	DRR975683	public	search_api
DRX953257	DRR975684	public	search_api
DRX953258	DRR975685	public	search_api
DRX953259	DRR975686	public	search_api
DRX953260	DRR975687	public	search_api
DRX953261	DRR975688	public	search_api
DRX953262	DRR975689	public	search_api
DRX953263	DRR975690	public	search_api
DRX953264	DRR975691	public	search_api
DRX953265	DRR975692	public	search_api
DRX953266	DRR975693	public	search_api
DRX953268	DRR975695	public	search_api
DRX953269	DRR975696	public	search_api
DRX953270	DRR975697	public	search_api
DRX953271	DRR975698	public	search_api
DRX953272	DRR975699	public	search_api
DRX953273	DRR975700	public	search_api
DRX953274	DRR975701	public	search_api
DRX953275	DRR975702	public	search_api
DRX953276	DRR975703	public	search_api
DRX953277	DRR975704	public	search_api
DRX953278	DRR975705	public	search_api
DRX953279	DRR975706	public	search_api
DRX953280	DRR975707	public	search_api
DRX953281	DRR975708	public	search_api
DRX953282	DRR975709	public	search_api
DRX953283	DRR975710	public	search_api
DRX953284	DRR975711	public	search_api
DRX953286	DRR975713	public	search_api
DRX953287	DRR975714	public	search_api
DRX953288	DRR975715	public	search_api
DRX953289	DRR975716	public	search_api
DRX953290	DRR975717	public	search_api
DRX953291	DRR975718	public	search_api
DRX953292	DRR975719	public	search_api
DRX953293	DRR975720	public	search_api
DRX953294	DRR975721	public	search_api
DRX953295	DRR975722	public	search_api
DRX953296	DRR975723	public	search_api
DRX953297	DRR975724	public	search_api
DRX953298	DRR975725	public	search_api
DRX953311	DRR975738	public	search_api
DRX953312	DRR975739	public	search_api
DRX953313	DRR975740	public	search_api
DRX953314	DRR975741	public	search_api
DRX953315	DRR975742	public	search_api
DRX953316	DRR975743	public	search_api
DRX953317	DRR975744	public	search_api
DRX953318	DRR975745	public	search_api
DRX953319	DRR975746	public	search_api
DRX953320	DRR975747	public	search_api
DRX953321	DRR975748	public	search_api
DRX953322	DRR975749	public	search_api
DRX953323	DRR975750	public	search_api
DRX953324	DRR975751	public	search_api
DRX953325	DRR975752	public	search_api
DRX953326	DRR975753	public	search_api
DRX953327	DRR975754	public	search_api
DRX953328	DRR975755	public	search_api
DRX953329	DRR975756	public	search_api
DRX953330	DRR975757	public	search_api
DRX953331	DRR975758	public	search_api
DRX953332	DRR975759	public	search_api
DRX953333	DRR975760	public	search_api
DRX953334	DRR975761	public	search_api
DRX953335	DRR975762	public	search_api
DRX953336	DRR975763	public	search_api
DRX953337	DRR975764	public	search_api
DRX953338	DRR975765	public	search_api
DRX953339	DRR975766	public	search_api
DRX953340	DRR975767	public	search_api
DRX953341	DRR975768	public	search_api
DRX953342	DRR975769	public	search_api
DRX953343	DRR975770	public	search_api
DRX953344	DRR975771	public	search_api
DRX953345	DRR975772	public	search_api
DRX953346	DRR975773	public	search_api
DRX953347	DRR975774	public	search_api
DRX953348	DRR975775	public	search_api
DRX953349	DRR975776	public	search_api
DRX953350	DRR975777	public	search_api
DRX953351	DRR975778	public	search_api
DRX953352	DRR975779	public	search_api
DRX953353	DRR975780	public	search_api
DRX953354	DRR975781	public	search_api
DRX953355	DRR975782	public	search_api
DRX953356	DRR975783	public	search_api
DRX953357	DRR975784	public	search_api
DRX953358	DRR975785	public	search_api
DRX953359	DRR975786	public	search_api
DRX953360	DRR975787	public	search_api
DRX953361	DRR975788	public	search_api
DRX953362	DRR975789	public	search_api
DRX953363	DRR975790	public	search_api
DRX953364	DRR975791	public	search_api
DRX953365	DRR975792	public	search_api
DRX953366	DRR975793	public	search_api
DRX953367	DRR975794	public	search_api
DRX953368	DRR975795	public	search_api
DRX953369	DRR975796	public	search_api
DRX953370	DRR975797	public	search_api
DRX953371	DRR975798	public	search_api
DRX953372	DRR975799	public	search_api
DRX953373	DRR975800	public	search_api
DRX953374	DRR975801	public	search_api
DRX953375	DRR975802	public	search_api
DRX953376	DRR975803	public	search_api
DRX953377	DRR975804	public	search_api
DRX953378	DRR975805	public	search_api
DRX953379	DRR975806	public	search_api
DRX953380	DRR975807	public	search_api
DRX953381	DRR975808	public	search_api
DRX953382	DRR975809	public	search_api
DRX953383	DRR975810	public	search_api
DRX953384	DRR975811	public	search_api
DRX953385	DRR975812	public	search_api
DRX953386	DRR975813	public	search_api
DRX953387	DRR975814	public	search_api
DRX953388	DRR975815	public	search_api
DRX953389	DRR975816	public	search_api
DRX953390	DRR975817	public	search_api
DRX953391	DRR975818	public	search_api
DRX953392	DRR975819	public	search_api
DRX953393	DRR975820	public	search_api
DRX953394	DRR975821	public	search_api
DRX953395	DRR975822	public	search_api
DRX953396	DRR975823	public	search_api
DRX953397	DRR975824	public	search_api
DRX953398	DRR975825	public	search_api
DRX953399	DRR975826	public	search_api
DRX953400	DRR975827	public	search_api
DRX953401	DRR975828	public	search_api
DRX953402	DRR975829	public	search_api
DRX953403	DRR975830	public	search_api
DRX953404	DRR975831	public	search_api
DRX953405	DRR975832	public	search_api
DRX953407	DRR975834	public	search_api
DRX953408	DRR975835	public	search_api
DRX953409	DRR975836	public	search_api
DRX953410	DRR975837	public	search_api
DRX953411	DRR975838	public	search_api
DRX953412	DRR975839	public	search_api
DRX953413	DRR975840	public	search_api
DRX953414	DRR975841	public	search_api
DRX953415	DRR975842	public	search_api
DRX953445	DRR975872	public	search_api
DRX953446	DRR975873	public	search_api
DRX953447	DRR975874	public	search_api
DRX953448	DRR975875	public	search_api
DRX953449	DRR975876	public	search_api
DRX953450	DRR975877	public	search_api
DRX953451	DRR975878	public	search_api
DRX953452	DRR975879	public	search_api
DRX953453	DRR975880	public	search_api
DRX953454	DRR975881	public	search_api
DRX953455	DRR975882	public	search_api
DRX953456	DRR975883	public	search_api
DRX953457	DRR975884	public	search_api
DRX953458	DRR975885	public	search_api
DRX953459	DRR975886	public	search_api
DRX953460	DRR975887	public	search_api
DRX953461	DRR975888	public	search_api
DRX953462	DRR975889	public	search_api
DRX953463	DRR975890	public	search_api
DRX953464	DRR975891	public	search_api
DRX953465	DRR975892	public	search_api
DRX953466	DRR975893	public	search_api
DRX953467	DRR975894	public	search_api
DRX953468	DRR975895	public	search_api
DRX953469	DRR975896	public	search_api
DRX953470	DRR975897	public	search_api
DRX953471	DRR975898	public	search_api
DRX953472	DRR975899	public	search_api
DRX953473	DRR975900	public	search_api
DRX953474	DRR975901	public	search_api
DRX953475	DRR975902	public	search_api
DRX953476	DRR975903	public	search_api
DRX953477	DRR975904	public	search_api
DRX953478	DRR975905	public	search_api
DRX953480	DRR975907	public	search_api
DRX953481	DRR975908	public	search_api
DRX953482	DRR975909	public	search_api
DRX953483	DRR975910	public	search_api
DRX953484	DRR975911	public	search_api
DRX953486	DRR975913	public	search_api
DRX953487	DRR975914	public	search_api
DRX953488	DRR975915	public	search_api
DRX953489	DRR975916	public	search_api
DRX953490	DRR975917	public	search_api
DRX953491	DRR975918	public	search_api
DRX953492	DRR975919	public	search_api
DRX953493	DRR975920	public	search_api
DRX953494	DRR975921	public	search_api
DRX953495	DRR975922	public	search_api
DRX953496	DRR975923	public	search_api
DRX953497	DRR975924	public	search_api
DRX953498	DRR975925	public	search_api
DRX953499	DRR975926	public	search_api
DRX953500	DRR975927	public	search_api
DRX953501	DRR975928	public	search_api
DRX953502	DRR975929	public	search_api
DRX953503	DRR975930	public	search_api
DRX953504	DRR975931	public	search_api
DRX953505	DRR975932	public	search_api
DRX953506	DRR975933	public	search_api
DRX953507	DRR975934	public	search_api
DRX953508	DRR975935	public	search_api
DRX953509	DRR975936	public	search_api
DRX953510	DRR975937	public	search_api
DRX953511	DRR975938	public	search_api
DRX953512	DRR975939	public	search_api
DRX953513	DRR975940	public	search_api
DRX953514	DRR975941	public	search_api
DRX953551	DRR975978	public	search_api
DRX953552	DRR975979	public	search_api
DRX953553	DRR975980	public	search_api
DRX953554	DRR975981	public	search_api
DRX953555	DRR975982	public	search_api
DRX953556	DRR975983	public	search_api
DRX953557	DRR975984	public	search_api
DRX953558	DRR975985	public	search_api
DRX953575	DRR976026	public	search_api
DRX953576	DRR976027	public	search_api
DRX953577	DRR976028	public	search_api
DRX953578	DRR976029	public	search_api
DRX953579	DRR976030	public	search_api
DRX953580	DRR976031	public	search_api
DRX953581	DRR976032	public	search_api
DRX953582	DRR976033	public	search_api
DRX953583	DRR976034	public	search_api
DRX953584	DRR976035	public	search_api
DRX953585	DRR976036	public	search_api
DRX953586	DRR976037	public	search_api
DRX953587	DRR976038	public	search_api
DRX953588	DRR976039	public	search_api
DRX953589	DRR976040	public	search_api
DRX953590	DRR976041	public	search_api
DRX953591	DRR976042	public	search_api
DRX953592	DRR976043	public	search_api
DRX953593	DRR976044	public	search_api
DRX953594	DRR976045	public	search_api
DRX953595	DRR976046	public	search_api
DRX953596	DRR976047	public	search_api
DRX953597	DRR976048	public	search_api
DRX953598	DRR976049	public	search_api
DRX953599	DRR976050	public	search_api
DRX953600	DRR976051	public	search_api
DRX953601	DRR976052	public	search_api
DRX953602	DRR976053	public	search_api
DRX953603	DRR976054	public	search_api
DRX953604	DRR976055	public	search_api
DRX953605	DRR976056	public	search_api
DRX953606	DRR976057	public	search_api
DRX953607	DRR976058	public	search_api
DRX953608	DRR976059	public	search_api
DRX953609	DRR976060	public	search_api
DRX953610	DRR976061	public	search_api
DRX953611	DRR976062	public	search_api
DRX953612	DRR976063	public	search_api
DRX953613	DRR976064	public	search_api
DRX953614	DRR976065	public	search_api
DRX953615	DRR976066	public	search_api
DRX953616	DRR976067	public	search_api
DRX953617	DRR976068	public	search_api
DRX953618	DRR976069	public	search_api
DRX953619	DRR976070	public	search_api
DRX953620	DRR976071	public	search_api
DRX953621	DRR976072	public	search_api
DRX953622	DRR976073	public	search_api
DRX953623	DRR976074	public	search_api
DRX953624	DRR976075	public	search_api
DRX953625	DRR976076	public	search_api
DRX953626	DRR976077	public	search_api
DRX953627	DRR976078	public	search_api
DRX953628	DRR976079	public	search_api
DRX953629	DRR976080	public	search_api
DRX953630	DRR976081	public	search_api
DRX953631	DRR976082	public	search_api
DRX953632	DRR976083	public	search_api
DRX953633	DRR976084	public	search_api
DRX953634	DRR976085	public	search_api
DRX953635	DRR976086	public	search_api
DRX953636	DRR976087	public	search_api
DRX953639	DRR976090	public	search_api
DRX953640	DRR976091	public	search_api
DRX953641	DRR976092	public	search_api
DRX953642	DRR976093	public	search_api
DRX953643	DRR976094	public	search_api
DRX953644	DRR976095	public	search_api
DRX953645	DRR976096	public	search_api
DRX953646	DRR976097	public	search_api
DRX953647	DRR976098	public	search_api
DRX953648	DRR976099	public	search_api
DRX953649	DRR976100	public	search_api
DRX953650	DRR976101	public	search_api
DRX953651	DRR976102	public	search_api
DRX953652	DRR976103	public	search_api
DRX953653	DRR976104	public	search_api
DRX953654	DRR976105	public	search_api
DRX953655	DRR976106	public	search_api
DRX953656	DRR976107	public	search_api
DRX953657	DRR976108	public	search_api
DRX953658	DRR976109	public	search_api
DRX953659	DRR976110	public	search_api
DRX953660	DRR976111	public	search_api
DRX953661	DRR976112	public	search_api
DRX953662	DRR976113	public	search_api
DRX953663	DRR976114	public	search_api
DRX953664	DRR976115	public	search_api
DRX953665	DRR976116	public	search_api
DRX953666	DRR976117	public	search_api
DRX953667	DRR976118	public	search_api
DRX953668	DRR976119	public	search_api
DRX953669	DRR976120	public	search_api
DRX953670	DRR976121	public	search_api
DRX953671	DRR976122	public	search_api
DRX953672	DRR976123	public	search_api
DRX953673	DRR976124	public	search_api
DRX953674	DRR976125	public	search_api
DRX953675	DRR976126	public	search_api
DRX953676	DRR976127	public	search_api
DRX953677	DRR976128	public	search_api
DRX953678	DRR976129	public	search_api
DRX953679	DRR976130	public	search_api
DRX953680	DRR976131	public	search_api
DRX953681	DRR976132	public	search_api
DRX953682	DRR976133	public	search_api
DRX953683	DRR976134	public	search_api
DRX953684	DRR976135	public	search_api
DRX953685	DRR976136	public	search_api
DRX953686	DRR976137	public	search_api
DRX953687	DRR976138	public	search_api
DRX953688	DRR976139	public	search_api
DRX953689	DRR976140	public	search_api
DRX953690	DRR976141	public	search_api
DRX953691	DRR976142	public	search_api
DRX953692	DRR976143	public	search_api
DRX953693	DRR976144	public	search_api
DRX953694	DRR976145	public	search_api
DRX953695	DRR976146	public	search_api
DRX953696	DRR976147	public	search_api
DRX953697	DRR976148	public	search_api
DRX953698	DRR976149	public	search_api
DRX953699	DRR976150	public	search_api
DRX953700	DRR976151	public	search_api
DRX953701	DRR976152	public	search_api
DRX953702	DRR976153	public	search_api
DRX953704	DRR976155	public	search_api
DRX953705	DRR976156	public	search_api
DRX953706	DRR976157	public	search_api
DRX953707	DRR976158	public	search_api
DRX953708	DRR976159	public	search_api
DRX953709	DRR976160	public	search_api
DRX953710	DRR976161	public	search_api
DRX953711	DRR976162	public	search_api
DRX953712	DRR976163	public	search_api
DRX953713	DRR976164	public	search_api
DRX953714	DRR976165	public	search_api
DRX953715	DRR976166	public	search_api
DRX953716	DRR976167	public	search_api
DRX953717	DRR976168	public	search_api
DRX953718	DRR976169	public	search_api
DRX953719	DRR976170	public	search_api
DRX953720	DRR976171	public	search_api
DRX953721	DRR976172	public	search_api
DRX953722	DRR976173	public	search_api
DRX953723	DRR976174	public	search_api
DRX953724	DRR976175	public	search_api
DRX953725	DRR976176	public	search_api
DRX953726	DRR976177	public	search_api
DRX953727	DRR976178	public	search_api
DRX953728	DRR976179	public	search_api
DRX953729	DRR976180	public	search_api
DRX953730	DRR976181	public	search_api
DRX953731	DRR976182	public	search_api
DRX953732	DRR976183	public	search_api
DRX953733	DRR976184	public	search_api
DRX953734	DRR976185	public	search_api
DRX953735	DRR976186	public	search_api
DRX953736	DRR976187	public	search_api
DRX953737	DRR976188	public	search_api
DRX953738	DRR976189	public	search_api
DRX953739	DRR976190	public	search_api
DRX953740	DRR976191	public	search_api
DRX953741	DRR976192	public	search_api
DRX953742	DRR976193	public	search_api
DRX953743	DRR976194	public	search_api
DRX953744	DRR976195	public	search_api
DRX953745	DRR976196	public	search_api
DRX953746	DRR976197	public	search_api
DRX953747	DRR976198	public	search_api
DRX953748	DRR976199	public	search_api
DRX953749	DRR976200	public	search_api
DRX953752	DRR976203	public	search_api
DRX953753	DRR976204	public	search_api
DRX953754	DRR976205	public	search_api
DRX953755	DRR976206	public	search_api
DRX953756	DRR976207	public	search_api
DRX953757	DRR976208	public	search_api
DRX953758	DRR976209	public	search_api
DRX953759	DRR976210	public	search_api
DRX953760	DRR976211	public	search_api
DRX953761	DRR976212	public	search_api
DRX953762	DRR976213	public	search_api
DRX953763	DRR976214	public	search_api
DRX953764	DRR976215	public	search_api
DRX953765	DRR976216	public	search_api
DRX953766	DRR976217	public	search_api
DRX953767	DRR976218	public	search_api
DRX953768	DRR976219	public	search_api
DRX953769	DRR976220	public	search_api
DRX953770	DRR976221	public	search_api
DRX953771	DRR976222	public	search_api
DRX953772	DRR976223	public	search_api
DRX953773	DRR976224	public	search_api
DRX953774	DRR976225	public	search_api
DRX953775	DRR976226	public	search_api
DRX953776	DRR976227	public	search_api
DRX953777	DRR976228	public	search_api
DRX953778	DRR976229	public	search_api
DRX953779	DRR976230	public	search_api
DRX953780	DRR976231	public	search_api
DRX953781	DRR976232	public	search_api
DRX953782	DRR976233	public	search_api
DRX953783	DRR976234	public	search_api
DRX953784	DRR976235	public	search_api
DRX953785	DRR976236	public	search_api
DRX953786	DRR976237	public	search_api
DRX953787	DRR976238	public	search_api
DRX953788	DRR976239	public	search_api
DRX953789	DRR976240	public	search_api
DRX953790	DRR976241	public	search_api
DRX953791	DRR976242	public	search_api
DRX953792	DRR976243	public	search_api
DRX953793	DRR976244	public	search_api
DRX953794	DRR976245	public	search_api
DRX953795	DRR976246	public	search_api
DRX953796	DRR976247	public	search_api
DRX953797	DRR976248	public	search_api
DRX953798	DRR976249	public	search_api
DRX953799	DRR976250	public	search_api
DRX953800	DRR976251	public	search_api
DRX953801	DRR976252	public	search_api
DRX953802	DRR976253	public	search_api
DRX953803	DRR976254	public	search_api
DRX953804	DRR976255	public	search_api
DRX953805	DRR976256	public	search_api
DRX953806	DRR976257	public	search_api
DRX953807	DRR976258	public	search_api
DRX953808	DRR976259	public	search_api
DRX953809	DRR976260	public	search_api
DRX953810	DRR976261	public	search_api
DRX953811	DRR976262	public	search_api
DRX953812	DRR976263	public	search_api
DRX953813	DRR976264	public	search_api
DRX953814	DRR976265	public	search_api
DRX953816	DRR976267	public	search_api
DRX953817	DRR976268	public	search_api
DRX953818	DRR976269	public	search_api
DRX953819	DRR976270	public	search_api
DRX953820	DRR976271	public	search_api
DRX953821	DRR976272	public	search_api
DRX953822	DRR976273	public	search_api
DRX953823	DRR976274	public	search_api
DRX953824	DRR976275	public	search_api
DRX953825	DRR976276	public	search_api
DRX953826	DRR976277	public	search_api
DRX953827	DRR976278	public	search_api
DRX953828	DRR976279	public	search_api
DRX953829	DRR976280	public	search_api
DRX953830	DRR976281	public	search_api
DRX953831	DRR976282	public	search_api
DRX953832	DRR976283	public	search_api
DRX953833	DRR976284	public	search_api
DRX953834	DRR976285	public	search_api
DRX953835	DRR976286	public	search_api
DRX953836	DRR976287	public	search_api
DRX953837	DRR976288	public	search_api
DRX953838	DRR976289	public	search_api
DRX953839	DRR976290	public	search_api
DRX953840	DRR976291	public	search_api
DRX953841	DRR976292	public	search_api
DRX953842	DRR976293	public	search_api
DRX953843	DRR976294	public	search_api
DRX953844	DRR976295	public	search_api
DRX953845	DRR976296	public	search_api
DRX953846	DRR976297	public	search_api
DRX953847	DRR976298	public	search_api
DRX953848	DRR976299	public	search_api
DRX953849	DRR976300	public	search_api
DRX953850	DRR976301	public	search_api
DRX953851	DRR976302	public	search_api
DRX953852	DRR976303	public	search_api
DRX953853	DRR976304	public	search_api
DRX953854	DRR976305	public	search_api
DRX953855	DRR976306	public	search_api
DRX953856	DRR976307	public	search_api
DRX953857	DRR976308	public	search_api
DRX953858	DRR976309	public	search_api
DRX953859	DRR976310	public	search_api
DRX953860	DRR976311	public	search_api
DRX953861	DRR976312	public	search_api
DRX953862	DRR976313	public	search_api
DRX953863	DRR976314	public	search_api
DRX953864	DRR976315	public	search_api
DRX953865	DRR976316	public	search_api
DRX953866	DRR976317	public	search_api
DRX953867	DRR976318	public	search_api
DRX953868	DRR976319	public	search_api
DRX953869	DRR976320	public	search_api
DRX953870	DRR976321	public	search_api
DRX953871	DRR976322	public	search_api
DRX953872	DRR976323	public	search_api
DRX953873	DRR976324	public	search_api
DRX953874	DRR976325	public	search_api
DRX953875	DRR976326	public	search_api
DRX953876	DRR976327	public	search_api
DRX953877	DRR976328	public	search_api
DRX953878	DRR976329	public	search_api
DRX953879	DRR976330	public	search_api
DRX953880	DRR976331	public	search_api
DRX953881	DRR976332	public	search_api
DRX953882	DRR976333	public	search_api
DRX953883	DRR976334	public	search_api
DRX953884	DRR976335	public	search_api
DRX953885	DRR976336	public	search_api
DRX953886	DRR976337	public	search_api
DRX953887	DRR976338	public	search_api
DRX953888	DRR976339	public	search_api
DRX953889	DRR976340	public	search_api
DRX953890	DRR976341	public	search_api
DRX953891	DRR976342	public	search_api
DRX953892	DRR976343	public	search_api
DRX953893	DRR976344	public	search_api
DRX953894	DRR976345	public	search_api
DRX953895	DRR976346	public	search_api
DRX953896	DRR976347	public	search_api
DRX953897	DRR976348	public	search_api
DRX953898	DRR976349	public	search_api
DRX953899	DRR976350	public	search_api
DRX953900	DRR976351	public	search_api
DRX953901	DRR976352	public	search_api
DRX953902	DRR976353	public	search_api
DRX953903	DRR976354	public	search_api
DRX953904	DRR976355	public	search_api
DRX953905	DRR976356	public	search_api
DRX953906	DRR976357	public	search_api
DRX953907	DRR976358	public	search_api
DRX953908	DRR976359	public	search_api
DRX953909	DRR976360	public	search_api
DRX953910	DRR976361	public	search_api
DRX953911	DRR976362	public	search_api
DRX953912	DRR976363	public	search_api
DRX953913	DRR976364	public	search_api
DRX953914	DRR976365	public	search_api
DRX953915	DRR976366	public	search_api
DRX953916	DRR976367	public	search_api
DRX953917	DRR976368	public	search_api
DRX953918	DRR976369	public	search_api
DRX953919	DRR976370	public	search_api
DRX953920	DRR976371	public	search_api
DRX953921	DRR976372	public	search_api
DRX953922	DRR976373	public	search_api
DRX953923	DRR976374	public	search_api
DRX953924	DRR976375	public	search_api
DRX953925	DRR976376	public	search_api
DRX953926	DRR976377	public	search_api
DRX953927	DRR976378	public	search_api
DRX953928	DRR976379	public	search_api
DRX953929	DRR976380	public	search_api
DRX953930	DRR976381	public	search_api
DRX953931	DRR976382	public	search_api
DRX953932	DRR976383	public	search_api
DRX953933	DRR976384	public	search_api
DRX953934	DRR976385	public	search_api
DRX953935	DRR976386	public	search_api
DRX953936	DRR976387	public	search_api
DRX953937	DRR976388	public	search_api
DRX953938	DRR976389	public	search_api
DRX953939	DRR976390	public	search_api
DRX953940	DRR976391	public	search_api
DRX953941	DRR976392	public	search_api
DRX953942	DRR976393	public	search_api
DRX953943	DRR976394	public	search_api
DRX953944	DRR976395	public	search_api
DRX953945	DRR976396	public	search_api
DRX953946	DRR976397	public	search_api
DRX953947	DRR976398	public	search_api
DRX953948	DRR976399	public	search_api
DRX953949	DRR976400	public	search_api
DRX953950	DRR976401	public	search_api
DRX953951	DRR976402	public	search_api
DRX953952	DRR976403	public	search_api
DRX953953	DRR976404	public	search_api
DRX953954	DRR976405	public	search_api
DRX953955	DRR976406	public	search_api
DRX953956	DRR976407	public	search_api
DRX953957	DRR976408	public	search_api
DRX953958	DRR976409	public	search_api
DRX953959	DRR976410	public	search_api
DRX953960	DRR976411	public	search_api
DRX953962	DRR976413	public	search_api
DRX953963	DRR976414	public	search_api
DRX953964	DRR976415	public	search_api
DRX953965	DRR976416	public	search_api
DRX953966	DRR976417	public	search_api
DRX953967	DRR976418	public	search_api
DRX953968	DRR976419	public	search_api
DRX953969	DRR976420	public	search_api
DRX953970	DRR976421	public	search_api
DRX953971	DRR976422	public	search_api
DRX953972	DRR976423	public	search_api
DRX953973	DRR976424	public	search_api
DRX953974	DRR976425	public	search_api
DRX953975	DRR976426	public	search_api
DRX953976	DRR976427	public	search_api
DRX953977	DRR976428	public	search_api
DRX953978	DRR976429	public	search_api
DRX953979	DRR976430	public	search_api
DRX953981	DRR976432	public	search_api
DRX953982	DRR976433	public	search_api
DRX953983	DRR976434	public	search_api
DRX953984	DRR976435	public	search_api
DRX953985	DRR976436	public	search_api
DRX953986	DRR976437	public	search_api
DRX953987	DRR976438	public	search_api
DRX953988	DRR976439	public	search_api
DRX953989	DRR976440	public	search_api
DRX953990	DRR976441	public	search_api
DRX953991	DRR976442	public	search_api
DRX953992	DRR976443	public	search_api
DRX953993	DRR976444	public	search_api
DRX953994	DRR976445	public	search_api
DRX953995	DRR976446	public	search_api
DRX953996	DRR976447	public	search_api
DRX953997	DRR976448	public	search_api
DRX953998	DRR976449	public	search_api
DRX953999	DRR976450	public	search_api
DRX954000	DRR976451	public	search_api
DRX954001	DRR976452	public	search_api
DRX954002	DRR976453	public	search_api
DRX954003	DRR976454	public	search_api
DRX954004	DRR976455	public	search_api
DRX954005	DRR976456	public	search_api
DRX954006	DRR976457	public	search_api
DRX954007	DRR976458	public	search_api
DRX954008	DRR976459	public	search_api
DRX954009	DRR976460	public	search_api
DRX954010	DRR976461	public	search_api
DRX954011	DRR976462	public	search_api
DRX954012	DRR976463	public	search_api
DRX954013	DRR976464	public	search_api
DRX954014	DRR976465	public	search_api
DRX954015	DRR976466	public	search_api
DRX954016	DRR976467	public	search_api
DRX954017	DRR976468	public	search_api
DRX954018	DRR976469	public	search_api
DRX954019	DRR976470	public	search_api
DRX954020	DRR976471	public	search_api
DRX954021	DRR976472	public	search_api
DRX954022	DRR976473	public	search_api
DRX954023	DRR976474	public	search_api
DRX954024	DRR976475	public	search_api
DRX954025	DRR976476	public	search_api
DRX954026	DRR976477	public	search_api
DRX954027	DRR976478	public	search_api
DRX954028	DRR976479	public	search_api
DRX954029	DRR976480	public	search_api
DRX954030	DRR976481	public	search_api
DRX954031	DRR976482	public	search_api
DRX954032	DRR976483	public	search_api
DRX954033	DRR976484	public	search_api
DRX954034	DRR976485	public	search_api
DRX954035	DRR976486	public	search_api
DRX954036	DRR976487	public	search_api
DRX954037	DRR976488	public	search_api
DRX954038	DRR976489	public	search_api
DRX954039	DRR976490	public	search_api
DRX954040	DRR976491	public	search_api
DRX954041	DRR976492	public	search_api
DRX954042	DRR976493	public	search_api
DRX954043	DRR976494	public	search_api
DRX954044	DRR976495	public	search_api
DRX954045	DRR976496	public	search_api
DRX954046	DRR976497	public	search_api
DRX954047	DRR976498	public	search_api
DRX954048	DRR976499	public	search_api
DRX954049	DRR976500	public	search_api
DRX954050	DRR976501	public	search_api
DRX954051	DRR976502	public	search_api
DRX954052	DRR976503	public	search_api
DRX954053	DRR976504	public	search_api
DRX954054	DRR976505	public	search_api
DRX954055	DRR976506	public	search_api
DRX954056	DRR976507	public	search_api
DRX954057	DRR976508	public	search_api
DRX954058	DRR976509	public	search_api
DRX954059	DRR976510	public	search_api
DRX954060	DRR976511	public	search_api
DRX954061	DRR976512	public	search_api
DRX954062	DRR976513	public	search_api
DRX954063	DRR976514	public	search_api
DRX954064	DRR976515	public	search_api
DRX954065	DRR976516	public	search_api
DRX954066	DRR976517	public	search_api
DRX954067	DRR976518	public	search_api
DRX954068	DRR976519	public	search_api
DRX954069	DRR976520	public	search_api
DRX954070	DRR976521	public	search_api
DRX954071	DRR976522	public	search_api
DRX954072	DRR976523	public	search_api
DRX954073	DRR976524	public	search_api
DRX954074	DRR976525	public	search_api
DRX954075	DRR976526	public	search_api
DRX954076	DRR976527	public	search_api
DRX954077	DRR976528	public	search_api
DRX954078	DRR976529	public	search_api
DRX954079	DRR976530	public	search_api
DRX954080	DRR976531	public	search_api
DRX954081	DRR976532	public	search_api
DRX954082	DRR976533	public	search_api
DRX954083	DRR976534	public	search_api
DRX954084	DRR976535	public	search_api
DRX954085	DRR976536	public	search_api
DRX954086	DRR976537	public	search_api
DRX954087	DRR976538	public	search_api
DRX954088	DRR976539	public	search_api
DRX954089	DRR976540	public	search_api
DRX954090	DRR976541	public	search_api
DRX954091	DRR976542	public	search_api
DRX954092	DRR976543	public	search_api
DRX954093	DRR976544	public	search_api
DRX954094	DRR976545	public	search_api
DRX954095	DRR976546	public	search_api
DRX954096	DRR976547	public	search_api
DRX954097	DRR976548	public	search_api
DRX954098	DRR976549	public	search_api
DRX954099	DRR976550	public	search_api
DRX954100	DRR976551	public	search_api
DRX954101	DRR976552	public	search_api
DRX954102	DRR976553	public	search_api
DRX954103	DRR976554	public	search_api
DRX954104	DRR976555	public	search_api
DRX954105	DRR976556	public	search_api
DRX954106	DRR976557	public	search_api
DRX954107	DRR976558	public	search_api
DRX954108	DRR976559	public	search_api
DRX954109	DRR976560	public	search_api
DRX954110	DRR976561	public	search_api
DRX954111	DRR976562	public	search_api
DRX954112	DRR976563	public	search_api
DRX954113	DRR976564	public	search_api
DRX954114	DRR976565	public	search_api
DRX954115	DRR976566	public	search_api
DRX954116	DRR976567	public	search_api
DRX954117	DRR976568	public	search_api
DRX954118	DRR976569	public	search_api
DRX954119	DRR976570	public	search_api
DRX954120	DRR976571	public	search_api
DRX954121	DRR976572	public	search_api
DRX954122	DRR976573	public	search_api
DRX954123	DRR976574	public	search_api
DRX954124	DRR976575	public	search_api
DRX954125	DRR976576	public	search_api
DRX954126	DRR976577	public	search_api
DRX954127	DRR976578	public	search_api
DRX954128	DRR976579	public	search_api
DRX954129	DRR976580	public	search_api
DRX954130	DRR976581	public	search_api
DRX954131	DRR976582	public	search_api
DRX954132	DRR976583	public	search_api
DRX954133	DRR976584	public	search_api
DRX954134	DRR976585	public	search_api
DRX954135	DRR976586	public	search_api
DRX954136	DRR976587	public	search_api
DRX954137	DRR976588	public	search_api
DRX954138	DRR976589	public	search_api
DRX954139	DRR976590	public	search_api
DRX954140	DRR976591	public	search_api
DRX954141	DRR976592	public	search_api
DRX954142	DRR976593	public	search_api
DRX954143	DRR976594	public	search_api
DRX954144	DRR976595	public	search_api
DRX954145	DRR976596	public	search_api
DRX954146	DRR976597	public	search_api
DRX954147	DRR976598	public	search_api
DRX954148	DRR976599	public	search_api
DRX954149	DRR976600	public	search_api
DRX954150	DRR976601	public	search_api
DRX954151	DRR976602	public	search_api
DRX954152	DRR976603	public	search_api
DRX954153	DRR976604	public	search_api
DRX954154	DRR976605	public	search_api
DRX954155	DRR976606	public	search_api
DRX954156	DRR976607	public	search_api
DRX954157	DRR976608	public	search_api
DRX954158	DRR976609	public	search_api
DRX954159	DRR976610	public	search_api
DRX954160	DRR976611	public	search_api
DRX954161	DRR976612	public	search_api
DRX954162	DRR976613	public	search_api
DRX954163	DRR976614	public	search_api
DRX954164	DRR976615	public	search_api
DRX954165	DRR976616	public	search_api
DRX954166	DRR976617	public	search_api
DRX954167	DRR976618	public	search_api
DRX954168	DRR976619	public	search_api
DRX954169	DRR976620	public	search_api
DRX954170	DRR976621	public	search_api
DRX954171	DRR976622	public	search_api
DRX954172	DRR976623	public	search_api
DRX954173	DRR976624	public	search_api
DRX954174	DRR976625	public	search_api
DRX954175	DRR976626	public	search_api
DRX954176	DRR976627	public	search_api
DRX954177	DRR976628	public	search_api
DRX954178	DRR976629	public	search_api
DRX954179	DRR976630	public	search_api
DRX954180	DRR976631	public	search_api
DRX954181	DRR976632	public	search_api
DRX954182	DRR976633	public	search_api
DRX954183	DRR976634	public	search_api
DRX954184	DRR976635	public	search_api
DRX954185	DRR976636	public	search_api
DRX954186	DRR976637	public	search_api
DRX954187	DRR976638	public	search_api
DRX954188	DRR976639	public	search_api
DRX954189	DRR976640	public	search_api
DRX954190	DRR976641	public	search_api
DRX954191	DRR976642	public	search_api
DRX954192	DRR976643	public	search_api
DRX954193	DRR976644	public	search_api
DRX954194	DRR976645	public	search_api
DRX954195	DRR976646	public	search_api
DRX954196	DRR976647	public	search_api
DRX954197	DRR976648	public	search_api
DRX954198	DRR976649	public	search_api
DRX954199	DRR976650	public	search_api
DRX954200	DRR976651	public	search_api
DRX954201	DRR976652	public	search_api
DRX954202	DRR976653	public	search_api
DRX954203	DRR976654	public	search_api
DRX954204	DRR976655	public	search_api
DRX954205	DRR976656	public	search_api
DRX954206	DRR976657	public	search_api
DRX954207	DRR976658	public	search_api
DRX954208	DRR976659	public	search_api
DRX954209	DRR976660	public	search_api
DRX954210	DRR976661	public	search_api
DRX954211	DRR976662	public	search_api
DRX954212	DRR976663	public	search_api
DRX954213	DRR976664	public	search_api
DRX954214	DRR976665	public	search_api
DRX954215	DRR976666	public	search_api
DRX954216	DRR976667	public	search_api
DRX954217	DRR976668	public	search_api
DRX954218	DRR976669	public	search_api
DRX954219	DRR976670	public	search_api
DRX954220	DRR976671	public	search_api
DRX954221	DRR976672	public	search_api
DRX954222	DRR976673	public	search_api
DRX954223	DRR976674	public	search_api
DRX954224	DRR976675	public	search_api
DRX954225	DRR976676	public	search_api
DRX954226	DRR976677	public	search_api
DRX954227	DRR976678	public	search_api
DRX954228	DRR976679	public	search_api
DRX954229	DRR976680	public	search_api
DRX954230	DRR976681	public	search_api
DRX954231	DRR976682	public	search_api
DRX954232	DRR976683	public	search_api
DRX954233	DRR976684	public	search_api
DRX954234	DRR976685	public	search_api
DRX954235	DRR976686	public	search_api
DRX954236	DRR976687	public	search_api
DRX954237	DRR976688	public	search_api
DRX954238	DRR976689	public	search_api
DRX954239	DRR976690	public	search_api
DRX954240	DRR976691	public	search_api
DRX954241	DRR976692	public	search_api
DRX954242	DRR976693	public	search_api
DRX954243	DRR976694	public	search_api
DRX954244	DRR976695	public	search_api
DRX954245	DRR976696	public	search_api
DRX954246	DRR976697	public	search_api
DRX954247	DRR976698	public	search_api
DRX954248	DRR976699	public	search_api
DRX954249	DRR976700	public	search_api
DRX954250	DRR976701	public	search_api
DRX954251	DRR976702	public	search_api
DRX954252	DRR976703	public	search_api
DRX954253	DRR976704	public	search_api
DRX954254	DRR976705	public	search_api
DRX954255	DRR976706	public	search_api
DRX954256	DRR976707	public	search_api
DRX954257	DRR976708	public	search_api
DRX954258	DRR976709	public	search_api
DRX954259	DRR976710	public	search_api
DRX954260	DRR976711	public	search_api
DRX954261	DRR976712	public	search_api
DRX954262	DRR976713	public	search_api
DRX954263	DRR976714	public	search_api
DRX954264	DRR976715	public	search_api
DRX954265	DRR976716	public	search_api
DRX954266	DRR976717	public	search_api
DRX954267	DRR976718	public	search_api
DRX954268	DRR976719	public	search_api
DRX954269	DRR976720	public	search_api
DRX954270	DRR976721	public	search_api
DRX954271	DRR976722	public	search_api
DRX954272	DRR976723	public	search_api
DRX954273	DRR976724	public	search_api
DRX954274	DRR976725	public	search_api
DRX954275	DRR976726	public	search_api
DRX954276	DRR976727	public	search_api
DRX954277	DRR976728	public	search_api
DRX954278	DRR976729	public	search_api
DRX954279	DRR976730	public	search_api
DRX954280	DRR976731	public	search_api
DRX954281	DRR976732	public	search_api
DRX954282	DRR976733	public	search_api
DRX954283	DRR976734	public	search_api
DRX954284	DRR976735	public	search_api
DRX954285	DRR976736	public	search_api
DRX954286	DRR976737	public	search_api
DRX954287	DRR976738	public	search_api
DRX954288	DRR976739	public	search_api
DRX954289	DRR976740	public	search_api
DRX954290	DRR976741	public	search_api
DRX954291	DRR976742	public	search_api
DRX954292	DRR976743	public	search_api
DRX954293	DRR976744	public	search_api
DRX954294	DRR976745	public	search_api
DRX954295	DRR976746	public	search_api
DRX954296	DRR976747	public	search_api
DRX954297	DRR976748	public	search_api
DRX954298	DRR976749	public	search_api
DRX954299	DRR976750	public	search_api
DRX954300	DRR976751	public	search_api
DRX954301	DRR976752	public	search_api
DRX954302	DRR976753	public	search_api
DRX954303	DRR976754	public	search_api
DRX954304	DRR976755	public	search_api
DRX954305	DRR976756	public	search_api
DRX954306	DRR976757	public	search_api
DRX954307	DRR976758	public	search_api
DRX954308	DRR976759	public	search_api
DRX954309	DRR976760	public	search_api
DRX954310	DRR976761	public	search_api
DRX954311	DRR976762	public	search_api
DRX954312	DRR976763	public	search_api
DRX954313	DRR976764	public	search_api
DRX954314	DRR976765	public	search_api
DRX954315	DRR976766	public	search_api
DRX954316	DRR976767	public	search_api
DRX954317	DRR976768	public	search_api
DRX954318	DRR976769	public	search_api
DRX954319	DRR976770	public	search_api
DRX954320	DRR976771	public	search_api
DRX954321	DRR976772	public	search_api
DRX954322	DRR976773	public	search_api
DRX954323	DRR976774	public	search_api
DRX954324	DRR976775	public	search_api
DRX954325	DRR976776	public	search_api
DRX954326	DRR976777	public	search_api
DRX954327	DRR976778	public	search_api
DRX954328	DRR976779	public	search_api
DRX954329	DRR976780	public	search_api
DRX954330	DRR976781	public	search_api
DRX954331	DRR976782	public	search_api
DRX954332	DRR976783	public	search_api
DRX954333	DRR976784	public	search_api
DRX954334	DRR976785	public	search_api
DRX954335	DRR976786	public	search_api
DRX954336	DRR976787	public	search_api
DRX954337	DRR976788	public	search_api
DRX954338	DRR976789	public	search_api
DRX954339	DRR976790	public	search_api
DRX954340	DRR976791	public	search_api
DRX954341	DRR976792	public	search_api
DRX954342	DRR976793	public	search_api
DRX954343	DRR976794	public	search_api
DRX954344	DRR976795	public	search_api
DRX954345	DRR976796	public	search_api
DRX954346	DRR976797	public	search_api
DRX954347	DRR976798	public	search_api
DRX954348	DRR976799	public	search_api
DRX954349	DRR976800	public	search_api
DRX954350	DRR976801	public	search_api
DRX954351	DRR976802	public	search_api
DRX954352	DRR976803	public	search_api
DRX954353	DRR976804	public	search_api
DRX954354	DRR976805	public	search_api
DRX954355	DRR976806	public	search_api
DRX954356	DRR976807	public	search_api
DRX954357	DRR976808	public	search_api
DRX954358	DRR976809	public	search_api
DRX954359	DRR976810	public	search_api
DRX954360	DRR976811	public	search_api
DRX954361	DRR976812	public	search_api
DRX954362	DRR976813	public	search_api
DRX954363	DRR976814	public	search_api
DRX954364	DRR976815	public	search_api
DRX954365	DRR976816	public	search_api
DRX954366	DRR976817	public	search_api
DRX954367	DRR976818	public	search_api
DRX954368	DRR976819	public	search_api
DRX954369	DRR976820	public	search_api
DRX954370	DRR976821	public	search_api
DRX954371	DRR976822	public	search_api
DRX954372	DRR976823	public	search_api
DRX954373	DRR976824	public	search_api
DRX954374	DRR976825	public	search_api
DRX954375	DRR976826	public	search_api
DRX954376	DRR976827	public	search_api
DRX954377	DRR976828	public	search_api
DRX954378	DRR976829	public	search_api
DRX954379	DRR976830	public	search_api
DRX954380	DRR976831	public	search_api
DRX954381	DRR976832	public	search_api
DRX954382	DRR976833	public	search_api
DRX954383	DRR976834	public	search_api
DRX954384	DRR976835	public	search_api
DRX954385	DRR976836	public	search_api
DRX954386	DRR976837	public	search_api
DRX954387	DRR976838	public	search_api
DRX954388	DRR976839	public	search_api
DRX954389	DRR976840	public	search_api
DRX954390	DRR976841	public	search_api
DRX954391	DRR976842	public	search_api
DRX954392	DRR976843	public	search_api
DRX954393	DRR976844	public	search_api
DRX954394	DRR976845	public	search_api
DRX954395	DRR976846	public	search_api
DRX954396	DRR976847	public	search_api
DRX954397	DRR976848	public	search_api
DRX954398	DRR976849	public	search_api
DRX954399	DRR976850	public	search_api
DRX954400	DRR976851	public	search_api
DRX954401	DRR976852	public	search_api
DRX954402	DRR976853	public	search_api
DRX954403	DRR976854	public	search_api
DRX954404	DRR976855	public	search_api
DRX954405	DRR976856	public	search_api
DRX954406	DRR976857	public	search_api
DRX954407	DRR976858	public	search_api
DRX954408	DRR976859	public	search_api
DRX954409	DRR976860	public	search_api
DRX954410	DRR976861	public	search_api
DRX954411	DRR976862	public	search_api
DRX954412	DRR976863	public	search_api
DRX954413	DRR976864	public	search_api
DRX954414	DRR976865	public	search_api
DRX954415	DRR976866	public	search_api
DRX954416	DRR976867	public	search_api
DRX954417	DRR976868	public	search_api
DRX954418	DRR976869	public	search_api
DRX954419	DRR976870	public	search_api
DRX954420	DRR976871	public	search_api
DRX954421	DRR976872	public	search_api
DRX954422	DRR976873	public	search_api
DRX954423	DRR976874	public	search_api
DRX954424	DRR976875	public	search_api
DRX954425	DRR976876	public	search_api
DRX954426	DRR976877	public	search_api
DRX954427	DRR976878	public	search_api
DRX954428	DRR976879	public	search_api
DRX954429	DRR976880	public	search_api
DRX954430	DRR976881	public	search_api
DRX954431	DRR976882	public	search_api
DRX954432	DRR976883	public	search_api
DRX954433	DRR976884	public	search_api
DRX954434	DRR976885	public	search_api
DRX954435	DRR976886	public	search_api
DRX954436	DRR976887	public	search_api
DRX954437	DRR976888	public	search_api
DRX954438	DRR976889	public	search_api
DRX954439	DRR976890	public	search_api
DRX954440	DRR976891	public	search_api
DRX954441	DRR976892	public	search_api
DRX954442	DRR976893	public	search_api
DRX954443	DRR976894	public	search_api
DRX954444	DRR976895	public	search_api
DRX954445	DRR976896	public	search_api
DRX954446	DRR976897	public	search_api
DRX954447	DRR976898	public	search_api
DRX954448	DRR976899	public	search_api
DRX954449	DRR976900	public	search_api
DRX954450	DRR976901	public	search_api
DRX954451	DRR976902	public	search_api
DRX954452	DRR976903	public	search_api
DRX954453	DRR976904	public	search_api
DRX954454	DRR976905	public	search_api
DRX954455	DRR976906	public	search_api
DRX954456	DRR976907	public	search_api
DRX954457	DRR976908	public	search_api
DRX954458	DRR976909	public	search_api
DRX954459	DRR976910	public	search_api
DRX954460	DRR976911	public	search_api
DRX954461	DRR976912	public	search_api
DRX954462	DRR976913	public	search_api
DRX954463	DRR976914	public	search_api
DRX954464	DRR976915	public	search_api
DRX954465	DRR976916	public	search_api
DRX954466	DRR976917	public	search_api
DRX954467	DRR976918	public	search_api
DRX954468	DRR976919	public	search_api
DRX954469	DRR976920	public	search_api
DRX954470	DRR976921	public	search_api
DRX954471	DRR976922	public	search_api
DRX954472	DRR976923	public	search_api
DRX954473	DRR976924	public	search_api
DRX954474	DRR976925	public	search_api
DRX954475	DRR976926	public	search_api
DRX954476	DRR976927	public	search_api
DRX954477	DRR976928	public	search_api
DRX954478	DRR976929	public	search_api
DRX954479	DRR976930	public	search_api
DRX954480	DRR976931	public	search_api
DRX954481	DRR976932	public	search_api
DRX954482	DRR976933	public	search_api
DRX954483	DRR976934	public	search_api
DRX954484	DRR976935	public	search_api
DRX954485	DRR976936	public	search_api
DRX954486	DRR976937	public	search_api
DRX954487	DRR976938	public	search_api
DRX954488	DRR976939	public	search_api
DRX954489	DRR976940	public	search_api
DRX954490	DRR976941	public	search_api
DRX954491	DRR976942	public	search_api
DRX954492	DRR976943	public	search_api
DRX954493	DRR976944	public	search_api
DRX954494	DRR976945	public	search_api
DRX954495	DRR976946	public	search_api
DRX954496	DRR976947	public	search_api
DRX954497	DRR976948	public	search_api
DRX954499	DRR976950	public	search_api
DRX954500	DRR976951	public	search_api
DRX954501	DRR976952	public	search_api
DRX954502	DRR976953	public	search_api
DRX954503	DRR976954	public	search_api
DRX954504	DRR976955	public	search_api
DRX954505	DRR976956	public	search_api
DRX954506	DRR976957	public	search_api
DRX954507	DRR976958	public	search_api
DRX954508	DRR976959	public	search_api
DRX954509	DRR976960	public	search_api
DRX954510	DRR976961	public	search_api
DRX954511	DRR976962	public	search_api
DRX954512	DRR976963	public	search_api
DRX954513	DRR976964	public	search_api
DRX954514	DRR976965	public	search_api
DRX954515	DRR976966	public	search_api
DRX954516	DRR976967	public	search_api
DRX954517	DRR976968	public	search_api
DRX954518	DRR976969	public	search_api
DRX954519	DRR976970	public	search_api
DRX954520	DRR976971	public	search_api
DRX954521	DRR976972	public	search_api
DRX954522	DRR976973	public	search_api
DRX954523	DRR976974	public	search_api
DRX954524	DRR976975	public	search_api
DRX954525	DRR976976	public	search_api
DRX954526	DRR976977	public	search_api
DRX954527	DRR976978	public	search_api
DRX954528	DRR976979	public	search_api
DRX954529	DRR976980	public	search_api
DRX954530	DRR976981	public	search_api
DRX954531	DRR976982	public	search_api
DRX954532	DRR976983	public	search_api
DRX954533	DRR976984	public	search_api
DRX954534	DRR976985	public	search_api
DRX954535	DRR976986	public	search_api
DRX954536	DRR976987	public	search_api
DRX954537	DRR976988	public	search_api
DRX954538	DRR976989	public	search_api
DRX954539	DRR976990	public	search_api
DRX954540	DRR976991	public	search_api
DRX954541	DRR976992	public	search_api
DRX954542	DRR976993	public	search_api
DRX954543	DRR976994	public	search_api
DRX954544	DRR976995	public	search_api
DRX954545	DRR976996	public	search_api
DRX954546	DRR976997	public	search_api
DRX954547	DRR976998	public	search_api
DRX954548	DRR976999	public	search_api
DRX954549	DRR977000	public	search_api
DRX954550	DRR977001	public	search_api
DRX954551	DRR977002	public	search_api
DRX954552	DRR977003	public	search_api
DRX954553	DRR977004	public	search_api
DRX954554	DRR977005	public	search_api
DRX954555	DRR977006	public	search_api
DRX954556	DRR977007	public	search_api
DRX954557	DRR977008	public	search_api
DRX954558	DRR977009	public	search_api
DRX954559	DRR977010	public	search_api
DRX954560	DRR977011	public	search_api
DRX954561	DRR977012	public	search_api
DRX954562	DRR977013	public	search_api
DRX954563	DRR977014	public	search_api
DRX954564	DRR977015	public	search_api
DRX954565	DRR977016	public	search_api
DRX954566	DRR977017	public	search_api
DRX954567	DRR977018	public	search_api
DRX954568	DRR977019	public	search_api
DRX954569	DRR977020	public	search_api
DRX954570	DRR977021	public	search_api
DRX954572	DRR977023	public	search_api
DRX954573	DRR977024	public	search_api
DRX954574	DRR977025	public	search_api
DRX954575	DRR977026	public	search_api
DRX954576	DRR977027	public	search_api
DRX954577	DRR977028	public	search_api
DRX954578	DRR977029	public	search_api
DRX954579	DRR977030	public	search_api
DRX954580	DRR977031	public	search_api
DRX954581	DRR977032	public	search_api
DRX954582	DRR977033	public	search_api
DRX954583	DRR977034	public	search_api
DRX954584	DRR977035	public	search_api
DRX954585	DRR977036	public	search_api
DRX954586	DRR977037	public	search_api
DRX954587	DRR977038	public	search_api
DRX954588	DRR977039	public	search_api
DRX954589	DRR977040	public	search_api
DRX954590	DRR977041	public	search_api
DRX954591	DRR977042	public	search_api
DRX954592	DRR977043	public	search_api
DRX954593	DRR977044	public	search_api
DRX954594	DRR977045	public	search_api
DRX954595	DRR977046	public	search_api
DRX954596	DRR977047	public	search_api
DRX954597	DRR977048	public	search_api
DRX954598	DRR977049	public	search_api
DRX954599	DRR977050	public	search_api
DRX954600	DRR977051	public	search_api
DRX954601	DRR977052	public	search_api
DRX954602	DRR977053	public	search_api
DRX954603	DRR977054	public	search_api
DRX954604	DRR977055	public	search_api
DRX954605	DRR977056	public	search_api
DRX954606	DRR977057	public	search_api
DRX954607	DRR977058	public	search_api
DRX954608	DRR977059	public	search_api
DRX954609	DRR977060	public	search_api
DRX954610	DRR977061	public	search_api
DRX954611	DRR977062	public	search_api
DRX954612	DRR977063	public	search_api
DRX954613	DRR977064	public	search_api
DRX954614	DRR977065	public	search_api
DRX954615	DRR977066	public	search_api
DRX954616	DRR977067	public	search_api
DRX954617	DRR977068	public	search_api
DRX954618	DRR977069	public	search_api
DRX954619	DRR977070	public	search_api
DRX954620	DRR977071	public	search_api
DRX954621	DRR977072	public	search_api
DRX954622	DRR977073	public	search_api
DRX954623	DRR977074	public	search_api
DRX954624	DRR977075	public	search_api
DRX954625	DRR977076	public	search_api
DRX954626	DRR977077	public	search_api
DRX954627	DRR977078	public	search_api
DRX954628	DRR977079	public	search_api
DRX954629	DRR977080	public	search_api
DRX954630	DRR977081	public	search_api
DRX954631	DRR977082	public	search_api
DRX954632	DRR977083	public	search_api
DRX954633	DRR977084	public	search_api
DRX954634	DRR977085	public	search_api
DRX954635	DRR977086	public	search_api
DRX954636	DRR977087	public	search_api
DRX954637	DRR977088	public	search_api
DRX954638	DRR977089	public	search_api
DRX954639	DRR977090	public	search_api
DRX954640	DRR977091	public	search_api
DRX954641	DRR977092	public	search_api
DRX954642	DRR977093	public	search_api
DRX954643	DRR977094	public	search_api
DRX954644	DRR977095	public	search_api
DRX954645	DRR977096	public	search_api
DRX954646	DRR977097	public	search_api
DRX954647	DRR977098	public	search_api
DRX954648	DRR977099	public	search_api
DRX954649	DRR977100	public	search_api
DRX954650	DRR977101	public	search_api
DRX954651	DRR977102	public	search_api
DRX954652	DRR977103	public	search_api
DRX954653	DRR977104	public	search_api
DRX954654	DRR977105	public	search_api
DRX954655	DRR977106	public	search_api
DRX954656	DRR977107	public	search_api
DRX954657	DRR977108	public	search_api
DRX954658	DRR977109	public	search_api
DRX954659	DRR977110	public	search_api
DRX954660	DRR977111	public	search_api
DRX954661	DRR977112	public	search_api
DRX954662	DRR977113	public	search_api
DRX954663	DRR977114	public	search_api
DRX954664	DRR977115	public	search_api
DRX954665	DRR977116	public	search_api
DRX954666	DRR977117	public	search_api
DRX954667	DRR977118	public	search_api
DRX954668	DRR977119	public	search_api
DRX954669	DRR977120	public	search_api
DRX954671	DRR977122	public	search_api
DRX954672	DRR977123	public	search_api
DRX954673	DRR977124	public	search_api
DRX954674	DRR977125	public	search_api
DRX954675	DRR977126	public	search_api
DRX954676	DRR977127	public	search_api
DRX954677	DRR977128	public	search_api
DRX954678	DRR977129	public	search_api
DRX954679	DRR977130	public	search_api
DRX954680	DRR977131	public	search_api
DRX954681	DRR977132	public	search_api
DRX954682	DRR977133	public	search_api
DRX954683	DRR977134	public	search_api
DRX954684	DRR977135	public	search_api
DRX954685	DRR977136	public	search_api
DRX954686	DRR977137	public	search_api
DRX954687	DRR977138	public	search_api
DRX954688	DRR977139	public	search_api
DRX954689	DRR977140	public	search_api
DRX954690	DRR977141	public	search_api
DRX954691	DRR977142	public	search_api
DRX954692	DRR977143	public	search_api
DRX954693	DRR977144	public	search_api
DRX954694	DRR977145	public	search_api
DRX954695	DRR977146	public	search_api
DRX954696	DRR977147	public	search_api
DRX954697	DRR977148	public	search_api
DRX954698	DRR977149	public	search_api
DRX954699	DRR977150	public	search_api
DRX954700	DRR977151	public	search_api
DRX954701	DRR977152	public	search_api
DRX954702	DRR977153	public	search_api
DRX954703	DRR977154	public	search_api
DRX954704	DRR977155	public	search_api
DRX954705	DRR977156	public	search_api
DRX954706	DRR977157	public	search_api
DRX954707	DRR977158	public	search_api
DRX954708	DRR977159	public	search_api
DRX954709	DRR977160	public	search_api
DRX954710	DRR977161	public	search_api
DRX954711	DRR977162	public	search_api
DRX954712	DRR977163	public	search_api
DRX954713	DRR977164	public	search_api
DRX954714	DRR977165	public	search_api
DRX954715	DRR977166	public	search_api
DRX954716	DRR977167	public	search_api
DRX954717	DRR977168	public	search_api
DRX954718	DRR977169	public	search_api
DRX954719	DRR977170	public	search_api
DRX954720	DRR977171	public	search_api
DRX954721	DRR977172	public	search_api
DRX954722	DRR977173	public	search_api
DRX954723	DRR977174	public	search_api
DRX954724	DRR977175	public	search_api
DRX954725	DRR977176	public	search_api
DRX954726	DRR977177	public	search_api
DRX954727	DRR977178	public	search_api
DRX954728	DRR977179	public	search_api
DRX954729	DRR977180	public	search_api
DRX954730	DRR977181	public	search_api
DRX954731	DRR977182	public	search_api
DRX954732	DRR977183	public	search_api
DRX954733	DRR977184	public	search_api
DRX954734	DRR977185	public	search_api
DRX954735	DRR977186	public	search_api
DRX954736	DRR977187	public	search_api
DRX954737	DRR977188	public	search_api
DRX954738	DRR977189	public	search_api
DRX954739	DRR977190	public	search_api
DRX954740	DRR977191	public	search_api
DRX954741	DRR977192	public	search_api
DRX954742	DRR977193	public	search_api
DRX954743	DRR977194	public	search_api
DRX954744	DRR977195	public	search_api
DRX954745	DRR977196	public	search_api
DRX954746	DRR977197	public	search_api
DRX954747	DRR977198	public	search_api
DRX954748	DRR977199	public	search_api
DRX954749	DRR977200	public	search_api
DRX954750	DRR977201	public	search_api
DRX954751	DRR977202	public	search_api
DRX954752	DRR977203	public	search_api
DRX954753	DRR977204	public	search_api
DRX954754	DRR977205	public	search_api
DRX954755	DRR977206	public	search_api
DRX954756	DRR977207	public	search_api
DRX954757	DRR977208	public	search_api
DRX954758	DRR977209	public	search_api
DRX954759	DRR977210	public	search_api
DRX954760	DRR977211	public	search_api
DRX954761	DRR977212	public	search_api
DRX954762	DRR977213	public	search_api
DRX954763	DRR977214	public	search_api
DRX954764	DRR977215	public	search_api
DRX954765	DRR977216	public	search_api
DRX954766	DRR977217	public	search_api
DRX954767	DRR977218	public	search_api
DRX954768	DRR977219	public	search_api
DRX954769	DRR977220	public	search_api
DRX954771	DRR977222	public	search_api
DRX954772	DRR977223	public	search_api
DRX954773	DRR977224	public	search_api
DRX954774	DRR977225	public	search_api
DRX954775	DRR977226	public	search_api
DRX954776	DRR977227	public	search_api
DRX954777	DRR977228	public	search_api
DRX954778	DRR977229	public	search_api
DRX954779	DRR977230	public	search_api
DRX954780	DRR977231	public	search_api
DRX954781	DRR977232	public	search_api
DRX954782	DRR977233	public	search_api
DRX954783	DRR977234	public	search_api
DRX954784	DRR977235	public	search_api
DRX954785	DRR977236	public	search_api
DRX954786	DRR977237	public	search_api
DRX954787	DRR977238	public	search_api
DRX954788	DRR977239	public	search_api
DRX954789	DRR977240	public	search_api
DRX954790	DRR977241	public	search_api
DRX954791	DRR977242	public	search_api
DRX954792	DRR977243	public	search_api
DRX954793	DRR977244	public	search_api
DRX954794	DRR977245	public	search_api
DRX954795	DRR977246	public	search_api
DRX954796	DRR977247	public	search_api
DRX954797	DRR977248	public	search_api
DRX954798	DRR977249	public	search_api
DRX954799	DRR977250	public	search_api
DRX954800	DRR977251	public	search_api
DRX954801	DRR977252	public	search_api
DRX954802	DRR977253	public	search_api
DRX954803	DRR977254	public	search_api
DRX954804	DRR977255	public	search_api
DRX954805	DRR977256	public	search_api
DRX954806	DRR977257	public	search_api
DRX954807	DRR977258	public	search_api
DRX954808	DRR977259	public	search_api
DRX954809	DRR977260	public	search_api
DRX954810	DRR977261	public	search_api
DRX954811	DRR977262	public	search_api
DRX954812	DRR977263	public	search_api
DRX954813	DRR977264	public	search_api
DRX954814	DRR977265	public	search_api
DRX954815	DRR977266	public	search_api
DRX954816	DRR977267	public	search_api
DRX954817	DRR977268	public	search_api
DRX954818	DRR977269	public	search_api
DRX954819	DRR977270	public	search_api
DRX954820	DRR977271	public	search_api
DRX954821	DRR977272	public	search_api
DRX954822	DRR977273	public	search_api
DRX954823	DRR977274	public	search_api
DRX954824	DRR977275	public	search_api
DRX954825	DRR977276	public	search_api
DRX954827	DRR977278	public	search_api
DRX954828	DRR977279	public	search_api
DRX954829	DRR977280	public	search_api
DRX954831	DRR977282	public	search_api
DRX954832	DRR977283	public	search_api
DRX954833	DRR977284	public	search_api
DRX954834	DRR977285	public	search_api
DRX954835	DRR977286	public	search_api
DRX954836	DRR977287	public	search_api
DRX954837	DRR977288	public	search_api
DRX954839	DRR977290	public	search_api
DRX954840	DRR977291	public	search_api
DRX954841	DRR977292	public	search_api
DRX954842	DRR977293	public	search_api
DRX954843	DRR977294	public	search_api
DRX954844	DRR977295	public	search_api
DRX954845	DRR977296	public	search_api
DRX954846	DRR977297	public	search_api
DRX954847	DRR977298	public	search_api
DRX954849	DRR977300	public	search_api
DRX954850	DRR977301	public	search_api
DRX954851	DRR977302	public	search_api
DRX954852	DRR977303	public	search_api
DRX954853	DRR977304	public	search_api
DRX954854	DRR977305	public	search_api
DRX954855	DRR977306	public	search_api
DRX954856	DRR977307	public	search_api
DRX954857	DRR977308	public	search_api
DRX954858	DRR977309	public	search_api
DRX954859	DRR977310	public	search_api
DRX954860	DRR977311	public	search_api
DRX954861	DRR977312	public	search_api
DRX954862	DRR977313	public	search_api
DRX954863	DRR977314	public	search_api
DRX954864	DRR977315	public	search_api
DRX954866	DRR977317	public	search_api
DRX954867	DRR977318	public	search_api
DRX954868	DRR977319	public	search_api
DRX954869	DRR977320	public	search_api
DRX954870	DRR977321	public	search_api
DRX954871	DRR977322	public	search_api
DRX954872	DRR977323	public	search_api
DRX954873	DRR977324	public	search_api
DRX954874	DRR977325	public	search_api
DRX954875	DRR977326	public	search_api
DRX954876	DRR977327	public	search_api
DRX954877	DRR977328	public	search_api
DRX954884	DRR977335	public	search_api
DRX954885	DRR977336	public	search_api
DRX954886	DRR977337	public	search_api
DRX954887	DRR977338	public	search_api
DRX954888	DRR977339	public	search_api
DRX954889	DRR977340	public	search_api
DRX954890	DRR977341	public	search_api
DRX954891	DRR977342	public	search_api
DRX954892	DRR977343	public	search_api
DRX954893	DRR977344	public	search_api
DRX954894	DRR977345	public	search_api
DRX954895	DRR977346	public	search_api
DRX954896	DRR977347	public	search_api
DRX954897	DRR977348	public	search_api
DRX954898	DRR977349	public	search_api
DRX954899	DRR977350	public	search_api
DRX954900	DRR977351	public	search_api
DRX954901	DRR977352	public	search_api
DRX954902	DRR977353	public	search_api
DRX954903	DRR977354	public	search_api
DRX954904	DRR977355	public	search_api
DRX954905	DRR977356	public	search_api
DRX954906	DRR977357	public	search_api
DRX954907	DRR977358	public	search_api
DRX954908	DRR977359	public	search_api
DRX954909	DRR977360	public	search_api
DRX954916	DRR977367	public	search_api
DRX954917	DRR977368	public	search_api
DRX954918	DRR977369	public	search_api
DRX954919	DRR977370	public	search_api
DRX954920	DRR977371	public	search_api
DRX954921	DRR977372	public	search_api
DRX954922	DRR977373	public	search_api
DRX954923	DRR977374	public	search_api
DRX954924	DRR977375	public	search_api
DRX954925	DRR977376	public	search_api
DRX954926	DRR977377	public	search_api
DRX954927	DRR977378	public	search_api
DRX954928	DRR977379	public	search_api
DRX954929	DRR977380	public	search_api
DRX954930	DRR977381	public	search_api
DRX954931	DRR977382	public	search_api
DRX954932	DRR977383	public	search_api
DRX954933	DRR977384	public	search_api
DRX954934	DRR977385	public	search_api
DRX954935	DRR977386	public	search_api
DRX954936	DRR977387	public	search_api
DRX954937	DRR977388	public	search_api
DRX954938	DRR977389	public	search_api
DRX954939	DRR977390	public	search_api
DRX954940	DRR977391	public	search_api
DRX954941	DRR977392	public	search_api
DRX954942	DRR977393	public	search_api
DRX954943	DRR977394	public	search_api
DRX954944	DRR977395	public	search_api
DRX954945	DRR977396	public	search_api
DRX954946	DRR977397	public	search_api
DRX954947	DRR977398	public	search_api
DRX954948	DRR977399	public	search_api
DRX954949	DRR977400	public	search_api
DRX954950	DRR977401	public	search_api
DRX954951	DRR977402	public	search_api
DRX954952	DRR977403	public	search_api
DRX954953	DRR977404	public	search_api
DRX954954	DRR977405	public	search_api
DRX954955	DRR977406	public	search_api
DRX954956	DRR977407	public	search_api
DRX954957	DRR977408	public	search_api
DRX954958	DRR977409	public	search_api
DRX954959	DRR977410	public	search_api
DRX954960	DRR977411	public	search_api
DRX954961	DRR977412	public	search_api
DRX954962	DRR977413	public	search_api
DRX954963	DRR977414	public	search_api
DRX954964	DRR977415	public	search_api
DRX954965	DRR977416	public	search_api
DRX954966	DRR977417	public	search_api
DRX954967	DRR977418	public	search_api
DRX954968	DRR977419	public	search_api
DRX954969	DRR977420	public	search_api
DRX954970	DRR977421	public	search_api
DRX954971	DRR977422	public	search_api
DRX954972	DRR977423	public	search_api
DRX954973	DRR977424	public	search_api
DRX954974	DRR977425	public	search_api
DRX954975	DRR977426	public	search_api
DRX954976	DRR977427	public	search_api
DRX954977	DRR977428	public	search_api
DRX954978	DRR977429	public	search_api
DRX954979	DRR977430	public	search_api
DRX954981	DRR977432	public	search_api
DRX954982	DRR977433	public	search_api
DRX954983	DRR977434	public	search_api
DRX954984	DRR977435	public	search_api
DRX954985	DRR977436	public	search_api
DRX954986	DRR977437	public	search_api
DRX954987	DRR977438	public	search_api
DRX954988	DRR977439	public	search_api
DRX954989	DRR977440	public	search_api
DRX954990	DRR977441	public	search_api
DRX954991	DRR977442	public	search_api
DRX954992	DRR977443	public	search_api
DRX954993	DRR977444	public	search_api
DRX954994	DRR977445	public	search_api
DRX954995	DRR977446	public	search_api
DRX954996	DRR977447	public	search_api
DRX954997	DRR977448	public	search_api
DRX954998	DRR977449	public	search_api
DRX954999	DRR977450	public	search_api
DRX955016	DRR977467	public	search_api
DRX955017	DRR977468	public	search_api
DRX955018	DRR977469	public	search_api
DRX955019	DRR977470	public	search_api
DRX955020	DRR977471	public	search_api
DRX955021	DRR977472	public	search_api
DRX955022	DRR977473	public	search_api
DRX955023	DRR977474	public	search_api
DRX955024	DRR977475	public	search_api
DRX955025	DRR977476	public	search_api
DRX955026	DRR977477	public	search_api
DRX955049	DRR977500	public	search_api
DRX955050	DRR977501	public	search_api
DRX955051	DRR977502	public	search_api
DRX955052	DRR977503	public	search_api
DRX955053	DRR977504	public	search_api
DRX955054	DRR977505	public	search_api
DRX955055	DRR977506	public	search_api
DRX955056	DRR977507	public	search_api
DRX955057	DRR977508	public	search_api
DRX955058	DRR977509	public	search_api
DRX955059	DRR977510	public	search_api
DRX955060	DRR977511	public	search_api
DRX955061	DRR977512	public	search_api
DRX955062	DRR977513	public	search_api
DRX955063	DRR977514	public	search_api
DRX955065	DRR977516	public	search_api
DRX955066	DRR977517	public	search_api
DRX955067	DRR977518	public	search_api
DRX955068	DRR977519	public	search_api
DRX955069	DRR977520	public	search_api
DRX955070	DRR977521	public	search_api
DRX955071	DRR977522	public	search_api
DRX955072	DRR977523	public	search_api
DRX955073	DRR977524	public	search_api
DRX955074	DRR977525	public	search_api
DRX955075	DRR977526	public	search_api
DRX955076	DRR977527	public	search_api
DRX955077	DRR977528	public	search_api
DRX955078	DRR977529	public	search_api
DRX955079	DRR977530	public	search_api
DRX955080	DRR977531	public	search_api
DRX955081	DRR977532	public	search_api
DRX955082	DRR977533	public	search_api
DRX955083	DRR977534	public	search_api
DRX955084	DRR977535	public	search_api
DRX955085	DRR977536	public	search_api
DRX955086	DRR977537	public	search_api
DRX955087	DRR977538	public	search_api
DRX955088	DRR977539	public	search_api
DRX955089	DRR977540	public	search_api
DRX955091	DRR977542	public	search_api
DRX955092	DRR977543	public	search_api
DRX955093	DRR977544	public	search_api
DRX955094	DRR977545	public	search_api
DRX955096	DRR977547	public	search_api
DRX955097	DRR977548	public	search_api
DRX955098	DRR977549	public	search_api
DRX955099	DRR977550	public	search_api
DRX955100	DRR977551	public	search_api
DRX955101	DRR977552	public	search_api
DRX955102	DRR977553	public	search_api
DRX955104	DRR977555	public	search_api
DRX955105	DRR977556	public	search_api
DRX955107	DRR977558	public	search_api
DRX955118	DRR977569	public	search_api
DRX955119	DRR977570	public	search_api
DRX955120	DRR977571	public	search_api
DRX955121	DRR977572	public	search_api
DRX955122	DRR977573	public	search_api
DRX955123	DRR977574	public	search_api
DRX955124	DRR977575	public	search_api
DRX955125	DRR977576	public	search_api
DRX955126	DRR977577	public	search_api
DRX955127	DRR977578	public	search_api
DRX955128	DRR977579	public	search_api
DRX955129	DRR977580	public	search_api
DRX955130	DRR977581	public	search_api
DRX955131	DRR977582	public	search_api
DRX955132	DRR977583	public	search_api
DRX955133	DRR977584	public	search_api
DRX955134	DRR977585	public	search_api
DRX955135	DRR977586	public	search_api
DRX955136	DRR977587	public	search_api
DRX955137	DRR977588	public	search_api
DRX955138	DRR977589	public	search_api
DRX955139	DRR977590	public	search_api
DRX955140	DRR977591	public	search_api
DRX955141	DRR977592	public	search_api
DRX955142	DRR977593	public	search_api
DRX955143	DRR977594	public	search_api
DRX955144	DRR977595	public	search_api
DRX955145	DRR977596	public	search_api
DRX955146	DRR977597	public	search_api
DRX955147	DRR977598	public	search_api
DRX955148	DRR977599	public	search_api
DRX955149	DRR977600	public	search_api
DRX955150	DRR977601	public	search_api
DRX955151	DRR977602	public	search_api
DRX955152	DRR977603	public	search_api
DRX955153	DRR977604	public	search_api
DRX955154	DRR977605	public	search_api
DRX955155	DRR977606	public	search_api
DRX955156	DRR977607	public	search_api
DRX955157	DRR977608	public	search_api
DRX955158	DRR977609	public	search_api
DRX955159	DRR977610	public	search_api
DRX955160	DRR977611	public	search_api
DRX955161	DRR977612	public	search_api
DRX955162	DRR977613	public	search_api
DRX955163	DRR977614	public	search_api
DRX955164	DRR977615	public	search_api
DRX955165	DRR977616	public	search_api
DRX955166	DRR977617	public	search_api
DRX955167	DRR977618	public	search_api
DRX955168	DRR977619	public	search_api
DRX955169	DRR977620	public	search_api
DRX955170	DRR977621	public	search_api
DRX955171	DRR977622	public	search_api
DRX955172	DRR977623	public	search_api
DRX955173	DRR977624	public	search_api
DRX955175	DRR977626	public	search_api
DRX955176	DRR977627	public	search_api
DRX955178	DRR977629	public	search_api
DRX955179	DRR977630	public	search_api
DRX955180	DRR977631	public	search_api
DRX955181	DRR977632	public	search_api
DRX955182	DRR977633	public	search_api
DRX955183	DRR977634	public	search_api
DRX955184	DRR977635	public	search_api
DRX955185	DRR977636	public	search_api
DRX955186	DRR977637	public	search_api
DRX955187	DRR977638	public	search_api
DRX955188	DRR977639	public	search_api
DRX955189	DRR977640	public	search_api
DRX955190	DRR977641	public	search_api
DRX955191	DRR977642	public	search_api
DRX955192	DRR977643	public	search_api
DRX955193	DRR977644	public	search_api
DRX955194	DRR977645	public	search_api
DRX955195	DRR977646	public	search_api
DRX955197	DRR977648	public	search_api
DRX955198	DRR977649	public	search_api
DRX955199	DRR977650	public	search_api
DRX955200	DRR977651	public	search_api
DRX955201	DRR977652	public	search_api
DRX955202	DRR977653	public	search_api
DRX955203	DRR977654	public	search_api
DRX955204	DRR977655	public	search_api
DRX955205	DRR977656	public	search_api
DRX955206	DRR977657	public	search_api
DRX955207	DRR977658	public	search_api
DRX955208	DRR977659	public	search_api
DRX955209	DRR977660	public	search_api
DRX955210	DRR977661	public	search_api
DRX955211	DRR977662	public	search_api
DRX955212	DRR977663	public	search_api
DRX955213	DRR977664	public	search_api
DRX955214	DRR977665	public	search_api
DRX955215	DRR977666	public	search_api
DRX955216	DRR977667	public	search_api
DRX955217	DRR977668	public	search_api
DRX955218	DRR977669	public	search_api
DRX955219	DRR977670	public	search_api
DRX955220	DRR977671	public	search_api
DRX955221	DRR977672	public	search_api
DRX955222	DRR977673	public	search_api
DRX955223	DRR977674	public	search_api
DRX955224	DRR977675	public	search_api
DRX955225	DRR977676	public	search_api
DRX955226	DRR977677	public	search_api
DRX955227	DRR977678	public	search_api
DRX955228	DRR977679	public	search_api
DRX955229	DRR977680	public	search_api
DRX955230	DRR977681	public	search_api
DRX955232	DRR977683	public	search_api
DRX955233	DRR977684	public	search_api
DRX955234	DRR977685	public	search_api
DRX955235	DRR977686	public	search_api
DRX955236	DRR977687	public	search_api
DRX955237	DRR977688	public	search_api
DRX955238	DRR977689	public	search_api
DRX955239	DRR977690	public	search_api
DRX955240	DRR977691	public	search_api
DRX955241	DRR977692	public	search_api
DRX955242	DRR977693	public	search_api
DRX955243	DRR977694	public	search_api
DRX955244	DRR977695	public	search_api
DRX955245	DRR977696	public	search_api
DRX955246	DRR977697	public	search_api
DRX955247	DRR977698	public	search_api
DRX955248	DRR977699	public	search_api
DRX955249	DRR977700	public	search_api
DRX955250	DRR977701	public	search_api
DRX955251	DRR977702	public	search_api
DRX955252	DRR977703	public	search_api
DRX955253	DRR977704	public	search_api
DRX955254	DRR977705	public	search_api
DRX955255	DRR977706	public	search_api
DRX955256	DRR977707	public	search_api
DRX955257	DRR977708	public	search_api
DRX955258	DRR977709	public	search_api
DRX955259	DRR977710	public	search_api
DRX955260	DRR977711	public	search_api
DRX955261	DRR977712	public	search_api
DRX955262	DRR977713	public	search_api
DRX955263	DRR977714	public	search_api
DRX955264	DRR977715	public	search_api
DRX955265	DRR977716	public	search_api
DRX955266	DRR977717	public	search_api
DRX955267	DRR977718	public	search_api
DRX955268	DRR977719	public	search_api
DRX955269	DRR977720	public	search_api
DRX955270	DRR977721	public	search_api
DRX955271	DRR977722	public	search_api
DRX955272	DRR977723	public	search_api
DRX955273	DRR977724	public	search_api
DRX955274	DRR977725	public	search_api
DRX955275	DRR977726	public	search_api
DRX955276	DRR977727	public	search_api
DRX955277	DRR977728	public	search_api
DRX955278	DRR977729	public	search_api
DRX955279	DRR977730	public	search_api
DRX955280	DRR977731	public	search_api
DRX955281	DRR977732	public	search_api
DRX955282	DRR977733	public	search_api
DRX955283	DRR977734	public	search_api
DRX955284	DRR977735	public	search_api
DRX955285	DRR977736	public	search_api
DRX955286	DRR977737	public	search_api
DRX955287	DRR977738	public	search_api
DRX955288	DRR977739	public	search_api
DRX955289	DRR977740	public	search_api
DRX955290	DRR977741	public	search_api
DRX955291	DRR977742	public	search_api
DRX955292	DRR977743	public	search_api
DRX955293	DRR977744	public	search_api
DRX955294	DRR977745	public	search_api
DRX955295	DRR977746	public	search_api
DRX955296	DRR977747	public	search_api
DRX955297	DRR977748	public	search_api
DRX955299	DRR977750	public	search_api
DRX955300	DRR977751	public	search_api
DRX955301	DRR977752	public	search_api
DRX955302	DRR977753	public	search_api
DRX955303	DRR977754	public	search_api
DRX955304	DRR977755	public	search_api
DRX955305	DRR977756	public	search_api
DRX955306	DRR977757	public	search_api
DRX955307	DRR977758	public	search_api
DRX955308	DRR977759	public	search_api
DRX955309	DRR977760	public	search_api
DRX955310	DRR977761	public	search_api
DRX955311	DRR977762	public	search_api
DRX955312	DRR977763	public	search_api
DRX955313	DRR977764	public	search_api
DRX955314	DRR977765	public	search_api
DRX955315	DRR977766	public	search_api
DRX955316	DRR977767	public	search_api
DRX955317	DRR977768	public	search_api
DRX955318	DRR977769	public	search_api
DRX955319	DRR977770	public	search_api
DRX955320	DRR977771	public	search_api
DRX955321	DRR977772	public	search_api
DRX955322	DRR977773	public	search_api
DRX955323	DRR977774	public	search_api
DRX955324	DRR977775	public	search_api
DRX955325	DRR977776	public	search_api
DRX955326	DRR977777	public	search_api
DRX955327	DRR977778	public	search_api
DRX955328	DRR977779	public	search_api
DRX955329	DRR977780	public	search_api
DRX955331	DRR977782	public	search_api
DRX955332	DRR977783	public	search_api
DRX955333	DRR977784	public	search_api
DRX955334	DRR977785	public	search_api
DRX955335	DRR977786	public	search_api
DRX955336	DRR977787	public	search_api
DRX955337	DRR977788	public	search_api
DRX955338	DRR977789	public	search_api
DRX955339	DRR977790	public	search_api
DRX955340	DRR977791	public	search_api
DRX955341	DRR977792	public	search_api
DRX955342	DRR977793	public	search_api
DRX955343	DRR977794	public	search_api
DRX955344	DRR977795	public	search_api
DRX955345	DRR977796	public	search_api
DRX955346	DRR977797	public	search_api
DRX955347	DRR977798	public	search_api
DRX955348	DRR977799	public	search_api
DRX955349	DRR977800	public	search_api
DRX955350	DRR977801	public	search_api
DRX955351	DRR977802	public	search_api
DRX955352	DRR977803	public	search_api
DRX955353	DRR977804	public	search_api
DRX955354	DRR977805	public	search_api
DRX955355	DRR977806	public	search_api
DRX955356	DRR977807	public	search_api
DRX955357	DRR977808	public	search_api
DRX955358	DRR977809	public	search_api
DRX955359	DRR977810	public	search_api
DRX955360	DRR977811	public	search_api
DRX955361	DRR977812	public	search_api
DRX955362	DRR977813	public	search_api
DRX955363	DRR977814	public	search_api
DRX955364	DRR977815	public	search_api
DRX955365	DRR977816	public	search_api
DRX955366	DRR977817	public	search_api
DRX955367	DRR977818	public	search_api
DRX955369	DRR977820	public	search_api
DRX955370	DRR977821	public	search_api
DRX955371	DRR977822	public	search_api
DRX955372	DRR977823	public	search_api
DRX955373	DRR977824	public	search_api
DRX955374	DRR977825	public	search_api
DRX955375	DRR977826	public	search_api
DRX955376	DRR977827	public	search_api
DRX955377	DRR977828	public	search_api
DRX955378	DRR977829	public	search_api
DRX955379	DRR977830	public	search_api
DRX955380	DRR977831	public	search_api
DRX955381	DRR977832	public	search_api
DRX955382	DRR977833	public	search_api
DRX955383	DRR977834	public	search_api
DRX955384	DRR977835	public	search_api
DRX955385	DRR977836	public	search_api
DRX955386	DRR977837	public	search_api
DRX955387	DRR977838	public	search_api
DRX955388	DRR977839	public	search_api
DRX955389	DRR977840	public	search_api
DRX955390	DRR977841	public	search_api
DRX955391	DRR977842	public	search_api
DRX955392	DRR977843	public	search_api
DRX955394	DRR977845	public	search_api
DRX955396	DRR977847	public	search_api
DRX955397	DRR977848	public	search_api
DRX955398	DRR977849	public	search_api
DRX955399	DRR977850	public	search_api
DRX955400	DRR977851	public	search_api
DRX955401	DRR977852	public	search_api
DRX955402	DRR977853	public	search_api
DRX955403	DRR977854	public	search_api
DRX955404	DRR977855	public	search_api
DRX955405	DRR977856	public	search_api
DRX955406	DRR977857	public	search_api
DRX955407	DRR977858	public	search_api
DRX955408	DRR977859	public	search_api
DRX955409	DRR977860	public	search_api
DRX955410	DRR977861	public	search_api
DRX955411	DRR977862	public	search_api
DRX955412	DRR977863	public	search_api
DRX955413	DRR977864	public	search_api
DRX955414	DRR977865	public	search_api
DRX955415	DRR977866	public	search_api
DRX955416	DRR977867	public	search_api
DRX955417	DRR977868	public	search_api
DRX955418	DRR977869	public	search_api
DRX955419	DRR977870	public	search_api
DRX955420	DRR977871	public	search_api
DRX955421	DRR977872	public	search_api
DRX955422	DRR977873	public	search_api
DRX955423	DRR977874	public	search_api
DRX955424	DRR977875	public	search_api
DRX955425	DRR977876	public	search_api
DRX955426	DRR977877	public	search_api
DRX955427	DRR977878	public	search_api
DRX955428	DRR977879	public	search_api
DRX955429	DRR977880	public	search_api
DRX955430	DRR977881	public	search_api
DRX955431	DRR977882	public	search_api
DRX955432	DRR977883	public	search_api
DRX955433	DRR977884	public	search_api
DRX955434	DRR977885	public	search_api
DRX955435	DRR977886	public	search_api
DRX955436	DRR977887	public	search_api
DRX955437	DRR977888	public	search_api
DRX955438	DRR977889	public	search_api
DRX955439	DRR977890	public	search_api
DRX955440	DRR977891	public	search_api
DRX955442	DRR977893	public	search_api
DRX955443	DRR977894	public	search_api
DRX955444	DRR977895	public	search_api
DRX955445	DRR977896	public	search_api
DRX955447	DRR977898	public	search_api
DRX955448	DRR977899	public	search_api
DRX955449	DRR977900	public	search_api
DRX955450	DRR977901	public	search_api
DRX955451	DRR977902	public	search_api
DRX955452	DRR977903	public	search_api
DRX955453	DRR977904	public	search_api
DRX955454	DRR977905	public	search_api
DRX955455	DRR977906	public	search_api
DRX955456	DRR977907	public	search_api
DRX955457	DRR977908	public	search_api
DRX955458	DRR977909	public	search_api
DRX955459	DRR977910	public	search_api
DRX955460	DRR977911	public	search_api
DRX955461	DRR977912	public	search_api
DRX955462	DRR977913	public	search_api
DRX955463	DRR977914	public	search_api
DRX955464	DRR977915	public	search_api
DRX955465	DRR977916	public	search_api
DRX955466	DRR977917	public	search_api
DRX955467	DRR977918	public	search_api
DRX955468	DRR977919	public	search_api
DRX955469	DRR977920	public	search_api
DRX955470	DRR977921	public	search_api
DRX955471	DRR977922	public	search_api
DRX955472	DRR977923	public	search_api
DRX955473	DRR977924	public	search_api
DRX955474	DRR977925	public	search_api
DRX955475	DRR977926	public	search_api
DRX955476	DRR977927	public	search_api
DRX955477	DRR977928	public	search_api
DRX955478	DRR977929	public	search_api
DRX955479	DRR977930	public	search_api
DRX955480	DRR977931	public	search_api
DRX955481	DRR977932	public	search_api
DRX955482	DRR977933	public	search_api
DRX955484	DRR977935	public	search_api
DRX955485	DRR977936	public	search_api
DRX955486	DRR977937	public	search_api
DRX955487	DRR977938	public	search_api
DRX955488	DRR977939	public	search_api
DRX955489	DRR977940	public	search_api
DRX955490	DRR977941	public	search_api
DRX955491	DRR977942	public	search_api
DRX955492	DRR977943	public	search_api
DRX955493	DRR977944	public	search_api
DRX955494	DRR977945	public	search_api
DRX955495	DRR977946	public	search_api
DRX955496	DRR977947	public	search_api
DRX955497	DRR977948	public	search_api
DRX955498	DRR977949	public	search_api
DRX955499	DRR977950	public	search_api
DRX955500	DRR977951	public	search_api
DRX955501	DRR977952	public	search_api
DRX955502	DRR977953	public	search_api
DRX955504	DRR977955	public	search_api
DRX955505	DRR977956	public	search_api
DRX955506	DRR977957	public	search_api
DRX955507	DRR977958	public	search_api
DRX955508	DRR977959	public	search_api
DRX955509	DRR977960	public	search_api
DRX955510	DRR977961	public	search_api
DRX955511	DRR977962	public	search_api
DRX955512	DRR977963	public	search_api
DRX955513	DRR977964	public	search_api
DRX955514	DRR977965	public	search_api
DRX955515	DRR977966	public	search_api
DRX955516	DRR977967	public	search_api
DRX955517	DRR977968	public	search_api
DRX955518	DRR977969	public	search_api
DRX955519	DRR977970	public	search_api
DRX955520	DRR977971	public	search_api
DRX955521	DRR977972	public	search_api
DRX955522	DRR977973	public	search_api
DRX955523	DRR977974	public	search_api
DRX955524	DRR977975	public	search_api
DRX955525	DRR977976	public	search_api
DRX955526	DRR977977	public	search_api
DRX955527	DRR977978	public	search_api
DRX955528	DRR977979	public	search_api
DRX955529	DRR977980	public	search_api
DRX955530	DRR977981	public	search_api
DRX955531	DRR977982	public	search_api
DRX955532	DRR977983	public	search_api
DRX955533	DRR977984	public	search_api
DRX955534	DRR977985	public	search_api
DRX955536	DRR977987	public	search_api
DRX955537	DRR977988	public	search_api
DRX955538	DRR977989	public	search_api
DRX955539	DRR977990	public	search_api
DRX955540	DRR977991	public	search_api
DRX955541	DRR977992	public	search_api
DRX955542	DRR977993	public	search_api
DRX955543	DRR977994	public	search_api
DRX955544	DRR977995	public	search_api
DRX955545	DRR977996	public	search_api
DRX955546	DRR977997	public	search_api
DRX955547	DRR977998	public	search_api
DRX955548	DRR977999	public	search_api
DRX955549	DRR978000	public	search_api
DRX955550	DRR978001	public	search_api
DRX955551	DRR978002	public	search_api
DRX955552	DRR978003	public	search_api
DRX955553	DRR978004	public	search_api
DRX955554	DRR978005	public	search_api
DRX955555	DRR978006	public	search_api
DRX955556	DRR978007	public	search_api
DRX955557	DRR978008	public	search_api
DRX955558	DRR978009	public	search_api
DRX955559	DRR978010	public	search_api
DRX955560	DRR978011	public	search_api
DRX955561	DRR978012	public	search_api
DRX955562	DRR978013	public	search_api
DRX955563	DRR978014	public	search_api
DRX955564	DRR978015	public	search_api
DRX955565	DRR978016	public	search_api
DRX955566	DRR978017	public	search_api
DRX955567	DRR978018	public	search_api
DRX955568	DRR978019	public	search_api
DRX955569	DRR978020	public	search_api
DRX955570	DRR978021	public	search_api
DRX955571	DRR978022	public	search_api
DRX955572	DRR978023	public	search_api
DRX955573	DRR978024	public	search_api
DRX955574	DRR978025	public	search_api
DRX955575	DRR978026	public	search_api
DRX955576	DRR978027	public	search_api
DRX955577	DRR978028	public	search_api
DRX955578	DRR978029	public	search_api
DRX955579	DRR978030	public	search_api
DRX955580	DRR978031	public	search_api
DRX955581	DRR978032	public	search_api
DRX955582	DRR978033	public	search_api
DRX955583	DRR978034	public	search_api
DRX955585	DRR978036	public	search_api
DRX955586	DRR978037	public	search_api
DRX955587	DRR978038	public	search_api
DRX955588	DRR978039	public	search_api
DRX955589	DRR978040	public	search_api
DRX955590	DRR978041	public	search_api
DRX955591	DRR978042	public	search_api
DRX955592	DRR978043	public	search_api
DRX955593	DRR978044	public	search_api
DRX955594	DRR978045	public	search_api
DRX955595	DRR978046	public	search_api
DRX955596	DRR978047	public	search_api
DRX955597	DRR978048	public	search_api
DRX955598	DRR978049	public	search_api
DRX955599	DRR978050	public	search_api
DRX955600	DRR978051	public	search_api
DRX955601	DRR978052	public	search_api
DRX955602	DRR978053	public	search_api
DRX955603	DRR978054	public	search_api
DRX955604	DRR978055	public	search_api
DRX955605	DRR978056	public	search_api
DRX955606	DRR978057	public	search_api
DRX955607	DRR978058	public	search_api
DRX955608	DRR978059	public	search_api
DRX955609	DRR978060	public	search_api
DRX955610	DRR978061	public	search_api
DRX955611	DRR978062	public	search_api
DRX955612	DRR978063	public	search_api
DRX955613	DRR978064	public	search_api
DRX955614	DRR978065	public	search_api
DRX955615	DRR978066	public	search_api
DRX955616	DRR978067	public	search_api
DRX955617	DRR978068	public	search_api
DRX955618	DRR978069	public	search_api
DRX955619	DRR978070	public	search_api
DRX955620	DRR978071	public	search_api
DRX955621	DRR978072	public	search_api
DRX955622	DRR978073	public	search_api
DRX955623	DRR978074	public	search_api
DRX955624	DRR978075	public	search_api
DRX955625	DRR978076	public	search_api
DRX955626	DRR978077	public	search_api
DRX955627	DRR978078	public	search_api
DRX955628	DRR978079	public	search_api
DRX955629	DRR978080	public	search_api
DRX955630	DRR978081	public	search_api
DRX955631	DRR978082	public	search_api
DRX955632	DRR978083	public	search_api
DRX955633	DRR978084	public	search_api
DRX955634	DRR978085	public	search_api
DRX955635	DRR978086	public	search_api
DRX955636	DRR978087	public	search_api
DRX955637	DRR978088	public	search_api
DRX955638	DRR978089	public	search_api
DRX955639	DRR978090	public	search_api
DRX955640	DRR978091	public	search_api
DRX955641	DRR978092	public	search_api
DRX955642	DRR978093	public	search_api
DRX955643	DRR978094	public	search_api
DRX955644	DRR978095	public	search_api
DRX955645	DRR978096	public	search_api
DRX955646	DRR978097	public	search_api
DRX955647	DRR978098	public	search_api
DRX955648	DRR978099	public	search_api
DRX955649	DRR978100	public	search_api
DRX955650	DRR978101	public	search_api
DRX955651	DRR978102	public	search_api
DRX955652	DRR978103	public	search_api
DRX955653	DRR978104	public	search_api
DRX955654	DRR978105	public	search_api
DRX955655	DRR978106	public	search_api
DRX955656	DRR978107	public	search_api
DRX955657	DRR978108	public	search_api
DRX955658	DRR978109	public	search_api
DRX955659	DRR978110	public	search_api
DRX955660	DRR978111	public	search_api
DRX955661	DRR978112	public	search_api
DRX955662	DRR978113	public	search_api
DRX955663	DRR978114	public	search_api
DRX955664	DRR978115	public	search_api
DRX955665	DRR978116	public	search_api
DRX955666	DRR978117	public	search_api
DRX955667	DRR978118	public	search_api
DRX955668	DRR978119	public	search_api
DRX955669	DRR978120	public	search_api
DRX955670	DRR978121	public	search_api
DRX955671	DRR978122	public	search_api
DRX955672	DRR978123	public	search_api
DRX955673	DRR978124	public	search_api
DRX955674	DRR978125	public	search_api
DRX955675	DRR978126	public	search_api
DRX955677	DRR978128	public	search_api
DRX955678	DRR978129	public	search_api
DRX955679	DRR978130	public	search_api
DRX955680	DRR978131	public	search_api
DRX955681	DRR978132	public	search_api
DRX955682	DRR978133	public	search_api
DRX955683	DRR978134	public	search_api
DRX955684	DRR978135	public	search_api
DRX955685	DRR978136	public	search_api
DRX955686	DRR978137	public	search_api
DRX955687	DRR978138	public	search_api
DRX955688	DRR978139	public	search_api
DRX955689	DRR978140	public	search_api
DRX955690	DRR978141	public	search_api
DRX955691	DRR978142	public	search_api
DRX955692	DRR978143	public	search_api
DRX955693	DRR978144	public	search_api
DRX955694	DRR978145	public	search_api
DRX955695	DRR978146	public	search_api
DRX955696	DRR978147	public	search_api
DRX955697	DRR978148	public	search_api
DRX955698	DRR978149	public	search_api
DRX955699	DRR978150	public	search_api
DRX955700	DRR978151	public	search_api
DRX955701	DRR978152	public	search_api
DRX955702	DRR978153	public	search_api
DRX955703	DRR978154	public	search_api
DRX955704	DRR978155	public	search_api
DRX955705	DRR978156	public	search_api
DRX955706	DRR978157	public	search_api
DRX955707	DRR978158	public	search_api
DRX955708	DRR978159	public	search_api
DRX955709	DRR978160	public	search_api
DRX955710	DRR978161	public	search_api
DRX955711	DRR978162	public	search_api
DRX955712	DRR978163	public	search_api
DRX955713	DRR978164	public	search_api
DRX955714	DRR978165	public	search_api
DRX955715	DRR978166	public	search_api
DRX955716	DRR978167	public	search_api
DRX955717	DRR978168	public	search_api
DRX955718	DRR978169	public	search_api
DRX955719	DRR978170	public	search_api
DRX955720	DRR978171	public	search_api
DRX955721	DRR978172	public	search_api
DRX955722	DRR978173	public	search_api
DRX955723	DRR978174	public	search_api
DRX955724	DRR978175	public	search_api
DRX955725	DRR978176	public	search_api
DRX955726	DRR978177	public	search_api
DRX955727	DRR978178	public	search_api
DRX955728	DRR978179	public	search_api
DRX955729	DRR978180	public	search_api
DRX955730	DRR978181	public	search_api
DRX955731	DRR978182	public	search_api
DRX955732	DRR978183	public	search_api
DRX955733	DRR978184	public	search_api
DRX955734	DRR978185	public	search_api
DRX955735	DRR978186	public	search_api
DRX955736	DRR978187	public	search_api
DRX955737	DRR978188	public	search_api
DRX955738	DRR978189	public	search_api
DRX955739	DRR978190	public	search_api
DRX955740	DRR978191	public	search_api
DRX955741	DRR978192	public	search_api
DRX955742	DRR978193	public	search_api
DRX955743	DRR978194	public	search_api
DRX955744	DRR978195	public	search_api
DRX955745	DRR978196	public	search_api
DRX955746	DRR978197	public	search_api
DRX955747	DRR978198	public	search_api
DRX955748	DRR978199	public	search_api
DRX955749	DRR978200	public	search_api
DRX955750	DRR978201	public	search_api
DRX955751	DRR978202	public	search_api
DRX955752	DRR978203	public	search_api
DRX955753	DRR978204	public	search_api
DRX955754	DRR978205	public	search_api
DRX955755	DRR978206	public	search_api
DRX955756	DRR978207	public	search_api
DRX955757	DRR978208	public	search_api
DRX955758	DRR978209	public	search_api
DRX955759	DRR978210	public	search_api
DRX955760	DRR978211	public	search_api
DRX955761	DRR978212	public	search_api
DRX955762	DRR978213	public	search_api
DRX955763	DRR978214	public	search_api
DRX955764	DRR978215	public	search_api
DRX955765	DRR978216	public	search_api
DRX955766	DRR978217	public	search_api
DRX955767	DRR978218	public	search_api
DRX955768	DRR978219	public	search_api
DRX955769	DRR978220	public	search_api
DRX955770	DRR978221	public	search_api
DRX955771	DRR978222	public	search_api
DRX955772	DRR978223	public	search_api
DRX955773	DRR978224	public	search_api
DRX955774	DRR978225	public	search_api
DRX955775	DRR978226	public	search_api
DRX955776	DRR978227	public	search_api
DRX955777	DRR978228	public	search_api
DRX955778	DRR978229	public	search_api
DRX955779	DRR978230	public	search_api
DRX955780	DRR978231	public	search_api
DRX955781	DRR978232	public	search_api
DRX955782	DRR978233	public	search_api
DRX955783	DRR978234	public	search_api
DRX955784	DRR978235	public	search_api
DRX955785	DRR978236	public	search_api
DRX955786	DRR978237	public	search_api
DRX955787	DRR978238	public	search_api
DRX955788	DRR978239	public	search_api
DRX955789	DRR978240	public	search_api
DRX955790	DRR978241	public	search_api
DRX955791	DRR978242	public	search_api
DRX955792	DRR978243	public	search_api
DRX955793	DRR978244	public	search_api
DRX955794	DRR978245	public	search_api
DRX955795	DRR978246	public	search_api
DRX955796	DRR978247	public	search_api
DRX955797	DRR978248	public	search_api
DRX955798	DRR978249	public	search_api
DRX955799	DRR978250	public	search_api
DRX955800	DRR978251	public	search_api
DRX955801	DRR978252	public	search_api
DRX955802	DRR978253	public	search_api
DRX955803	DRR978254	public	search_api
DRX955804	DRR978255	public	search_api
DRX955805	DRR978256	public	search_api
DRX955806	DRR978257	public	search_api
DRX955807	DRR978258	public	search_api
DRX955808	DRR978259	public	search_api
DRX955809	DRR978260	public	search_api
DRX955810	DRR978261	public	search_api
DRX955811	DRR978262	public	search_api
DRX955812	DRR978263	public	search_api
DRX955813	DRR978264	public	search_api
DRX955814	DRR978265	public	search_api
DRX955815	DRR978266	public	search_api
DRX955816	DRR978267	public	search_api
DRX955817	DRR978268	public	search_api
DRX955818	DRR978269	public	search_api
DRX955819	DRR978270	public	search_api
DRX955820	DRR978271	public	search_api
DRX955821	DRR978272	public	search_api
DRX955822	DRR978273	public	search_api
DRX955823	DRR978274	public	search_api
DRX955824	DRR978275	public	search_api
DRX955825	DRR978276	public	search_api
DRX955826	DRR978277	public	search_api
DRX955827	DRR978278	public	search_api
DRX955828	DRR978279	public	search_api
DRX955829	DRR978280	public	search_api
DRX955830	DRR978281	public	search_api
DRX955831	DRR978282	public	search_api
DRX955832	DRR978283	public	search_api
DRX955833	DRR978284	public	search_api
DRX955834	DRR978285	public	search_api
DRX955835	DRR978286	public	search_api
DRX955837	DRR978288	public	search_api
DRX955838	DRR978289	public	search_api
DRX955839	DRR978290	public	search_api
DRX955840	DRR978291	public	search_api
DRX955841	DRR978292	public	search_api
DRX955842	DRR978293	public	search_api
DRX955843	DRR978294	public	search_api
DRX955844	DRR978295	public	search_api
DRX955845	DRR978296	public	search_api
DRX955846	DRR978297	public	search_api
DRX955847	DRR978298	public	search_api
DRX955848	DRR978299	public	search_api
DRX955849	DRR978300	public	search_api
DRX955850	DRR978301	public	search_api
DRX955851	DRR978302	public	search_api
DRX955852	DRR978303	public	search_api
DRX955853	DRR978304	public	search_api
DRX955854	DRR978305	public	search_api
DRX955855	DRR978306	public	search_api
DRX955856	DRR978307	public	search_api
DRX955857	DRR978308	public	search_api
DRX955858	DRR978309	public	search_api
DRX955859	DRR978310	public	search_api
DRX955860	DRR978311	public	search_api
DRX955861	DRR978312	public	search_api
DRX955862	DRR978313	public	search_api
DRX955863	DRR978314	public	search_api
DRX955864	DRR978315	public	search_api
DRX955865	DRR978316	public	search_api
DRX955866	DRR978317	public	search_api
DRX955867	DRR978318	public	search_api
DRX955869	DRR978320	public	search_api
DRX955870	DRR978321	public	search_api
DRX955871	DRR978322	public	search_api
DRX955872	DRR978323	public	search_api
DRX955873	DRR978324	public	search_api
DRX955874	DRR978325	public	search_api
DRX955875	DRR978326	public	search_api
DRX955876	DRR978327	public	search_api
DRX955877	DRR978328	public	search_api
DRX955878	DRR978329	public	search_api
DRX955879	DRR978330	public	search_api
DRX955880	DRR978331	public	search_api
DRX955881	DRR978332	public	search_api
DRX955882	DRR978333	public	search_api
DRX955883	DRR978334	public	search_api
DRX955884	DRR978335	public	search_api
DRX955885	DRR978336	public	search_api
DRX955886	DRR978337	public	search_api
DRX955887	DRR978338	public	search_api
DRX955888	DRR978339	public	search_api
DRX955889	DRR978340	public	search_api
DRX955890	DRR978341	public	search_api
DRX955891	DRR978342	public	search_api
DRX955892	DRR978343	public	search_api
DRX955893	DRR978344	public	search_api
DRX955894	DRR978345	public	search_api
DRX955895	DRR978346	public	search_api
DRX955896	DRR978347	public	search_api
DRX955897	DRR978348	public	search_api
DRX955898	DRR978349	public	search_api
DRX955899	DRR978350	public	search_api
DRX955900	DRR978351	public	search_api
DRX955901	DRR978352	public	search_api
DRX955903	DRR978354	public	search_api
DRX955904	DRR978355	public	search_api
DRX955905	DRR978356	public	search_api
DRX955906	DRR978357	public	search_api
DRX955907	DRR978358	public	search_api
DRX955908	DRR978359	public	search_api
DRX955909	DRR978360	public	search_api
DRX955910	DRR978361	public	search_api
DRX955911	DRR978362	public	search_api
DRX955912	DRR978363	public	search_api
DRX955913	DRR978364	public	search_api
DRX955914	DRR978365	public	search_api
DRX955915	DRR978366	public	search_api
DRX955916	DRR978367	public	search_api
DRX955917	DRR978368	public	search_api
DRX955918	DRR978369	public	search_api
DRX955919	DRR978370	public	search_api
DRX955920	DRR978371	public	search_api
DRX955921	DRR978372	public	search_api
DRX955922	DRR978373	public	search_api
DRX955923	DRR978374	public	search_api
DRX955924	DRR978375	public	search_api
DRX955925	DRR978376	public	search_api
DRX955926	DRR978377	public	search_api
DRX955927	DRR978378	public	search_api
DRX955928	DRR978379	public	search_api
DRX955929	DRR978380	public	search_api
DRX955930	DRR978381	public	search_api
DRX955931	DRR978382	public	search_api
DRX955932	DRR978383	public	search_api
DRX955933	DRR978384	public	search_api
DRX955934	DRR978385	public	search_api
DRX955935	DRR978386	public	search_api
DRX955936	DRR978387	public	search_api
DRX955937	DRR978388	public	search_api
DRX955938	DRR978389	public	search_api
DRX955939	DRR978390	public	search_api
DRX955940	DRR978391	public	search_api
DRX955941	DRR978392	public	search_api
DRX955942	DRR978393	public	search_api
DRX955943	DRR978394	public	search_api
DRX955944	DRR978395	public	search_api
DRX955945	DRR978396	public	search_api
DRX955946	DRR978397	public	search_api
DRX955947	DRR978398	public	search_api
DRX955948	DRR978399	public	search_api
DRX955949	DRR978400	public	search_api
DRX955950	DRR978401	public	search_api
DRX955951	DRR978402	public	search_api
DRX955952	DRR978403	public	search_api
DRX955953	DRR978404	public	search_api
DRX955954	DRR978405	public	search_api
DRX955955	DRR978406	public	search_api
DRX955956	DRR978407	public	search_api
DRX955957	DRR978408	public	search_api
DRX955958	DRR978409	public	search_api
DRX955959	DRR978410	public	search_api
DRX955960	DRR978411	public	search_api
DRX955961	DRR978412	public	search_api
DRX955962	DRR978413	public	search_api
DRX955963	DRR978414	public	search_api
DRX955964	DRR978415	public	search_api
DRX955965	DRR978416	public	search_api
DRX955966	DRR978417	public	search_api
DRX955967	DRR978418	public	search_api
DRX955968	DRR978419	public	search_api
DRX955969	DRR978420	public	search_api
DRX955970	DRR978421	public	search_api
DRX955971	DRR978422	public	search_api
DRX955972	DRR978423	public	search_api
DRX955973	DRR978424	public	search_api
DRX955974	DRR978425	public	search_api
DRX955975	DRR978426	public	search_api
DRX955976	DRR978427	public	search_api
DRX955977	DRR978428	public	search_api
DRX955978	DRR978429	public	search_api
DRX955979	DRR978430	public	search_api
DRX955980	DRR978431	public	search_api
DRX955981	DRR978432	public	search_api
DRX955982	DRR978433	public	search_api
DRX955983	DRR978434	public	search_api
DRX955984	DRR978435	public	search_api
DRX955985	DRR978436	public	search_api
DRX955986	DRR978437	public	search_api
DRX955987	DRR978438	public	search_api
DRX955988	DRR978439	public	search_api
DRX955989	DRR978440	public	search_api
DRX955990	DRR978441	public	search_api
DRX955991	DRR978442	public	search_api
DRX955992	DRR978443	public	search_api
DRX955993	DRR978444	public	search_api
DRX955994	DRR978445	public	search_api
DRX955995	DRR978446	public	search_api
DRX955997	DRR978448	public	search_api
DRX955998	DRR978449	public	search_api
DRX955999	DRR978450	public	search_api
DRX956000	DRR978451	public	search_api
DRX956001	DRR978452	public	search_api
DRX956002	DRR978453	public	search_api
DRX956003	DRR978454	public	search_api
DRX956004	DRR978455	public	search_api
DRX956005	DRR978456	public	search_api
DRX956006	DRR978457	public	search_api
DRX956007	DRR978458	public	search_api
DRX956008	DRR978459	public	search_api
DRX956009	DRR978460	public	search_api
DRX956010	DRR978461	public	search_api
DRX956011	DRR978462	public	search_api
DRX956012	DRR978463	public	search_api
DRX956013	DRR978464	public	search_api
DRX956014	DRR978465	public	search_api
DRX956015	DRR978466	public	search_api
DRX956016	DRR978467	public	search_api
DRX956017	DRR978468	public	search_api
DRX956018	DRR978469	public	search_api
DRX956019	DRR978470	public	search_api
DRX956020	DRR978471	public	search_api
DRX956021	DRR978472	public	search_api
DRX956022	DRR978473	public	search_api
DRX956023	DRR978474	public	search_api
DRX956024	DRR978475	public	search_api
DRX956025	DRR978476	public	search_api
DRX956026	DRR978477	public	search_api
DRX956027	DRR978478	public	search_api
DRX956028	DRR978479	public	search_api
DRX956030	DRR978481	public	search_api
DRX956031	DRR978482	public	search_api
DRX956032	DRR978483	public	search_api
DRX956033	DRR978484	public	search_api
DRX956034	DRR978485	public	search_api
DRX956035	DRR978486	public	search_api
DRX956036	DRR978487	public	search_api
DRX956037	DRR978488	public	search_api
DRX956038	DRR978489	public	search_api
DRX956039	DRR978490	public	search_api
DRX956040	DRR978491	public	search_api
DRX956041	DRR978492	public	search_api
DRX956042	DRR978493	public	search_api
DRX956043	DRR978494	public	search_api
DRX956044	DRR978495	public	search_api
DRX956045	DRR978496	public	search_api
DRX956046	DRR978497	public	search_api
DRX956047	DRR978498	public	search_api
DRX956048	DRR978499	public	search_api
DRX956049	DRR978500	public	search_api
DRX956050	DRR978501	public	search_api
DRX956051	DRR978502	public	search_api
DRX956052	DRR978503	public	search_api
DRX956053	DRR978504	public	search_api
DRX956054	DRR978505	public	search_api
DRX956055	DRR978506	public	search_api
DRX956056	DRR978507	public	search_api
DRX956057	DRR978508	public	search_api
DRX956058	DRR978509	public	search_api
DRX956059	DRR978510	public	search_api
DRX956060	DRR978511	public	search_api
DRX956061	DRR978512	public	search_api
DRX956062	DRR978513	public	search_api
DRX956063	DRR978514	public	search_api
DRX956064	DRR978515	public	search_api
DRX956065	DRR978516	public	search_api
DRX956066	DRR978517	public	search_api
DRX956067	DRR978518	public	search_api
DRX956068	DRR978519	public	search_api
DRX956069	DRR978520	public	search_api
DRX956070	DRR978521	public	search_api
DRX956071	DRR978522	public	search_api
DRX956072	DRR978523	public	search_api
DRX956073	DRR978524	public	search_api
DRX956074	DRR978525	public	search_api
DRX956075	DRR978526	public	search_api
DRX956076	DRR978527	public	search_api
DRX956077	DRR978528	public	search_api
DRX956078	DRR978529	public	search_api
DRX956079	DRR978530	public	search_api
DRX956080	DRR978531	public	search_api
DRX956081	DRR978532	public	search_api
DRX956082	DRR978533	public	search_api
DRX956083	DRR978534	public	search_api
DRX956084	DRR978535	public	search_api
DRX956085	DRR978536	public	search_api
DRX956086	DRR978537	public	search_api
DRX956087	DRR978538	public	search_api
DRX956088	DRR978539	public	search_api
DRX956089	DRR978540	public	search_api
DRX956090	DRR978541	public	search_api
DRX956091	DRR978542	public	search_api
DRX956092	DRR978543	public	search_api
DRX956093	DRR978544	public	search_api
DRX956094	DRR978545	public	search_api
DRX956095	DRR978546	public	search_api
DRX956096	DRR978547	public	search_api
DRX956097	DRR978548	public	search_api
DRX956098	DRR978549	public	search_api
DRX956099	DRR978550	public	search_api
DRX956100	DRR978551	public	search_api
DRX956101	DRR978552	public	search_api
DRX956102	DRR978553	public	search_api
DRX956103	DRR978554	public	search_api
DRX956104	DRR978555	public	search_api
DRX956105	DRR978556	public	search_api
DRX956106	DRR978557	public	search_api
DRX956107	DRR978558	public	search_api
DRX956108	DRR978559	public	search_api
DRX956109	DRR978560	public	search_api
DRX956110	DRR978561	public	search_api
DRX956111	DRR978562	public	search_api
DRX956112	DRR978563	public	search_api
DRX956113	DRR978564	public	search_api
DRX956114	DRR978565	public	search_api
DRX956115	DRR978566	public	search_api
DRX956116	DRR978567	public	search_api
DRX956117	DRR978568	public	search_api
DRX956118	DRR978569	public	search_api
DRX956119	DRR978570	public	search_api
DRX956120	DRR978571	public	search_api
DRX956121	DRR978572	public	search_api
DRX956122	DRR978573	public	search_api
DRX956123	DRR978574	public	search_api
DRX956124	DRR978575	public	search_api
DRX956125	DRR978576	public	search_api
DRX956126	DRR978577	public	search_api
DRX956127	DRR978578	public	search_api
DRX956128	DRR978579	public	search_api
DRX956130	DRR978581	public	search_api
DRX956131	DRR978582	public	search_api
DRX956132	DRR978583	public	search_api
DRX956133	DRR978584	public	search_api
DRX956134	DRR978585	public	search_api
DRX956135	DRR978586	public	search_api
DRX956136	DRR978587	public	search_api
DRX956137	DRR978588	public	search_api
DRX956138	DRR978589	public	search_api
DRX956139	DRR978590	public	search_api
DRX956140	DRR978591	public	search_api
DRX956141	DRR978592	public	search_api
DRX956142	DRR978593	public	search_api
DRX956143	DRR978594	public	search_api
DRX956144	DRR978595	public	search_api
DRX956145	DRR978596	public	search_api
DRX956146	DRR978597	public	search_api
DRX956147	DRR978598	public	search_api
DRX956148	DRR978599	public	search_api
DRX956149	DRR978600	public	search_api
DRX956150	DRR978601	public	search_api
DRX956151	DRR978602	public	search_api
DRX956152	DRR978603	public	search_api
DRX956153	DRR978604	public	search_api
DRX956154	DRR978605	public	search_api
DRX956155	DRR978606	public	search_api
DRX956156	DRR978607	public	search_api
DRX956157	DRR978608	public	search_api
DRX956158	DRR978609	public	search_api
DRX956159	DRR978610	public	search_api
DRX956160	DRR978611	public	search_api
DRX956161	DRR978612	public	search_api
DRX956162	DRR978613	public	search_api
DRX956163	DRR978614	public	search_api
DRX956164	DRR978615	public	search_api
DRX956165	DRR978616	public	search_api
DRX956166	DRR978617	public	search_api
DRX956167	DRR978618	public	search_api
DRX956168	DRR978619	public	search_api
DRX956169	DRR978620	public	search_api
DRX956170	DRR978621	public	search_api
DRX956171	DRR978622	public	search_api
DRX956172	DRR978623	public	search_api
DRX956173	DRR978624	public	search_api
DRX956174	DRR978625	public	search_api
DRX956175	DRR978626	public	search_api
DRX956176	DRR978627	public	search_api
DRX956177	DRR978628	public	search_api
DRX956178	DRR978629	public	search_api
DRX956179	DRR978630	public	search_api
DRX956180	DRR978631	public	search_api
DRX956181	DRR978632	public	search_api
DRX956182	DRR978633	public	search_api
DRX956183	DRR978634	public	search_api
DRX956184	DRR978635	public	search_api
DRX956186	DRR978637	public	search_api
DRX956187	DRR978638	public	search_api
DRX956188	DRR978639	public	search_api
DRX956189	DRR978640	public	search_api
DRX956190	DRR978641	public	search_api
DRX956191	DRR978642	public	search_api
DRX956192	DRR978643	public	search_api
DRX956193	DRR978644	public	search_api
DRX956194	DRR978645	public	search_api
DRX956196	DRR978647	public	search_api
DRX956197	DRR978648	public	search_api
DRX956198	DRR978649	public	search_api
DRX956199	DRR978650	public	search_api
DRX956200	DRR978651	public	search_api
DRX956201	DRR978652	public	search_api
DRX956202	DRR978653	public	search_api
DRX956203	DRR978654	public	search_api
DRX956204	DRR978655	public	search_api
DRX956205	DRR978656	public	search_api
DRX956206	DRR978657	public	search_api
DRX956207	DRR978658	public	search_api
DRX956208	DRR978659	public	search_api
DRX956209	DRR978660	public	search_api
DRX956210	DRR978661	public	search_api
DRX956211	DRR978662	public	search_api
DRX956212	DRR978663	public	search_api
DRX956213	DRR978664	public	search_api
DRX956214	DRR978665	public	search_api
DRX956215	DRR978666	public	search_api
DRX956216	DRR978667	public	search_api
DRX956217	DRR978668	public	search_api
DRX956218	DRR978669	public	search_api
DRX956219	DRR978670	public	search_api
DRX956220	DRR978671	public	search_api
DRX956221	DRR978672	public	search_api
DRX956222	DRR978673	public	search_api
DRX956223	DRR978674	public	search_api
DRX956224	DRR978675	public	search_api
DRX956225	DRR978676	public	search_api
DRX956226	DRR978677	public	search_api
DRX956227	DRR978678	public	search_api
DRX956228	DRR978679	public	search_api
DRX956229	DRR978680	public	search_api
DRX956230	DRR978681	public	search_api
DRX956231	DRR978682	public	search_api
DRX956232	DRR978683	public	search_api
DRX956233	DRR978684	public	search_api
DRX956234	DRR978685	public	search_api
DRX956235	DRR978686	public	search_api
DRX956236	DRR978687	public	search_api
DRX956237	DRR978688	public	search_api
DRX956238	DRR978689	public	search_api
DRX956239	DRR978690	public	search_api
DRX956240	DRR978691	public	search_api
DRX956241	DRR978692	public	search_api
DRX956242	DRR978693	public	search_api
DRX956243	DRR978694	public	search_api
DRX956244	DRR978695	public	search_api
DRX956245	DRR978696	public	search_api
DRX956246	DRR978697	public	search_api
DRX956247	DRR978698	public	search_api
DRX956248	DRR978699	public	search_api
DRX956249	DRR978700	public	search_api
DRX956250	DRR978701	public	search_api
DRX956251	DRR978702	public	search_api
DRX956252	DRR978703	public	search_api
DRX956253	DRR978704	public	search_api
DRX956254	DRR978705	public	search_api
DRX956255	DRR978706	public	search_api
DRX956256	DRR978707	public	search_api
DRX956257	DRR978708	public	search_api
DRX956258	DRR978709	public	search_api
DRX956259	DRR978710	public	search_api
DRX956260	DRR978711	public	search_api
DRX956261	DRR978712	public	search_api
DRX956262	DRR978713	public	search_api
DRX956263	DRR978714	public	search_api
DRX956264	DRR978715	public	search_api
DRX956266	DRR978717	public	search_api
DRX956267	DRR978718	public	search_api
DRX956268	DRR978719	public	search_api
DRX956269	DRR978720	public	search_api
DRX956270	DRR978721	public	search_api
DRX956271	DRR978722	public	search_api
DRX956272	DRR978723	public	search_api
DRX956273	DRR978724	public	search_api
DRX956274	DRR978725	public	search_api
DRX956275	DRR978726	public	search_api
DRX956276	DRR978727	public	search_api
DRX956277	DRR978728	public	search_api
DRX956278	DRR978729	public	search_api
DRX956279	DRR978730	public	search_api
DRX956280	DRR978731	public	search_api
DRX956281	DRR978732	public	search_api
DRX956282	DRR978733	public	search_api
DRX956283	DRR978734	public	search_api
DRX956284	DRR978735	public	search_api
DRX956285	DRR978736	public	search_api
DRX956286	DRR978737	public	search_api
DRX956287	DRR978738	public	search_api
DRX956288	DRR978739	public	search_api
DRX956289	DRR978740	public	search_api
DRX956290	DRR978741	public	search_api
DRX956291	DRR978742	public	search_api
DRX956292	DRR978743	public	search_api
DRX956293	DRR978744	public	search_api
DRX956294	DRR978745	public	search_api
DRX956295	DRR978746	public	search_api
DRX956296	DRR978747	public	search_api
DRX956297	DRR978748	public	search_api
DRX956298	DRR978749	public	search_api
DRX956299	DRR978750	public	search_api
DRX956300	DRR978751	public	search_api
DRX956301	DRR978752	public	search_api
DRX956302	DRR978753	public	search_api
DRX956303	DRR978754	public	search_api
DRX956304	DRR978755	public	search_api
DRX956305	DRR978756	public	search_api
DRX956306	DRR978757	public	search_api
DRX956307	DRR978758	public	search_api
DRX956308	DRR978759	public	search_api
DRX956309	DRR978760	public	search_api
DRX956310	DRR978761	public	search_api
DRX956311	DRR978762	public	search_api
DRX956312	DRR978763	public	search_api
DRX956313	DRR978764	public	search_api
DRX956314	DRR978765	public	search_api
DRX956315	DRR978766	public	search_api
DRX956316	DRR978767	public	search_api
DRX956317	DRR978768	public	search_api
DRX956318	DRR978769	public	search_api
DRX956319	DRR978770	public	search_api
DRX956320	DRR978771	public	search_api
DRX956321	DRR978772	public	search_api
DRX956322	DRR978773	public	search_api
DRX956323	DRR978774	public	search_api
DRX956324	DRR978775	public	search_api
DRX956325	DRR978776	public	search_api
DRX956326	DRR978777	public	search_api
DRX956327	DRR978778	public	search_api
DRX956328	DRR978779	public	search_api
DRX956329	DRR978780	public	search_api
DRX956330	DRR978781	public	search_api
DRX956331	DRR978782	public	search_api
DRX956333	DRR978784	public	search_api
DRX956334	DRR978785	public	search_api
DRX956335	DRR978786	public	search_api
DRX956336	DRR978787	public	search_api
DRX956337	DRR978788	public	search_api
DRX956338	DRR978789	public	search_api
DRX956339	DRR978790	public	search_api
DRX956340	DRR978791	public	search_api
DRX956341	DRR978792	public	search_api
DRX956342	DRR978793	public	search_api
DRX956343	DRR978794	public	search_api
DRX956344	DRR978795	public	search_api
DRX956345	DRR978796	public	search_api
DRX956346	DRR978797	public	search_api
DRX956347	DRR978798	public	search_api
DRX956348	DRR978799	public	search_api
DRX956349	DRR978800	public	search_api
DRX956350	DRR978801	public	search_api
DRX956351	DRR978802	public	search_api
DRX956352	DRR978803	public	search_api
DRX956353	DRR978804	public	search_api
DRX956354	DRR978805	public	search_api
DRX956355	DRR978806	public	search_api
DRX956360	DRR978811	public	search_api
DRX956361	DRR978812	public	search_api
DRX956362	DRR978813	public	search_api
DRX956363	DRR978814	public	search_api
DRX956364	DRR978815	public	search_api
DRX956365	DRR978816	public	search_api
DRX956366	DRR978817	public	search_api
DRX956367	DRR978818	public	search_api
DRX956369	DRR978820	public	search_api
DRX956371	DRR978822	public	search_api
DRX956372	DRR978823	public	search_api
DRX956373	DRR978824	public	search_api
DRX956374	DRR978825	public	search_api
DRX956375	DRR978826	public	search_api
DRX956376	DRR978827	public	search_api
DRX956377	DRR978828	public	search_api
DRX956378	DRR978829	public	search_api
DRX956379	DRR978830	public	search_api
DRX956380	DRR978831	public	search_api
DRX956381	DRR978832	public	search_api
DRX956382	DRR978833	public	search_api
DRX956383	DRR978834	public	search_api
DRX956384	DRR978835	public	search_api
DRX956385	DRR978836	public	search_api
DRX956386	DRR978837	public	search_api
DRX956387	DRR978838	public	search_api
DRX956388	DRR978839	public	search_api
DRX956389	DRR978840	public	search_api
DRX956390	DRR978841	public	search_api
DRX956391	DRR978842	public	search_api
DRX956392	DRR978843	public	search_api
DRX956393	DRR978844	public	search_api
DRX956394	DRR978845	public	search_api
DRX956395	DRR978846	public	search_api
DRX956396	DRR978847	public	search_api
DRX956397	DRR978848	public	search_api
DRX956398	DRR978849	public	search_api
DRX956399	DRR978850	public	search_api
DRX956400	DRR978851	public	search_api
DRX956401	DRR978852	public	search_api
DRX956402	DRR978853	public	search_api
DRX956403	DRR978854	public	search_api
DRX956404	DRR978855	public	search_api
DRX956405	DRR978856	public	search_api
DRX956406	DRR978857	public	search_api
DRX956407	DRR978858	public	search_api
DRX956408	DRR978859	public	search_api
DRX956409	DRR978860	public	search_api
DRX956410	DRR978861	public	search_api
DRX956411	DRR978862	public	search_api
DRX956412	DRR978863	public	search_api
DRX956413	DRR978864	public	search_api
DRX956414	DRR978865	public	search_api
DRX956415	DRR978866	public	search_api
DRX956416	DRR978867	public	search_api
DRX956417	DRR978868	public	search_api
DRX956418	DRR978869	public	search_api
DRX956419	DRR978870	public	search_api
DRX956420	DRR978871	public	search_api
DRX956421	DRR978872	public	search_api
DRX956422	DRR978873	public	search_api
DRX956423	DRR978874	public	search_api
DRX956424	DRR978875	public	search_api
DRX956425	DRR978876	public	search_api
DRX956426	DRR978877	public	search_api
DRX956427	DRR978878	public	search_api
DRX956428	DRR978879	public	search_api
DRX956429	DRR978880	public	search_api
DRX956430	DRR978881	public	search_api
DRX956432	DRR978883	public	search_api
DRX956433	DRR978884	public	search_api
DRX956434	DRR978885	public	search_api
DRX956436	DRR978887	public	search_api
DRX956437	DRR978888	public	search_api
DRX956438	DRR978889	public	search_api
DRX956439	DRR978890	public	search_api
DRX956440	DRR978891	public	search_api
DRX956441	DRR978892	public	search_api
DRX956442	DRR978893	public	search_api
DRX956443	DRR978894	public	search_api
DRX956445	DRR978896	public	search_api
DRX956446	DRR978897	public	search_api
DRX956447	DRR978898	public	search_api
DRX956448	DRR978899	public	search_api
DRX956449	DRR978900	public	search_api
DRX956450	DRR978901	public	search_api
DRX956451	DRR978902	public	search_api
DRX956452	DRR978903	public	search_api
DRX956453	DRR978904	public	search_api
DRX956454	DRR978905	public	search_api
DRX956455	DRR978906	public	search_api
DRX956456	DRR978907	public	search_api
DRX956457	DRR978908	public	search_api
DRX956458	DRR978909	public	search_api
DRX956459	DRR978910	public	search_api
DRX956460	DRR978911	public	search_api
DRX956461	DRR978912	public	search_api
DRX956462	DRR978913	public	search_api
DRX956463	DRR978914	public	search_api
DRX956464	DRR978915	public	search_api
DRX956465	DRR978916	public	search_api
DRX956466	DRR978917	public	search_api
DRX956467	DRR978918	public	search_api
DRX956468	DRR978919	public	search_api
DRX956469	DRR978920	public	search_api
DRX956471	DRR978922	public	search_api
DRX956472	DRR978923	public	search_api
DRX956473	DRR978924	public	search_api
DRX956474	DRR978925	public	search_api
DRX956475	DRR978926	public	search_api
DRX956476	DRR978927	public	search_api
DRX956477	DRR978928	public	search_api
DRX956478	DRR978929	public	search_api
DRX956479	DRR978930	public	search_api
DRX956480	DRR978931	public	search_api
DRX956481	DRR978932	public	search_api
DRX956482	DRR978933	public	search_api
DRX956483	DRR978934	public	search_api
DRX956484	DRR978935	public	search_api
DRX956485	DRR978936	public	search_api
DRX956486	DRR978937	public	search_api
DRX956487	DRR978938	public	search_api
DRX956488	DRR978939	public	search_api
DRX956489	DRR978940	public	search_api
DRX956490	DRR978941	public	search_api
DRX956491	DRR978942	public	search_api
DRX956492	DRR978943	public	search_api
DRX956493	DRR978944	public	search_api
DRX956494	DRR978945	public	search_api
DRX956495	DRR978946	public	search_api
DRX956496	DRR978947	public	search_api
DRX956497	DRR978948	public	search_api
DRX956498	DRR978949	public	search_api
DRX956499	DRR978950	public	search_api
DRX956500	DRR978951	public	search_api
DRX956501	DRR978952	public	search_api
DRX956502	DRR978953	public	search_api
DRX956503	DRR978954	public	search_api
DRX956504	DRR978955	public	search_api
DRX956505	DRR978956	public	search_api
DRX956506	DRR978957	public	search_api
DRX956507	DRR978958	public	search_api
DRX956508	DRR978959	public	search_api
DRX956509	DRR978960	public	search_api
DRX956510	DRR978961	public	search_api
DRX956521	DRR978972	public	search_api
DRX956522	DRR978973	public	search_api
DRX956523	DRR978974	public	search_api
DRX956524	DRR978975	public	search_api
DRX956525	DRR978976	public	search_api
DRX956526	DRR978977	public	search_api
DRX956527	DRR978978	public	search_api
DRX956528	DRR978979	public	search_api
DRX956529	DRR978980	public	search_api
DRX956530	DRR978981	public	search_api
DRX956531	DRR978982	public	search_api
DRX956532	DRR978983	public	search_api
DRX956533	DRR978984	public	search_api
DRX956534	DRR978985	public	search_api
DRX956535	DRR978986	public	search_api
DRX956536	DRR978987	public	search_api
DRX956537	DRR978988	public	search_api
DRX956538	DRR978989	public	search_api
DRX956539	DRR978990	public	search_api
DRX956540	DRR978991	public	search_api
DRX956541	DRR978992	public	search_api
DRX956542	DRR978993	public	search_api
DRX956543	DRR978994	public	search_api
DRX956544	DRR978995	public	search_api
DRX956545	DRR978996	public	search_api
DRX956546	DRR978997	public	search_api
DRX956547	DRR978998	public	search_api
DRX956548	DRR978999	public	search_api
DRX956549	DRR979000	public	search_api
DRX956550	DRR979001	public	search_api
DRX956551	DRR979002	public	search_api
DRX956552	DRR979003	public	search_api
DRX956553	DRR979004	public	search_api
DRX956554	DRR979005	public	search_api
DRX956555	DRR979006	public	search_api
DRX956556	DRR979007	public	search_api
DRX956559	DRR979010	public	search_api
DRX956560	DRR979011	public	search_api
DRX956561	DRR979012	public	search_api
DRX956562	DRR979013	public	search_api
DRX956563	DRR979014	public	search_api
DRX956564	DRR979015	public	search_api
DRX956565	DRR979016	public	search_api
DRX956566	DRR979017	public	search_api
DRX956567	DRR979018	public	search_api
DRX956568	DRR979019	public	search_api
DRX956569	DRR979020	public	search_api
DRX956570	DRR979021	public	search_api
DRX956571	DRR979022	public	search_api
DRX956572	DRR979023	public	search_api
DRX956573	DRR979024	public	search_api
DRX956574	DRR979025	public	search_api
DRX956575	DRR979026	public	search_api
DRX956576	DRR979027	public	search_api
DRX956577	DRR979028	public	search_api
DRX956578	DRR979029	public	search_api
DRX956579	DRR979030	public	search_api
DRX956580	DRR979031	public	search_api
DRX956581	DRR979032	public	search_api
DRX956582	DRR979033	public	search_api
DRX956583	DRR979034	public	search_api
DRX956584	DRR979035	public	search_api
DRX956585	DRR979036	public	search_api
DRX956586	DRR979037	public	search_api
DRX956587	DRR979038	public	search_api
DRX956588	DRR979039	public	search_api
DRX956589	DRR979040	public	search_api
DRX956590	DRR979041	public	search_api
DRX956591	DRR979042	public	search_api
DRX956592	DRR979043	public	search_api
DRX956593	DRR979044	public	search_api
DRX956594	DRR979045	public	search_api
DRX956595	DRR979046	public	search_api
DRX956596	DRR979047	public	search_api
DRX956597	DRR979048	public	search_api
DRX956598	DRR979049	public	search_api
DRX956599	DRR979050	public	search_api
DRX956600	DRR979051	public	search_api
DRX956601	DRR979052	public	search_api
DRX956602	DRR979053	public	search_api
DRX956603	DRR979054	public	search_api
DRX956604	DRR979055	public	search_api
DRX956607	DRR979058	public	search_api
DRX956608	DRR979059	public	search_api
DRX956609	DRR979060	public	search_api
DRX956610	DRR979061	public	search_api
DRX956611	DRR979062	public	search_api
DRX956613	DRR979064	public	search_api
DRX956642	DRR979093	public	search_api
DRX956644	DRR979095	public	search_api
DRX956645	DRR979096	public	search_api
DRX956646	DRR979097	public	search_api
DRX956647	DRR979098	public	search_api
DRX956648	DRR979099	public	search_api
DRX956649	DRR979100	public	search_api
DRX956650	DRR979101	public	search_api
DRX956651	DRR979102	public	search_api
DRX956652	DRR979103	public	search_api
DRX956653	DRR979104	public	search_api
DRX956654	DRR979105	public	search_api
DRX956655	DRR979106	public	search_api
DRX956656	DRR979107	public	search_api
DRX956657	DRR979108	public	search_api
DRX956658	DRR979109	public	search_api
DRX956659	DRR979110	public	search_api
DRX956660	DRR979111	public	search_api
DRX956661	DRR979112	public	search_api
DRX956662	DRR979113	public	search_api
DRX956663	DRR979114	public	search_api
DRX956664	DRR979115	public	search_api
DRX956665	DRR979116	public	search_api
DRX956666	DRR979117	public	search_api
DRX956667	DRR979118	public	search_api
DRX956668	DRR979119	public	search_api
DRX956669	DRR979120	public	search_api
DRX956670	DRR979121	public	search_api
DRX956671	DRR979122	public	search_api
DRX956672	DRR979123	public	search_api
DRX956673	DRR979124	public	search_api
DRX956674	DRR979125	public	search_api
DRX956675	DRR979126	public	search_api
DRX956676	DRR979127	public	search_api
DRX956677	DRR979128	public	search_api
DRX956678	DRR979129	public	search_api
DRX956679	DRR979130	public	search_api
DRX956680	DRR979131	public	search_api
DRX956681	DRR979132	public	search_api
DRX956682	DRR979133	public	search_api
DRX956683	DRR979134	public	search_api
DRX956684	DRR979135	public	search_api
DRX956685	DRR979136	public	search_api
DRX956686	DRR979137	public	search_api
DRX956687	DRR979138	public	search_api
DRX956688	DRR979139	public	search_api
DRX956689	DRR979140	public	search_api
DRX956690	DRR979141	public	search_api
DRX956691	DRR979142	public	search_api
DRX956692	DRR979143	public	search_api
DRX956693	DRR979144	public	search_api
DRX956694	DRR979145	public	search_api
DRX956695	DRR979146	public	search_api
DRX956696	DRR979147	public	search_api
DRX956697	DRR979148	public	search_api
DRX956698	DRR979149	public	search_api
DRX956699	DRR979150	public	search_api
DRX956700	DRR979151	public	search_api
DRX956701	DRR979152	public	search_api
DRX956702	DRR979153	public	search_api
DRX956703	DRR979154	public	search_api
DRX956704	DRR979155	public	search_api
DRX956705	DRR979156	public	search_api
DRX956706	DRR979157	public	search_api
DRX956707	DRR979158	public	search_api
DRX956708	DRR979159	public	search_api
DRX956709	DRR979160	public	search_api
DRX956710	DRR979161	public	search_api
DRX956711	DRR979162	public	search_api
DRX956712	DRR979163	public	search_api
DRX956713	DRR979164	public	search_api
DRX956714	DRR979165	public	search_api
DRX956715	DRR979166	public	search_api
DRX956716	DRR979167	public	search_api
DRX956717	DRR979168	public	search_api
DRX956718	DRR979169	public	search_api
DRX956719	DRR979170	public	search_api
DRX956720	DRR979171	public	search_api
DRX956721	DRR979172	public	search_api
DRX956722	DRR979173	public	search_api
DRX956723	DRR979174	public	search_api
DRX956724	DRR979175	public	search_api
DRX956725	DRR979176	public	search_api
DRX956726	DRR979177	public	search_api
DRX956727	DRR979178	public	search_api
DRX956728	DRR979179	public	search_api
DRX956729	DRR979180	public	search_api
DRX956730	DRR979181	public	search_api
DRX956731	DRR979182	public	search_api
DRX956732	DRR979183	public	search_api
DRX956733	DRR979184	public	search_api
DRX956734	DRR979185	public	search_api
DRX956735	DRR979186	public	search_api
DRX956736	DRR979187	public	search_api
DRX956737	DRR979188	public	search_api
DRX956738	DRR979189	public	search_api
DRX956739	DRR979190	public	search_api
DRX956740	DRR979191	public	search_api
DRX956741	DRR979192	public	search_api
DRX956742	DRR979193	public	search_api
DRX956743	DRR979194	public	search_api
DRX956744	DRR979195	public	search_api
DRX956745	DRR979196	public	search_api
DRX956746	DRR979197	public	search_api
DRX956747	DRR979198	public	search_api
DRX956748	DRR979199	public	search_api
DRX956749	DRR979200	public	search_api
DRX956750	DRR979201	public	search_api
DRX956751	DRR979202	public	search_api
DRX956752	DRR979203	public	search_api
DRX956753	DRR979204	public	search_api
DRX956754	DRR979205	public	search_api
DRX956755	DRR979206	public	search_api
DRX956756	DRR979207	public	search_api
DRX956757	DRR979208	public	search_api
DRX956758	DRR979209	public	search_api
DRX956759	DRR979210	public	search_api
DRX956760	DRR979211	public	search_api
DRX956761	DRR979212	public	search_api
DRX956762	DRR979213	public	search_api
DRX956763	DRR979214	public	search_api
DRX956764	DRR979215	public	search_api
DRX956765	DRR979216	public	search_api
DRX956766	DRR979217	public	search_api
DRX956767	DRR979218	public	search_api
DRX956768	DRR979219	public	search_api
DRX956769	DRR979220	public	search_api
DRX956770	DRR979221	public	search_api
DRX956771	DRR979222	public	search_api
DRX956772	DRR979223	public	search_api
DRX956773	DRR979224	public	search_api
DRX956774	DRR979225	public	search_api
DRX956775	DRR979226	public	search_api
DRX956776	DRR979227	public	search_api
DRX956777	DRR979228	public	search_api
DRX956778	DRR979229	public	search_api
DRX956779	DRR979230	public	search_api
DRX956780	DRR979231	public	search_api
DRX956781	DRR979232	public	search_api
DRX956782	DRR979233	public	search_api
DRX956783	DRR979234	public	search_api
DRX956784	DRR979235	public	search_api
DRX956785	DRR979236	public	search_api
DRX956786	DRR979237	public	search_api
DRX956787	DRR979238	public	search_api
DRX956788	DRR979239	public	search_api
DRX956789	DRR979240	public	search_api
DRX956790	DRR979241	public	search_api
DRX956791	DRR979242	public	search_api
DRX956792	DRR979243	public	search_api
DRX956793	DRR979244	public	search_api
DRX956794	DRR979245	public	search_api
DRX956795	DRR979246	public	search_api
DRX956796	DRR979247	public	search_api
DRX956797	DRR979248	public	search_api
DRX956798	DRR979249	public	search_api
DRX956799	DRR979250	public	search_api
DRX956800	DRR979251	public	search_api
DRX956801	DRR979252	public	search_api
DRX956802	DRR979253	public	search_api
DRX956803	DRR979254	public	search_api
DRX956804	DRR979255	public	search_api
DRX956805	DRR979256	public	search_api
DRX956806	DRR979257	public	search_api
DRX956807	DRR979258	public	search_api
DRX956808	DRR979259	public	search_api
DRX956809	DRR979260	public	search_api
DRX956810	DRR979261	public	search_api
DRX956811	DRR979262	public	search_api
DRX956812	DRR979263	public	search_api
DRX956813	DRR979264	public	search_api
DRX956814	DRR979265	public	search_api
DRX956815	DRR979266	public	search_api
DRX956816	DRR979267	public	search_api
DRX956817	DRR979268	public	search_api
DRX956818	DRR979269	public	search_api
DRX956819	DRR979270	public	search_api
DRX956820	DRR979271	public	search_api
DRX956821	DRR979272	public	search_api
DRX956822	DRR979273	public	search_api
DRX956823	DRR979274	public	search_api
DRX956824	DRR979275	public	search_api
DRX956825	DRR979276	public	search_api
DRX956826	DRR979277	public	search_api
DRX956827	DRR979278	public	search_api
DRX956828	DRR979279	public	search_api
DRX956829	DRR979280	public	search_api
DRX956830	DRR979281	public	search_api
DRX956831	DRR979282	public	search_api
DRX956832	DRR979283	public	search_api
DRX956833	DRR979284	public	search_api
DRX956834	DRR979285	public	search_api
DRX956835	DRR979286	public	search_api
DRX956836	DRR979287	public	search_api
DRX956837	DRR979288	public	search_api
DRX956838	DRR979289	public	search_api
DRX956839	DRR979290	public	search_api
DRX956840	DRR979291	public	search_api
DRX956841	DRR979292	public	search_api
DRX956842	DRR979293	public	search_api
DRX956843	DRR979294	public	search_api
DRX956844	DRR979295	public	search_api
DRX956845	DRR979296	public	search_api
DRX956846	DRR979297	public	search_api
DRX956847	DRR979298	public	search_api
DRX956848	DRR979299	public	search_api
DRX956849	DRR979300	public	search_api
DRX956850	DRR979301	public	search_api
DRX956851	DRR979302	public	search_api
DRX956852	DRR979303	public	search_api
DRX956853	DRR979304	public	search_api
DRX956854	DRR979305	public	search_api
DRX956855	DRR979306	public	search_api
DRX956856	DRR979307	public	search_api
DRX956857	DRR979308	public	search_api
DRX956858	DRR979309	public	search_api
DRX956859	DRR979310	public	search_api
DRX956860	DRR979311	public	search_api
DRX956861	DRR979312	public	search_api
DRX956862	DRR979313	public	search_api
DRX956863	DRR979314	public	search_api
DRX956864	DRR979315	public	search_api
DRX956865	DRR979316	public	search_api
DRX956866	DRR979317	public	search_api
DRX956867	DRR979318	public	search_api
DRX956868	DRR979319	public	search_api
DRX956869	DRR979320	public	search_api
DRX956870	DRR979321	public	search_api
DRX956871	DRR979322	public	search_api
DRX956872	DRR979323	public	search_api
DRX956873	DRR979324	public	search_api
DRX956874	DRR979325	public	search_api
DRX956875	DRR979326	public	search_api
DRX956876	DRR979327	public	search_api
DRX956877	DRR979328	public	search_api
DRX956878	DRR979329	public	search_api
DRX956879	DRR979330	public	search_api
DRX956880	DRR979331	public	search_api
DRX956881	DRR979332	public	search_api
DRX956882	DRR979333	public	search_api
DRX956883	DRR979334	public	search_api
DRX956884	DRR979335	public	search_api
DRX956885	DRR979336	public	search_api
DRX956886	DRR979337	public	search_api
DRX956887	DRR979338	public	search_api
DRX956888	DRR979339	public	search_api
DRX956889	DRR979340	public	search_api
DRX956890	DRR979341	public	search_api
DRX956891	DRR979342	public	search_api
DRX956892	DRR979343	public	search_api
DRX956893	DRR979344	public	search_api
DRX956894	DRR979345	public	search_api
DRX956895	DRR979346	public	search_api
DRX956896	DRR979347	public	search_api
DRX956897	DRR979348	public	search_api
DRX956898	DRR979349	public	search_api
DRX956899	DRR979350	public	search_api
DRX956900	DRR979351	public	search_api
DRX956901	DRR979352	public	search_api
DRX956902	DRR979353	public	search_api
DRX956903	DRR979354	public	search_api
DRX956904	DRR979355	public	search_api
DRX956905	DRR979356	public	search_api
DRX956906	DRR979357	public	search_api
DRX956907	DRR979358	public	search_api
DRX956908	DRR979359	public	search_api
DRX956909	DRR979360	public	search_api
DRX956910	DRR979361	public	search_api
DRX956911	DRR979362	public	search_api
DRX956912	DRR979363	public	search_api
DRX956913	DRR979364	public	search_api
DRX956914	DRR979365	public	search_api
DRX956915	DRR979366	public	search_api
DRX956916	DRR979367	public	search_api
DRX956917	DRR979368	public	search_api
DRX956918	DRR979369	public	search_api
DRX956919	DRR979370	public	search_api
DRX956920	DRR979371	public	search_api
DRX956921	DRR979372	public	search_api
DRX956922	DRR979373	public	search_api
DRX956923	DRR979374	public	search_api
DRX956924	DRR979375	public	search_api
DRX956925	DRR979376	public	search_api
DRX956926	DRR979377	public	search_api
DRX956927	DRR979378	public	search_api
DRX956928	DRR979379	public	search_api
DRX956929	DRR979380	public	search_api
DRX956930	DRR979381	public	search_api
DRX956931	DRR979382	public	search_api
DRX956932	DRR979383	public	search_api
DRX956933	DRR979384	public	search_api
DRX956934	DRR979385	public	search_api
DRX956935	DRR979386	public	search_api
DRX956936	DRR979387	public	search_api
DRX956937	DRR979388	public	search_api
DRX956938	DRR979389	public	search_api
DRX956939	DRR979390	public	search_api
DRX956940	DRR979391	public	search_api
DRX956941	DRR979392	public	search_api
DRX956942	DRR979393	public	search_api
DRX956943	DRR979394	public	search_api
DRX956944	DRR979395	public	search_api
DRX956945	DRR979396	public	search_api
DRX956946	DRR979397	public	search_api
DRX956947	DRR979398	public	search_api
DRX956948	DRR979399	public	search_api
DRX956949	DRR979400	public	search_api
DRX956950	DRR979401	public	search_api
DRX956951	DRR979402	public	search_api
DRX956952	DRR979403	public	search_api
DRX956953	DRR979404	public	search_api
DRX956954	DRR979405	public	search_api
DRX956955	DRR979406	public	search_api
DRX956956	DRR979407	public	search_api
DRX956957	DRR979408	public	search_api
DRX956958	DRR979409	public	search_api
DRX956959	DRR979410	public	search_api
DRX956960	DRR979411	public	search_api
DRX956961	DRR979412	public	search_api
DRX956962	DRR979413	public	search_api
DRX956963	DRR979414	public	search_api
DRX956964	DRR979415	public	search_api
DRX956965	DRR979416	public	search_api
DRX956966	DRR979417	public	search_api
DRX956967	DRR979418	public	search_api
DRX956968	DRR979419	public	search_api
DRX956969	DRR979420	public	search_api
DRX956970	DRR979421	public	search_api
DRX956971	DRR979422	public	search_api
DRX956972	DRR979423	public	search_api
DRX956973	DRR979424	public	search_api
DRX956974	DRR979425	public	search_api
DRX956975	DRR979426	public	search_api
DRX956976	DRR979427	public	search_api
DRX956977	DRR979428	public	search_api
DRX956978	DRR979429	public	search_api
DRX956979	DRR979430	public	search_api
DRX956980	DRR979431	public	search_api
DRX956981	DRR979432	public	search_api
DRX956982	DRR979433	public	search_api
DRX956983	DRR979434	public	search_api
DRX956984	DRR979435	public	search_api
DRX956985	DRR979436	public	search_api
DRX956986	DRR979437	public	search_api
DRX956987	DRR979438	public	search_api
DRX956988	DRR979439	public	search_api
DRX956989	DRR979440	public	search_api
DRX956990	DRR979441	public	search_api
DRX956991	DRR979442	public	search_api
DRX956992	DRR979443	public	search_api
DRX956993	DRR979444	public	search_api
DRX956994	DRR979445	public	search_api
DRX956995	DRR979446	public	search_api
DRX956996	DRR979447	public	search_api
DRX956997	DRR979448	public	search_api
DRX956998	DRR979449	public	search_api
DRX956999	DRR979450	public	search_api
DRX957000	DRR979451	public	search_api
DRX957001	DRR979452	public	search_api
DRX957002	DRR979453	public	search_api
DRX957003	DRR979454	public	search_api
DRX957004	DRR979455	public	search_api
DRX957005	DRR979456	public	search_api
DRX957006	DRR979457	public	search_api
DRX957007	DRR979458	public	search_api
DRX957008	DRR979459	public	search_api
DRX957009	DRR979460	public	search_api
DRX957010	DRR979461	public	search_api
DRX957011	DRR979462	public	search_api
DRX957012	DRR979463	public	search_api
DRX957013	DRR979464	public	search_api
DRX957014	DRR979465	public	search_api
DRX957015	DRR979466	public	search_api
DRX957016	DRR979467	public	search_api
DRX957017	DRR979468	public	search_api
DRX957018	DRR979469	public	search_api
DRX957019	DRR979470	public	search_api
DRX957020	DRR979471	public	search_api
DRX957021	DRR979472	public	search_api
DRX957022	DRR979473	public	search_api
DRX957023	DRR979474	public	search_api
DRX957024	DRR979475	public	search_api
DRX957025	DRR979476	public	search_api
DRX957026	DRR979477	public	search_api
DRX957027	DRR979478	public	search_api
DRX957028	DRR979479	public	search_api
DRX957029	DRR979480	public	search_api
DRX957030	DRR979481	public	search_api
DRX957031	DRR979482	public	search_api
DRX957032	DRR979483	public	search_api
DRX957033	DRR979484	public	search_api
DRX957034	DRR979485	public	search_api
DRX957035	DRR979486	public	search_api
DRX957036	DRR979487	public	search_api
DRX957037	DRR979488	public	search_api
DRX957038	DRR979489	public	search_api
DRX957039	DRR979490	public	search_api
DRX957040	DRR979491	public	search_api
DRX957041	DRR979492	public	search_api
DRX957042	DRR979493	public	search_api
DRX957043	DRR979494	public	search_api
DRX957044	DRR979495	public	search_api
DRX957045	DRR979496	public	search_api
DRX957046	DRR979497	public	search_api
DRX957047	DRR979498	public	search_api
DRX957048	DRR979499	public	search_api
DRX957049	DRR979500	public	search_api
DRX957050	DRR979501	public	search_api
DRX957051	DRR979502	public	search_api
DRX957052	DRR979503	public	search_api
DRX957053	DRR979504	public	search_api
DRX957054	DRR979505	public	search_api
DRX957055	DRR979506	public	search_api
DRX957056	DRR979507	public	search_api
DRX957057	DRR979508	public	search_api
DRX957058	DRR979509	public	search_api
DRX957059	DRR979510	public	search_api
DRX957060	DRR979511	public	search_api
DRX957061	DRR979512	public	search_api
DRX957062	DRR979513	public	search_api
DRX957063	DRR979514	public	search_api
DRX957064	DRR979515	public	search_api
DRX957065	DRR979516	public	search_api
DRX957066	DRR979517	public	search_api
DRX957067	DRR979518	public	search_api
DRX957068	DRR979519	public	search_api
DRX957069	DRR979520	public	search_api
DRX957070	DRR979521	public	search_api
DRX957071	DRR979522	public	search_api
DRX957072	DRR979523	public	search_api
DRX957073	DRR979524	public	search_api
DRX957074	DRR979525	public	search_api
DRX957075	DRR979526	public	search_api
DRX957076	DRR979527	public	search_api
DRX957077	DRR979528	public	search_api
DRX957078	DRR979529	public	search_api
DRX957079	DRR979530	public	search_api
DRX957080	DRR979531	public	search_api
DRX957081	DRR979532	public	search_api
DRX957082	DRR979533	public	search_api
DRX957083	DRR979534	public	search_api
DRX957084	DRR979535	public	search_api
DRX957085	DRR979536	public	search_api
DRX957086	DRR979537	public	search_api
DRX957087	DRR979538	public	search_api
DRX957088	DRR979539	public	search_api
DRX957089	DRR979540	public	search_api
DRX957090	DRR979541	public	search_api
DRX957091	DRR979542	public	search_api
DRX957092	DRR979543	public	search_api
DRX957093	DRR979544	public	search_api
DRX957094	DRR979545	public	search_api
DRX957095	DRR979546	public	search_api
DRX957096	DRR979547	public	search_api
DRX957097	DRR979548	public	search_api
DRX957098	DRR979549	public	search_api
DRX957099	DRR979550	public	search_api
DRX957100	DRR979551	public	search_api
DRX957101	DRR979552	public	search_api
DRX957102	DRR979553	public	search_api
DRX957103	DRR979554	public	search_api
DRX957104	DRR979555	public	search_api
DRX957105	DRR979556	public	search_api
DRX957106	DRR979557	public	search_api
DRX957107	DRR979558	public	search_api
DRX957108	DRR979559	public	search_api
DRX957109	DRR979560	public	search_api
DRX957110	DRR979561	public	search_api
DRX957111	DRR979562	public	search_api
DRX957112	DRR979563	public	search_api
DRX957113	DRR979564	public	search_api
DRX957114	DRR979565	public	search_api
DRX957115	DRR979566	public	search_api
DRX957116	DRR979567	public	search_api
DRX957117	DRR979568	public	search_api
DRX957118	DRR979569	public	search_api
DRX957119	DRR979570	public	search_api
DRX957120	DRR979571	public	search_api
DRX957121	DRR979572	public	search_api
DRX957122	DRR979573	public	search_api
DRX957123	DRR979574	public	search_api
DRX957125	DRR979576	public	search_api
DRX957126	DRR979577	public	search_api
DRX957127	DRR979578	public	search_api
DRX957128	DRR979579	public	search_api
DRX957129	DRR979580	public	search_api
DRX957130	DRR979581	public	search_api
DRX957131	DRR979582	public	search_api
DRX957132	DRR979583	public	search_api
DRX957133	DRR979584	public	search_api
DRX957134	DRR979585	public	search_api
DRX957135	DRR979586	public	search_api
DRX957136	DRR979587	public	search_api
DRX957137	DRR979588	public	search_api
DRX957138	DRR979589	public	search_api
DRX957139	DRR979590	public	search_api
DRX957140	DRR979591	public	search_api
DRX957141	DRR979592	public	search_api
DRX957142	DRR979593	public	search_api
DRX957143	DRR979594	public	search_api
DRX957144	DRR979595	public	search_api
DRX957452	DRR979903	public	search_api
DRX957453	DRR979904	public	search_api
DRX957454	DRR979905	public	search_api
DRX957455	DRR979906	public	search_api
DRX957456	DRR979907	public	search_api
DRX957457	DRR979908	public	search_api
DRX957458	DRR979909	public	search_api
DRX957459	DRR979910	public	search_api
DRX957460	DRR979911	public	search_api
DRX957461	DRR979912	public	search_api
DRX957462	DRR979913	public	search_api
DRX957463	DRR979914	public	search_api
DRX957464	DRR979915	public	search_api
DRX957465	DRR979916	public	search_api
DRX957466	DRR979917	public	search_api
DRX957467	DRR979918	public	search_api
DRX957468	DRR979919	public	search_api
DRX957469	DRR979920	public	search_api
DRX957470	DRR979921	public	search_api
DRX957471	DRR979922	public	search_api
DRX957472	DRR979923	public	search_api
DRX957473	DRR979924	public	search_api
DRX957474	DRR979925	public	search_api
DRX957475	DRR979926	public	search_api
DRX957476	DRR979927	public	search_api
DRX957477	DRR979928	public	search_api
DRX957478	DRR979929	public	search_api
DRX957479	DRR979930	public	search_api
DRX957480	DRR979931	public	search_api
DRX957481	DRR979932	public	search_api
DRX957482	DRR979933	public	search_api
DRX957483	DRR979934	public	search_api
DRX957484	DRR979935	public	search_api
DRX957485	DRR979936	public	search_api
DRX957486	DRR979937	public	search_api
DRX957487	DRR979938	public	search_api
DRX957488	DRR979939	public	search_api
DRX957489	DRR979940	public	search_api
DRX957490	DRR979941	public	search_api
DRX957491	DRR979942	public	search_api
DRX957492	DRR979943	public	search_api
DRX957493	DRR979944	public	search_api
DRX957494	DRR979945	public	search_api
DRX957495	DRR979946	public	search_api
DRX957496	DRR979947	public	search_api
DRX957497	DRR979948	public	search_api
DRX957498	DRR979949	public	search_api
DRX957499	DRR979950	public	search_api
DRX957500	DRR979951	public	search_api
DRX957501	DRR979952	public	search_api
DRX957502	DRR979953	public	search_api
DRX957503	DRR979954	public	search_api
DRX957504	DRR979955	public	search_api
DRX957505	DRR979956	public	search_api
DRX957506	DRR979957	public	search_api
DRX957508	DRR979959	public	search_api
DRX957509	DRR979960	public	search_api
DRX957510	DRR979961	public	search_api
DRX957511	DRR979962	public	search_api
DRX957512	DRR979963	public	search_api
DRX957513	DRR979964	public	search_api
DRX957514	DRR979965	public	search_api
DRX957515	DRR979966	public	search_api
DRX957516	DRR979967	public	search_api
DRX957517	DRR979968	public	search_api
DRX957518	DRR979969	public	search_api
DRX957519	DRR979970	public	search_api
DRX957520	DRR979971	public	search_api
DRX957521	DRR979972	public	search_api
DRX957522	DRR979973	public	search_api
DRX957523	DRR979974	public	search_api
DRX957524	DRR979975	public	search_api
DRX957525	DRR979976	public	search_api
DRX957526	DRR979977	public	search_api
DRX957527	DRR979978	public	search_api
DRX957528	DRR979979	public	search_api
DRX957529	DRR979980	public	search_api
DRX957530	DRR979981	public	search_api
DRX957531	DRR979982	public	search_api
DRX957532	DRR979983	public	search_api
DRX957534	DRR979985	public	search_api
DRX957535	DRR979986	public	search_api
DRX957536	DRR979987	public	search_api
DRX957537	DRR979988	public	search_api
DRX957538	DRR979989	public	search_api
DRX957539	DRR979990	public	search_api
DRX957540	DRR979991	public	search_api
DRX957541	DRR979992	public	search_api
DRX957542	DRR979993	public	search_api
DRX957543	DRR979994	public	search_api
DRX957544	DRR979995	public	search_api
DRX957545	DRR979996	public	search_api
DRX957546	DRR979997	public	search_api
DRX957547	DRR979998	public	search_api
DRX957548	DRR979999	public	search_api
DRX957567	DRR980022	public	search_api
DRX957568	DRR980023	public	search_api
DRX957569	DRR980024	public	search_api
DRX957570	DRR980025	public	search_api
DRX957571	DRR980026	public	search_api
DRX957572	DRR980027	public	search_api
DRX957573	DRR980028	public	search_api
DRX957574	DRR980029	public	search_api
DRX957575	DRR980030	public	search_api
DRX957576	DRR980031	public	search_api
DRX957577	DRR980032	public	search_api
DRX957578	DRR980033	public	search_api
DRX957579	DRR980034	public	search_api
DRX957580	DRR980035	public	search_api
DRX957581	DRR980036	public	search_api
DRX957582	DRR980037	public	search_api
DRX957583	DRR980038	public	search_api
DRX957584	DRR980039	public	search_api
DRX957585	DRR980040	public	search_api
DRX957586	DRR980041	public	search_api
DRX957587	DRR980042	public	search_api
DRX957588	DRR980043	public	search_api
DRX957589	DRR980044	public	search_api
DRX957590	DRR980045	public	search_api
DRX957591	DRR980046	public	search_api
DRX957592	DRR980047	public	search_api
DRX957593	DRR980048	public	search_api
DRX957594	DRR980049	public	search_api
DRX957595	DRR980050	public	search_api
DRX957596	DRR980051	public	search_api
DRX957597	DRR980052	public	search_api
DRX957598	DRR980053	public	search_api
DRX957599	DRR980054	public	search_api
DRX957600	DRR980055	public	search_api
DRX957601	DRR980056	public	search_api
DRX957602	DRR980057	public	search_api
DRX957603	DRR980058	public	search_api
DRX957604	DRR980059	public	search_api
DRX957605	DRR980060	public	search_api
DRX957606	DRR980061	public	search_api
DRX957607	DRR980062	public	search_api
DRX957608	DRR980063	public	search_api
DRX957609	DRR980064	public	search_api
DRX957610	DRR980065	public	search_api
DRX957611	DRR980066	public	search_api
DRX957612	DRR980067	public	search_api
DRX957613	DRR980068	public	search_api
DRX957614	DRR980069	public	search_api
DRX957615	DRR980070	public	search_api
DRX957616	DRR980071	public	search_api
DRX957617	DRR980072	public	search_api
DRX957618	DRR980073	public	search_api
DRX957619	DRR980074	public	search_api
DRX957620	DRR980075	public	search_api
DRX957621	DRR980076	public	search_api
DRX957622	DRR980077	public	search_api
DRX957623	DRR980078	public	search_api
DRX957624	DRR980079	public	search_api
DRX957625	DRR980080	public	search_api
DRX957626	DRR980081	public	search_api
DRX957627	DRR980082	public	search_api
DRX957628	DRR980083	public	search_api
DRX957629	DRR980084	public	search_api
DRX957630	DRR980085	public	search_api
DRX957631	DRR980086	public	search_api
DRX957632	DRR980087	public	search_api
DRX957633	DRR980088	public	search_api
DRX957634	DRR980089	public	search_api
DRX957635	DRR980090	public	search_api
DRX957636	DRR980091	public	search_api
DRX957637	DRR980092	public	search_api
DRX957638	DRR980093	public	search_api
DRX957639	DRR980094	public	search_api
DRX957640	DRR980095	public	search_api
DRX957641	DRR980096	public	search_api
DRX957642	DRR980097	public	search_api
DRX957643	DRR980098	public	search_api
DRX957644	DRR980099	public	search_api
DRX957645	DRR980100	public	search_api
DRX957646	DRR980101	public	search_api
DRX957647	DRR980102	public	search_api
DRX957648	DRR980103	public	search_api
DRX957649	DRR980104	public	search_api
DRX957650	DRR980105	public	search_api
DRX957651	DRR980106	public	search_api
DRX957652	DRR980107	public	search_api
DRX957653	DRR980108	public	search_api
DRX957654	DRR980109	public	search_api
DRX957655	DRR980110	public	search_api
DRX957656	DRR980111	public	search_api
DRX957657	DRR980112	public	search_api
DRX957658	DRR980113	public	search_api
DRX957659	DRR980114	public	search_api
DRX957660	DRR980115	public	search_api
DRX957661	DRR980116	public	search_api
DRX957662	DRR980117	public	search_api
DRX957663	DRR980118	public	search_api
DRX957664	DRR980119	public	search_api
DRX957690	DRR980145	public	search_api
DRX957691	DRR980146	public	search_api
DRX957692	DRR980147	public	search_api
DRX957693	DRR980148	public	search_api
DRX957694	DRR980149	public	search_api
DRX957695	DRR980150	public	search_api
DRX957762	DRR980217	public	search_api
DRX957763	DRR980218	public	search_api
DRX957764	DRR980219	public	search_api
DRX957765	DRR980220	public	search_api
DRX957766	DRR980221	public	search_api
DRX957767	DRR980222	public	search_api
DRX957768	DRR980223	public	search_api
DRX957769	DRR980224	public	search_api
DRX957770	DRR980225	public	search_api
DRX957771	DRR980226	public	search_api
DRX957772	DRR980227	public	search_api
DRX957773	DRR980228	public	search_api
DRX957774	DRR980229	public	search_api
DRX957775	DRR980230	public	search_api
DRX957776	DRR980231	public	search_api
DRX957777	DRR980232	public	search_api
DRX957778	DRR980233	public	search_api
DRX957779	DRR980234	public	search_api
DRX957780	DRR980235	public	search_api
DRX957781	DRR980236	public	search_api
DRX957782	DRR980237	public	search_api
DRX957783	DRR980238	public	search_api
DRX957784	DRR980239	public	search_api
DRX957785	DRR980240	public	search_api
DRX957786	DRR980241	public	search_api
DRX957787	DRR980242	public	search_api
DRX957788	DRR980243	public	search_api
DRX957789	DRR980244	public	search_api
DRX957790	DRR980245	public	search_api
DRX957791	DRR980246	public	search_api
DRX957792	DRR980247	public	search_api
DRX957793	DRR980248	public	search_api
DRX957794	DRR980249	public	search_api
DRX957795	DRR980250	public	search_api
DRX957796	DRR980251	public	search_api
DRX957797	DRR980252	public	search_api
DRX957798	DRR980253	public	search_api
DRX957799	DRR980254	public	search_api
DRX957800	DRR980255	public	search_api
DRX957801	DRR980256	public	search_api
DRX957802	DRR980257	public	search_api
DRX957803	DRR980258	public	search_api
DRX957804	DRR980259	public	search_api
DRX957805	DRR980260	public	search_api
DRX957806	DRR980261	public	search_api
DRX957807	DRR980262	public	search_api
DRX957808	DRR980263	public	search_api
DRX957809	DRR980264	public	search_api
DRX957810	DRR980265	public	search_api
DRX957811	DRR980266	public	search_api
DRX957812	DRR980267	public	search_api
DRX957813	DRR980268	public	search_api
DRX957814	DRR980269	public	search_api
DRX957815	DRR980270	public	search_api
DRX957816	DRR980271	public	search_api
DRX957817	DRR980272	public	search_api
DRX957818	DRR980273	public	search_api
DRX957819	DRR980274	public	search_api
DRX957820	DRR980275	public	search_api
DRX957821	DRR980276	public	search_api
DRX957822	DRR980277	public	search_api
DRX957823	DRR980278	public	search_api
DRX957824	DRR980279	public	search_api
DRX957825	DRR980280	public	search_api
DRX957826	DRR980281	public	search_api
DRX957827	DRR980282	public	search_api
DRX957828	DRR980283	public	search_api
DRX957829	DRR980284	public	search_api
DRX957830	DRR980285	public	search_api
DRX957831	DRR980286	public	search_api
DRX957832	DRR980287	public	search_api
DRX957833	DRR980288	public	search_api
DRX957834	DRR980289	public	search_api
DRX957835	DRR980290	public	search_api
DRX957836	DRR980291	public	search_api
DRX957837	DRR980292	public	search_api
DRX957838	DRR980293	public	search_api
DRX957839	DRR980294	public	search_api
DRX957840	DRR980295	public	search_api
DRX957841	DRR980296	public	search_api
DRX957842	DRR980297	public	search_api
DRX957843	DRR980298	public	search_api
DRX957844	DRR980299	public	search_api
DRX957845	DRR980300	public	search_api
DRX957846	DRR980301	public	search_api
DRX957847	DRR980302	public	search_api
DRX957848	DRR980303	public	search_api
DRX957849	DRR980304	public	search_api
DRX957851	DRR980306	public	search_api
DRX957852	DRR980307	public	search_api
DRX957853	DRR980308	public	search_api
DRX957854	DRR980309	public	search_api
DRX957855	DRR980310	public	search_api
DRX957856	DRR980311	public	search_api
DRX957857	DRR980312	public	search_api
DRX957858	DRR980313	public	search_api
DRX957859	DRR980314	public	search_api
DRX957860	DRR980315	public	search_api
DRX957861	DRR980316	public	search_api
DRX957862	DRR980317	public	search_api
DRX957863	DRR980318	public	search_api
DRX957864	DRR980319	public	search_api
DRX957865	DRR980320	public	search_api
DRX957866	DRR980321	public	search_api
DRX957867	DRR980322	public	search_api
DRX957868	DRR980323	public	search_api
DRX957869	DRR980324	public	search_api
DRX957870	DRR980325	public	search_api
DRX957871	DRR980326	public	search_api
DRX957872	DRR980327	public	search_api
DRX957873	DRR980328	public	search_api
DRX957874	DRR980329	public	search_api
DRX957875	DRR980330	public	search_api
DRX957876	DRR980331	public	search_api
DRX957877	DRR980332	public	search_api
DRX957878	DRR980333	public	search_api
DRX957879	DRR980334	public	search_api
DRX957880	DRR980335	public	search_api
DRX957881	DRR980336	public	search_api
DRX957882	DRR980337	public	search_api
DRX957883	DRR980338	public	search_api
DRX957884	DRR980339	public	search_api
DRX957885	DRR980340	public	search_api
DRX957886	DRR980341	public	search_api
DRX957887	DRR980342	public	search_api
DRX957888	DRR980343	public	search_api
DRX957889	DRR980344	public	search_api
DRX957890	DRR980345	public	search_api
DRX957891	DRR980346	public	search_api
DRX957892	DRR980347	public	search_api
DRX957893	DRR980348	public	search_api
DRX957894	DRR980349	public	search_api
DRX957895	DRR980350	public	search_api
DRX957896	DRR980351	public	search_api
DRX957897	DRR980352	public	search_api
DRX957898	DRR980353	public	search_api
DRX957899	DRR980354	public	search_api
DRX957900	DRR980355	public	search_api
DRX957901	DRR980356	public	search_api
DRX957902	DRR980357	public	search_api
DRX957903	DRR980358	public	search_api
DRX957904	DRR980359	public	search_api
DRX957905	DRR980360	public	search_api
DRX957906	DRR980361	public	search_api
DRX957907	DRR980362	public	search_api
DRX957908	DRR980363	public	search_api
DRX957909	DRR980364	public	search_api
DRX957910	DRR980365	public	search_api
DRX957911	DRR980366	public	search_api
DRX957912	DRR980367	public	search_api
DRX957913	DRR980368	public	search_api
DRX957914	DRR980369	public	search_api
DRX957915	DRR980370	public	search_api
DRX957916	DRR980371	public	search_api
DRX957917	DRR980372	public	search_api
DRX957918	DRR980373	public	search_api
DRX957919	DRR980374	public	search_api
DRX957920	DRR980375	public	search_api
DRX957921	DRR980376	public	search_api
DRX957922	DRR980377	public	search_api
DRX957923	DRR980378	public	search_api
DRX957924	DRR980379	public	search_api
DRX957925	DRR980380	public	search_api
DRX957926	DRR980381	public	search_api
DRX957927	DRR980382	public	search_api
DRX957928	DRR980383	public	search_api
DRX957929	DRR980384	public	search_api
DRX957930	DRR980385	public	search_api
DRX957931	DRR980386	public	search_api
DRX957932	DRR980387	public	search_api
DRX957933	DRR980388	public	search_api
DRX957934	DRR980389	public	search_api
DRX957935	DRR980390	public	search_api
DRX957936	DRR980391	public	search_api
DRX957937	DRR980392	public	search_api
DRX957938	DRR980393	public	search_api
DRX957939	DRR980394	public	search_api
DRX957940	DRR980395	public	search_api
DRX957941	DRR980396	public	search_api
DRX957942	DRR980397	public	search_api
DRX957943	DRR980398	public	search_api
DRX957944	DRR980399	public	search_api
DRX957945	DRR980400	public	search_api
DRX957946	DRR980401	public	search_api
DRX957947	DRR980402	public	search_api
DRX957948	DRR980403	public	search_api
DRX957949	DRR980404	public	search_api
DRX957950	DRR980405	public	search_api
DRX957951	DRR980406	public	search_api
DRX957952	DRR980407	public	search_api
DRX957953	DRR980408	public	search_api
DRX957954	DRR980409	public	search_api
DRX957955	DRR980410	public	search_api
DRX957956	DRR980411	public	search_api
DRX957957	DRR980412	public	search_api
DRX957958	DRR980413	public	search_api
DRX957959	DRR980414	public	search_api
DRX957960	DRR980415	public	search_api
DRX957961	DRR980416	public	search_api
DRX957962	DRR980417	public	search_api
DRX957963	DRR980418	public	search_api
DRX957964	DRR980419	public	search_api
DRX957965	DRR980420	public	search_api
DRX957966	DRR980421	public	search_api
DRX957967	DRR980422	public	search_api
DRX957968	DRR980423	public	search_api
DRX957969	DRR980424	public	search_api
DRX957970	DRR980425	public	search_api
DRX957971	DRR980426	public	search_api
DRX957972	DRR980427	public	search_api
DRX957973	DRR980428	public	search_api
DRX957974	DRR980429	public	search_api
DRX957975	DRR980430	public	search_api
DRX957976	DRR980431	public	search_api
DRX957978	DRR980433	public	search_api
DRX957979	DRR980434	public	search_api
DRX957980	DRR980435	public	search_api
DRX957981	DRR980436	public	search_api
DRX957982	DRR980437	public	search_api
DRX957983	DRR980438	public	search_api
DRX957984	DRR980439	public	search_api
DRX957985	DRR980440	public	search_api
DRX957986	DRR980441	public	search_api
DRX957987	DRR980442	public	search_api
DRX957988	DRR980443	public	search_api
DRX957989	DRR980444	public	search_api
DRX957990	DRR980445	public	search_api
DRX957991	DRR980446	public	search_api
DRX957992	DRR980447	public	search_api
DRX957993	DRR980448	public	search_api
DRX957994	DRR980449	public	search_api
DRX957995	DRR980450	public	search_api
DRX957996	DRR980451	public	search_api
DRX957997	DRR980452	public	search_api
DRX957998	DRR980453	public	search_api
DRX957999	DRR980454	public	search_api
DRX958000	DRR980455	public	search_api
DRX958001	DRR980456	public	search_api
DRX958002	DRR980457	public	search_api
DRX958003	DRR980458	public	search_api
DRX958004	DRR980459	public	search_api
DRX958005	DRR980460	public	search_api
DRX958006	DRR980461	public	search_api
DRX958007	DRR980462	public	search_api
DRX958008	DRR980463	public	search_api
DRX958009	DRR980464	public	search_api
DRX958010	DRR980465	public	search_api
DRX958011	DRR980466	public	search_api
DRX958012	DRR980467	public	search_api
DRX958013	DRR980468	public	search_api
DRX958014	DRR980469	public	search_api
DRX958015	DRR980470	public	search_api
DRX958016	DRR980471	public	search_api
DRX958017	DRR980472	public	search_api
DRX958018	DRR980473	public	search_api
DRX958019	DRR980474	public	search_api
DRX958020	DRR980475	public	search_api
DRX958021	DRR980476	public	search_api
DRX958022	DRR980477	public	search_api
DRX958023	DRR980478	public	search_api
DRX958024	DRR980479	public	search_api
DRX958025	DRR980480	public	search_api
DRX958026	DRR980481	public	search_api
DRX958027	DRR980482	public	search_api
DRX958028	DRR980483	public	search_api
DRX958029	DRR980484	public	search_api
DRX958030	DRR980485	public	search_api
DRX958031	DRR980486	public	search_api
DRX958032	DRR980487	public	search_api
DRX958033	DRR980488	public	search_api
DRX958034	DRR980489	public	search_api
DRX958035	DRR980490	public	search_api
DRX958036	DRR980491	public	search_api
DRX958037	DRR980492	public	search_api
DRX958038	DRR980493	public	search_api
DRX958039	DRR980494	public	search_api
DRX958040	DRR980495	public	search_api
DRX958041	DRR980496	public	search_api
DRX958042	DRR980497	public	search_api
DRX958043	DRR980498	public	search_api
DRX958044	DRR980499	public	search_api
DRX958045	DRR980500	public	search_api
DRX958046	DRR980501	public	search_api
DRX958047	DRR980502	public	search_api
DRX958048	DRR980503	public	search_api
DRX958049	DRR980504	public	search_api
DRX958050	DRR980505	public	search_api
DRX958051	DRR980506	public	search_api
DRX958052	DRR980507	public	search_api
DRX958053	DRR980508	public	search_api
DRX958054	DRR980509	public	search_api
DRX958055	DRR980510	public	search_api
DRX958056	DRR980511	public	search_api
DRX958057	DRR980512	public	search_api
DRX958058	DRR980513	public	search_api
DRX958059	DRR980514	public	search_api
DRX958060	DRR980515	public	search_api
DRX958061	DRR980516	public	search_api
DRX958062	DRR980517	public	search_api
DRX958063	DRR980518	public	search_api
DRX958064	DRR980519	public	search_api
DRX958065	DRR980520	public	search_api
DRX958066	DRR980521	public	search_api
DRX958067	DRR980522	public	search_api
DRX958068	DRR980523	public	search_api
DRX958069	DRR980524	public	search_api
DRX958070	DRR980525	public	search_api
DRX958071	DRR980526	public	search_api
DRX958072	DRR980527	public	search_api
DRX958073	DRR980528	public	search_api
DRX958074	DRR980529	public	search_api
DRX958075	DRR980530	public	search_api
DRX958076	DRR980531	public	search_api
DRX958077	DRR980532	public	search_api
DRX958078	DRR980533	public	search_api
DRX958079	DRR980534	public	search_api
DRX958080	DRR980535	public	search_api
DRX958081	DRR980536	public	search_api
DRX958082	DRR980537	public	search_api
DRX958083	DRR980538	public	search_api
DRX958084	DRR980539	public	search_api
DRX958085	DRR980540	public	search_api
DRX958086	DRR980541	public	search_api
DRX958087	DRR980542	public	search_api
DRX958088	DRR980543	public	search_api
DRX958089	DRR980544	public	search_api
DRX958090	DRR980545	public	search_api
DRX958091	DRR980546	public	search_api
DRX958092	DRR980547	public	search_api
DRX958093	DRR980548	public	search_api
DRX958094	DRR980549	public	search_api
DRX958095	DRR980550	public	search_api
DRX958096	DRR980551	public	search_api
DRX958097	DRR980552	public	search_api
DRX958098	DRR980553	public	search_api
DRX958099	DRR980554	public	search_api
DRX958100	DRR980555	public	search_api
DRX958101	DRR980556	public	search_api
DRX958102	DRR980557	public	search_api
DRX958103	DRR980558	public	search_api
DRX958104	DRR980559	public	search_api
DRX958105	DRR980560	public	search_api
DRX958106	DRR980561	public	search_api
DRX958107	DRR980562	public	search_api
DRX958108	DRR980563	public	search_api
DRX958109	DRR980564	public	search_api
DRX958110	DRR980565	public	search_api
DRX958111	DRR980566	public	search_api
DRX958112	DRR980567	public	search_api
DRX958113	DRR980568	public	search_api
DRX958114	DRR980569	public	search_api
DRX958115	DRR980570	public	search_api
DRX958116	DRR980571	public	search_api
DRX958117	DRR980572	public	search_api
DRX958118	DRR980573	public	search_api
DRX958119	DRR980574	public	search_api
DRX958120	DRR980575	public	search_api
DRX958121	DRR980576	public	search_api
DRX958122	DRR980577	public	search_api
DRX958152	DRR980607	public	search_api
DRX958153	DRR980608	public	search_api
DRX958154	DRR980609	public	search_api
DRX958155	DRR980610	public	search_api
DRX958156	DRR980611	public	search_api
DRX958157	DRR980612	public	search_api
DRX958158	DRR980613	public	search_api
DRX958159	DRR980614	public	search_api
DRX958160	DRR980615	public	search_api
DRX958161	DRR980616	public	search_api
DRX958162	DRR980617	public	search_api
DRX958163	DRR980618	public	search_api
DRX958164	DRR980619	public	search_api
DRX958165	DRR980620	public	search_api
DRX958166	DRR980621	public	search_api
DRX958167	DRR980622	public	search_api
DRX958168	DRR980623	public	search_api
DRX958169	DRR980624	public	search_api
DRX958170	DRR980625	public	search_api
DRX958171	DRR980626	public	search_api
DRX958172	DRR980627	public	search_api
DRX958173	DRR980628	public	search_api
DRX958174	DRR980629	public	search_api
DRX958175	DRR980630	public	search_api
DRX958176	DRR980631	public	search_api
DRX958177	DRR980632	public	search_api
DRX958178	DRR980633	public	search_api
DRX958179	DRR980634	public	search_api
DRX958180	DRR980635	public	search_api
DRX958181	DRR980636	public	search_api
DRX958182	DRR980637	public	search_api
DRX958183	DRR980638	public	search_api
DRX958184	DRR980639	public	search_api
DRX958185	DRR980640	public	search_api
DRX958186	DRR980641	public	search_api
DRX958187	DRR980642	public	search_api
DRX958188	DRR980643	public	search_api
DRX958189	DRR980644	public	search_api
DRX958190	DRR980645	public	search_api
DRX958191	DRR980646	public	search_api
DRX958192	DRR980647	public	search_api
DRX958193	DRR980648	public	search_api
DRX958194	DRR980649	public	search_api
DRX958195	DRR980650	public	search_api
DRX958196	DRR980651	public	search_api
DRX958197	DRR980652	public	search_api
DRX958198	DRR980653	public	search_api
DRX958199	DRR980654	public	search_api
DRX958200	DRR980655	public	search_api
DRX958201	DRR980656	public	search_api
DRX958202	DRR980657	public	search_api
DRX958203	DRR980658	public	search_api
DRX958204	DRR980659	public	search_api
DRX958205	DRR980660	public	search_api
DRX958206	DRR980661	public	search_api
DRX958207	DRR980662	public	search_api
DRX958208	DRR980663	public	search_api
DRX958209	DRR980664	public	search_api
DRX958210	DRR980665	public	search_api
DRX958211	DRR980666	public	search_api
DRX958212	DRR980667	public	search_api
DRX958213	DRR980668	public	search_api
DRX958214	DRR980669	public	search_api
DRX958215	DRR980670	public	search_api
DRX958216	DRR980671	public	search_api
DRX958217	DRR980672	public	search_api
DRX958218	DRR980673	public	search_api
DRX958219	DRR980674	public	search_api
DRX958220	DRR980675	public	search_api
DRX958221	DRR980676	public	search_api
DRX958222	DRR980677	public	search_api
DRX958223	DRR980678	public	search_api
DRX958224	DRR980679	public	search_api
DRX958225	DRR980680	public	search_api
DRX958226	DRR980681	public	search_api
DRX958227	DRR980682	public	search_api
DRX958228	DRR980683	public	search_api
DRX958229	DRR980684	public	search_api
DRX958230	DRR980685	public	search_api
DRX958231	DRR980686	public	search_api
DRX958232	DRR980687	public	search_api
DRX958233	DRR980688	public	search_api
DRX958234	DRR980689	public	search_api
DRX958235	DRR980690	public	search_api
DRX958236	DRR980691	public	search_api
DRX958237	DRR980692	public	search_api
DRX958238	DRR980693	public	search_api
DRX958239	DRR980694	public	search_api
DRX958240	DRR980695	public	search_api
DRX958241	DRR980696	public	search_api
DRX958242	DRR980697	public	search_api
DRX958243	DRR980698	public	search_api
DRX958244	DRR980699	public	search_api
DRX958245	DRR980700	public	search_api
DRX958246	DRR980701	public	search_api
DRX958247	DRR980702	public	search_api
DRX958248	DRR980703	public	search_api
DRX958249	DRR980704	public	search_api
DRX958250	DRR980705	public	search_api
DRX958251	DRR980706	public	search_api
DRX958252	DRR980707	public	search_api
DRX958253	DRR980708	public	search_api
DRX958255	DRR980710	public	search_api
DRX958256	DRR980711	public	search_api
DRX958257	DRR980712	public	search_api
DRX958258	DRR980713	public	search_api
DRX958259	DRR980714	public	search_api
DRX958260	DRR980715	public	search_api
DRX958261	DRR980716	public	search_api
DRX958262	DRR980717	public	search_api
DRX958263	DRR980718	public	search_api
DRX958264	DRR980719	public	search_api
DRX958265	DRR980720	public	search_api
DRX958266	DRR980721	public	search_api
DRX958267	DRR980722	public	search_api
DRX958268	DRR980723	public	search_api
DRX958269	DRR980724	public	search_api
DRX958270	DRR980725	public	search_api
DRX958271	DRR980726	public	search_api
DRX958272	DRR980727	public	search_api
DRX958273	DRR980728	public	search_api
DRX958274	DRR980729	public	search_api
DRX958275	DRR980730	public	search_api
DRX958276	DRR980731	public	search_api
DRX958277	DRR980732	public	search_api
DRX958278	DRR980733	public	search_api
DRX958279	DRR980734	public	search_api
DRX958280	DRR980735	public	search_api
DRX958281	DRR980736	public	search_api
DRX958282	DRR980737	public	search_api
DRX958283	DRR980738	public	search_api
DRX958284	DRR980739	public	search_api
DRX958285	DRR980740	public	search_api
DRX958286	DRR980741	public	search_api
DRX958287	DRR980742	public	search_api
DRX958288	DRR980743	public	search_api
DRX958289	DRR980744	public	search_api
DRX958290	DRR980745	public	search_api
DRX958291	DRR980746	public	search_api
DRX958292	DRR980747	public	search_api
DRX958293	DRR980748	public	search_api
DRX958294	DRR980749	public	search_api
DRX958295	DRR980750	public	search_api
DRX958296	DRR980751	public	search_api
DRX958297	DRR980752	public	search_api
DRX958298	DRR980753	public	search_api
DRX958299	DRR980754	public	search_api
DRX958300	DRR980755	public	search_api
DRX958301	DRR980756	public	search_api
DRX958302	DRR980757	public	search_api
DRX958303	DRR980758	public	search_api
DRX958304	DRR980759	public	search_api
DRX958305	DRR980760	public	search_api
DRX958306	DRR980761	public	search_api
DRX958307	DRR980762	public	search_api
DRX958308	DRR980763	public	search_api
DRX958309	DRR980764	public	search_api
DRX958310	DRR980765	public	search_api
DRX958311	DRR980766	public	search_api
DRX958312	DRR980767	public	search_api
DRX958313	DRR980768	public	search_api
DRX958314	DRR980769	public	search_api
DRX958315	DRR980770	public	search_api
DRX958316	DRR980771	public	search_api
DRX958317	DRR980772	public	search_api
DRX958318	DRR980773	public	search_api
DRX958319	DRR980774	public	search_api
DRX958320	DRR980775	public	search_api
DRX958321	DRR980776	public	search_api
DRX958322	DRR980777	public	search_api
DRX958323	DRR980778	public	search_api
DRX958324	DRR980779	public	search_api
DRX958325	DRR980780	public	search_api
DRX958326	DRR980781	public	search_api
DRX958327	DRR980782	public	search_api
DRX958328	DRR980783	public	search_api
DRX958329	DRR980784	public	search_api
DRX958330	DRR980785	public	search_api
DRX958331	DRR980786	public	search_api
DRX958332	DRR980787	public	search_api
DRX958333	DRR980788	public	search_api
DRX958334	DRR980789	public	search_api
DRX958335	DRR980790	public	search_api
DRX958336	DRR980791	public	search_api
DRX958337	DRR980792	public	search_api
DRX958338	DRR980793	public	search_api
DRX958339	DRR980794	public	search_api
DRX958340	DRR980795	public	search_api
DRX958341	DRR980796	public	search_api
DRX958342	DRR980797	public	search_api
DRX958343	DRR980798	public	search_api
DRX958344	DRR980799	public	search_api
DRX958345	DRR980800	public	search_api
DRX958346	DRR980801	public	search_api
DRX958347	DRR980802	public	search_api
DRX958348	DRR980803	public	search_api
DRX958349	DRR980804	public	search_api
DRX958350	DRR980805	public	search_api
DRX958351	DRR980806	public	search_api
DRX958352	DRR980807	public	search_api
DRX958353	DRR980808	public	search_api
DRX958354	DRR980809	public	search_api
DRX958355	DRR980810	public	search_api
DRX958356	DRR980811	public	search_api
DRX958357	DRR980812	public	search_api
DRX958358	DRR980813	public	search_api
DRX958359	DRR980814	public	search_api
DRX958360	DRR980815	public	search_api
DRX958361	DRR980816	public	search_api
DRX958362	DRR980817	public	search_api
DRX958363	DRR980818	public	search_api
DRX958364	DRR980819	public	search_api
DRX958365	DRR980820	public	search_api
DRX958366	DRR980821	public	search_api
DRX958367	DRR980822	public	search_api
DRX958368	DRR980823	public	search_api
DRX958369	DRR980824	public	search_api
DRX958370	DRR980825	public	search_api
DRX958371	DRR980826	public	search_api
DRX958372	DRR980827	public	search_api
DRX958373	DRR980828	public	search_api
DRX958374	DRR980829	public	search_api
DRX958375	DRR980830	public	search_api
DRX958376	DRR980831	public	search_api
DRX958377	DRR980832	public	search_api
DRX958378	DRR980833	public	search_api
DRX958379	DRR980834	public	search_api
DRX958380	DRR980835	public	search_api
DRX958381	DRR980836	public	search_api
DRX958382	DRR980837	public	search_api
DRX958383	DRR980838	public	search_api
DRX958384	DRR980839	public	search_api
DRX958385	DRR980840	public	search_api
DRX958386	DRR980841	public	search_api
DRX958387	DRR980842	public	search_api
DRX958388	DRR980843	public	search_api
DRX958389	DRR980844	public	search_api
DRX958390	DRR980845	public	search_api
DRX958391	DRR980846	public	search_api
DRX958392	DRR980847	public	search_api
DRX958393	DRR980848	public	search_api
DRX958394	DRR980849	public	search_api
DRX958395	DRR980850	public	search_api
DRX958396	DRR980851	public	search_api
DRX958397	DRR980852	public	search_api
DRX958398	DRR980853	public	search_api
DRX958399	DRR980854	public	search_api
DRX958400	DRR980855	public	search_api
DRX958401	DRR980856	public	search_api
DRX958402	DRR980857	public	search_api
DRX958403	DRR980858	public	search_api
DRX958404	DRR980859	public	search_api
DRX958405	DRR980860	public	search_api
DRX958406	DRR980861	public	search_api
DRX958407	DRR980862	public	search_api
DRX958408	DRR980863	public	search_api
DRX958409	DRR980864	public	search_api
DRX958410	DRR980865	public	search_api
DRX958411	DRR980866	public	search_api
DRX958412	DRR980867	public	search_api
DRX958413	DRR980868	public	search_api
DRX958414	DRR980869	public	search_api
DRX958415	DRR980870	public	search_api
DRX958416	DRR980871	public	search_api
DRX958473	DRR980928	public	search_api
DRX958474	DRR980929	public	search_api
DRX958475	DRR980930	public	search_api
DRX958476	DRR980931	public	search_api
DRX958477	DRR980932	public	search_api
DRX958478	DRR980933	public	search_api
DRX958479	DRR980934	public	search_api
DRX958480	DRR980935	public	search_api
DRX958481	DRR980936	public	search_api
DRX958482	DRR980937	public	search_api
DRX958483	DRR980938	public	search_api
DRX958506	DRR980961	public	search_api
DRX958507	DRR980962	public	search_api
DRX958508	DRR980963	public	search_api
DRX958509	DRR980964	public	search_api
DRX958510	DRR980965	public	search_api
DRX958511	DRR980966	public	search_api
DRX958512	DRR980967	public	search_api
DRX958513	DRR980968	public	search_api
DRX958514	DRR980969	public	search_api
DRX958515	DRR980970	public	search_api
DRX958516	DRR980971	public	search_api
DRX958517	DRR980972	public	search_api
DRX958518	DRR980973	public	search_api
DRX958519	DRR980974	public	search_api
DRX958520	DRR980975	public	search_api
DRX958521	DRR980976	public	search_api
DRX958522	DRR980977	public	search_api
DRX958523	DRR980978	public	search_api
DRX958524	DRR980979	public	search_api
DRX958525	DRR980980	public	search_api
DRX958526	DRR980981	public	search_api
DRX958527	DRR980982	public	search_api
DRX958528	DRR980983	public	search_api
DRX958529	DRR980984	public	search_api
DRX958538	DRR980993	public	search_api
DRX958539	DRR980994	public	search_api
DRX958540	DRR980995	public	search_api
DRX958541	DRR980996	public	search_api
DRX958542	DRR980997	public	search_api
DRX958543	DRR980998	public	search_api
DRX958544	DRR980999	public	search_api
DRX958545	DRR981000	public	search_api
DRX958547	DRR981002	public	search_api
DRX958548	DRR981003	public	search_api
DRX958549	DRR981004	public	search_api
DRX958550	DRR981005	public	search_api
DRX958551	DRR981006	public	search_api
DRX958552	DRR981007	public	search_api
DRX958553	DRR981008	public	search_api
DRX958554	DRR981009	public	search_api
DRX958555	DRR981010	public	search_api
DRX958556	DRR981011	public	search_api
DRX958557	DRR981012	public	search_api
DRX958558	DRR981013	public	search_api
DRX958559	DRR981014	public	search_api
DRX958560	DRR981015	public	search_api
DRX958561	DRR981016	public	search_api
DRX958574	DRR981029	public	search_api
DRX958575	DRR981030	public	search_api
DRX958576	DRR981031	public	search_api
DRX958577	DRR981032	public	search_api
DRX958578	DRR981033	public	search_api
DRX958579	DRR981034	public	search_api
DRX958580	DRR981035	public	search_api
DRX958581	DRR981036	public	search_api
DRX958582	DRR981037	public	search_api
DRX958583	DRR981038	public	search_api
DRX958584	DRR981039	public	search_api
DRX958585	DRR981040	public	search_api
DRX958586	DRR981041	public	search_api
DRX958587	DRR981042	public	search_api
DRX958588	DRR981043	public	search_api
DRX958589	DRR981044	public	search_api
DRX958590	DRR981045	public	search_api
DRX958591	DRR981046	public	search_api
DRX958592	DRR981047	public	search_api
DRX958593	DRR981048	public	search_api
DRX958594	DRR981049	public	search_api
DRX958595	DRR981050	public	search_api
DRX958596	DRR981051	public	search_api
DRX958597	DRR981052	public	search_api
DRX958598	DRR981053	public	search_api
DRX958600	DRR981055	public	search_api
DRX958601	DRR981056	public	search_api
DRX958602	DRR981057	public	search_api
DRX958603	DRR981058	public	search_api
DRX958604	DRR981059	public	search_api
DRX958605	DRR981060	public	search_api
DRX958606	DRR981061	public	search_api
DRX958607	DRR981062	public	search_api
DRX958608	DRR981063	public	search_api
DRX958609	DRR981064	public	search_api
DRX958610	DRR981065	public	search_api
DRX958611	DRR981066	public	search_api
DRX958612	DRR981067	public	search_api
DRX958613	DRR981068	public	search_api
DRX958614	DRR981069	public	search_api
DRX958615	DRR981070	public	search_api
DRX958685	DRR981140	public	search_api
DRX958686	DRR981141	public	search_api
DRX958687	DRR981142	public	search_api
DRX958700	DRR981155	public	search_api
DRX958701	DRR981156	public	search_api
DRX958702	DRR981157	public	search_api
DRX958703	DRR981158	public	search_api
DRX958704	DRR981159	public	search_api
DRX958705	DRR981160	public	search_api
DRX958716	DRR981171	public	search_api
DRX958717	DRR981172	public	search_api
DRX958721	DRR981176	public	search_api
DRX958722	DRR981177	public	search_api
DRX958723	DRR981178	public	search_api
DRX958724	DRR981179	public	search_api
DRX958725	DRR981180	public	search_api
DRX958726	DRR981181	public	search_api
DRX958727	DRR981182	public	search_api
DRX958728	DRR981183	public	search_api
DRX958729	DRR981184	public	search_api
DRX958730	DRR981185	public	search_api
DRX958731	DRR981186	public	search_api
DRX958732	DRR981187	public	search_api
DRX958733	DRR981188	public	search_api
DRX958734	DRR981189	public	search_api
DRX958735	DRR981190	public	search_api
DRX958736	DRR981191	public	search_api
DRX958737	DRR981192	public	search_api
DRX958739	DRR981194	public	search_api
DRX958740	DRR981195	public	search_api
DRX958741	DRR981196	public	search_api
DRX958742	DRR981197	public	search_api
DRX958743	DRR981198	public	search_api
DRX958744	DRR981199	public	search_api
DRX958745	DRR981200	public	search_api
DRX958746	DRR981201	public	search_api
DRX958747	DRR981202	public	search_api
DRX958748	DRR981203	public	search_api
DRX958749	DRR981204	public	search_api
DRX958750	DRR981205	public	search_api
DRX958751	DRR981206	public	search_api
DRX958752	DRR981207	public	search_api
DRX958753	DRR981208	public	search_api
DRX958754	DRR981209	public	search_api
DRX958755	DRR981210	public	search_api
DRX958756	DRR981211	public	search_api
DRX958757	DRR981212	public	search_api
DRX958758	DRR981213	public	search_api
DRX958759	DRR981214	public	search_api
DRX958760	DRR981215	public	search_api
DRX958761	DRR981216	public	search_api
DRX958763	DRR981218	public	search_api
DRX958764	DRR981219	public	search_api
DRX958765	DRR981220	public	search_api
DRX958766	DRR981221	public	search_api
DRX958767	DRR981222	public	search_api
DRX958768	DRR981223	public	search_api
DRX958769	DRR981224	public	search_api
DRX958770	DRR981225	public	search_api
DRX958771	DRR981226	public	search_api
DRX958772	DRR981227	public	search_api
DRX958773	DRR981228	public	search_api
DRX958774	DRR981229	public	search_api
DRX958775	DRR981230	public	search_api
DRX958776	DRR981231	public	search_api
DRX958777	DRR981232	public	search_api
DRX958778	DRR981233	public	search_api
DRX958779	DRR981234	public	search_api
DRX958780	DRR981235	public	search_api
DRX958782	DRR981237	public	search_api
DRX958783	DRR981238	public	search_api
DRX958784	DRR981239	public	search_api
DRX958785	DRR981240	public	search_api
DRX958786	DRR981241	public	search_api
DRX958787	DRR981242	public	search_api
DRX958788	DRR981243	public	search_api
DRX958789	DRR981244	public	search_api
DRX958790	DRR981245	public	search_api
DRX958791	DRR981246	public	search_api
DRX958792	DRR981247	public	search_api
DRX958793	DRR981248	public	search_api
DRX958794	DRR981249	public	search_api
DRX958795	DRR981250	public	search_api
DRX958796	DRR981251	public	search_api
DRX958797	DRR981252	public	search_api
DRX958798	DRR981253	public	search_api
DRX958799	DRR981254	public	search_api
DRX958800	DRR981255	public	search_api
DRX958801	DRR981256	public	search_api
DRX958802	DRR981257	public	search_api
DRX958803	DRR981258	public	search_api
DRX958804	DRR981259	public	search_api
DRX958805	DRR981260	public	search_api
DRX958806	DRR981261	public	search_api
DRX958807	DRR981262	public	search_api
DRX958808	DRR981263	public	search_api
DRX958809	DRR981264	public	search_api
DRX958810	DRR981265	public	search_api
DRX958811	DRR981266	public	search_api
DRX958812	DRR981267	public	search_api
DRX958813	DRR981268	public	search_api
DRX958814	DRR981269	public	search_api
DRX958815	DRR981270	public	search_api
DRX958816	DRR981271	public	search_api
DRX958817	DRR981272	public	search_api
DRX958818	DRR981273	public	search_api
DRX958819	DRR981274	public	search_api
DRX958820	DRR981275	public	search_api
DRX958821	DRR981276	public	search_api
DRX958822	DRR981277	public	search_api
DRX958823	DRR981278	public	search_api
DRX958824	DRR981279	public	search_api
DRX958825	DRR981280	public	search_api
DRX958826	DRR981281	public	search_api
DRX958827	DRR981282	public	search_api
DRX958828	DRR981283	public	search_api
DRX958829	DRR981284	public	search_api
DRX958830	DRR981285	public	search_api
DRX958831	DRR981286	public	search_api
DRX958832	DRR981287	public	search_api
DRX958833	DRR981288	public	search_api
DRX958834	DRR981289	public	search_api
DRX958835	DRR981290	public	search_api
DRX958836	DRR981291	public	search_api
DRX958837	DRR981292	public	search_api
DRX958838	DRR981293	public	search_api
DRX958839	DRR981294	public	search_api
DRX958840	DRR981295	public	search_api
DRX958841	DRR981296	public	search_api
DRX958842	DRR981297	public	search_api
DRX958843	DRR981298	public	search_api
DRX958844	DRR981299	public	search_api
DRX958845	DRR981300	public	search_api
DRX958846	DRR981301	public	search_api
DRX958847	DRR981302	public	search_api
DRX958848	DRR981303	public	search_api
DRX958849	DRR981304	public	search_api
DRX958850	DRR981305	public	search_api
DRX958851	DRR981306	public	search_api
DRX958852	DRR981307	public	search_api
DRX958853	DRR981308	public	search_api
DRX958854	DRR981309	public	search_api
DRX958855	DRR981310	public	search_api
DRX958856	DRR981311	public	search_api
DRX958857	DRR981312	public	search_api
DRX958858	DRR981313	public	search_api
DRX958859	DRR981314	public	search_api
DRX958860	DRR981315	public	search_api
DRX958861	DRR981316	public	search_api
DRX958862	DRR981317	public	search_api
DRX958863	DRR981318	public	search_api
DRX958864	DRR981319	public	search_api
DRX958865	DRR981320	public	search_api
DRX958866	DRR981321	public	search_api
DRX958867	DRR981322	public	search_api
DRX958868	DRR981323	public	search_api
DRX958869	DRR981324	public	search_api
DRX958870	DRR981325	public	search_api
DRX958871	DRR981326	public	search_api
DRX958872	DRR981327	public	search_api
DRX958873	DRR981328	public	search_api
DRX958874	DRR981329	public	search_api
DRX958875	DRR981330	public	search_api
DRX958876	DRR981331	public	search_api
DRX958877	DRR981332	public	search_api
DRX958878	DRR981333	public	search_api
DRX958879	DRR981334	public	search_api
DRX958880	DRR981335	public	search_api
DRX958881	DRR981336	public	search_api
DRX958882	DRR981337	public	search_api
DRX958883	DRR981338	public	search_api
DRX958884	DRR981339	public	search_api
DRX958885	DRR981340	public	search_api
DRX958886	DRR981341	public	search_api
DRX958887	DRR981342	public	search_api
DRX958888	DRR981343	public	search_api
DRX958889	DRR981344	public	search_api
DRX958890	DRR981345	public	search_api
DRX958891	DRR981346	public	search_api
DRX958893	DRR981348	public	search_api
DRX958894	DRR981349	public	search_api
DRX958895	DRR981350	public	search_api
DRX958896	DRR981351	public	search_api
DRX958897	DRR981352	public	search_api
DRX958898	DRR981353	public	search_api
DRX958899	DRR981354	public	search_api
DRX958900	DRR981355	public	search_api
DRX958901	DRR981356	public	search_api
DRX958902	DRR981357	public	search_api
DRX958903	DRR981358	public	search_api
DRX958904	DRR981359	public	search_api
DRX958905	DRR981360	public	search_api
DRX958906	DRR981361	public	search_api
DRX958907	DRR981362	public	search_api
DRX958908	DRR981363	public	search_api
DRX958909	DRR981364	public	search_api
DRX958910	DRR981365	public	search_api
DRX958911	DRR981366	public	search_api
DRX958912	DRR981367	public	search_api
DRX958913	DRR981368	public	search_api
DRX958914	DRR981369	public	search_api
DRX958915	DRR981370	public	search_api
DRX958916	DRR981371	public	search_api
DRX958917	DRR981372	public	search_api
DRX958918	DRR981373	public	search_api
DRX958919	DRR981374	public	search_api
DRX958920	DRR981375	public	search_api
DRX958921	DRR981376	public	search_api
DRX958922	DRR981377	public	search_api
DRX958923	DRR981378	public	search_api
DRX958925	DRR981380	public	search_api
DRX958926	DRR981381	public	search_api
DRX958927	DRR981382	public	search_api
DRX958928	DRR981383	public	search_api
DRX958929	DRR981384	public	search_api
DRX958930	DRR981385	public	search_api
DRX958931	DRR981386	public	search_api
DRX958932	DRR981387	public	search_api
DRX958933	DRR981388	public	search_api
DRX958934	DRR981389	public	search_api
DRX958935	DRR981390	public	search_api
DRX958936	DRR981391	public	search_api
DRX958937	DRR981392	public	search_api
DRX958938	DRR981393	public	search_api
DRX958939	DRR981394	public	search_api
DRX958940	DRR981395	public	search_api
DRX958941	DRR981396	public	search_api
DRX958942	DRR981397	public	search_api
DRX958943	DRR981398	public	search_api
DRX958944	DRR981399	public	search_api
DRX958945	DRR981400	public	search_api
DRX958946	DRR981401	public	search_api
DRX958947	DRR981402	public	search_api
DRX958948	DRR981403	public	search_api
DRX958949	DRR981404	public	search_api
DRX958950	DRR981405	public	search_api
DRX958951	DRR981406	public	search_api
DRX958952	DRR981407	public	search_api
DRX958953	DRR981408	public	search_api
DRX958954	DRR981409	public	search_api
DRX958955	DRR981410	public	search_api
DRX958956	DRR981411	public	search_api
DRX958957	DRR981412	public	search_api
DRX958958	DRR981413	public	search_api
DRX958959	DRR981414	public	search_api
DRX958960	DRR981415	public	search_api
DRX958961	DRR981416	public	search_api
DRX958962	DRR981417	public	search_api
DRX958963	DRR981418	public	search_api
DRX958964	DRR981419	public	search_api
DRX958965	DRR981420	public	search_api
DRX958966	DRR981421	public	search_api
DRX958967	DRR981422	public	search_api
DRX958968	DRR981423	public	search_api
DRX958969	DRR981424	public	search_api
DRX958970	DRR981425	public	search_api
DRX958971	DRR981426	public	search_api
DRX958972	DRR981427	public	search_api
DRX958973	DRR981428	public	search_api
DRX958974	DRR981429	public	search_api
DRX958975	DRR981430	public	search_api
DRX958976	DRR981431	public	search_api
DRX958977	DRR981432	public	search_api
DRX958978	DRR981433	public	search_api
DRX958979	DRR981434	public	search_api
DRX958980	DRR981435	public	search_api
DRX958981	DRR981436	public	search_api
DRX958982	DRR981437	public	search_api
DRX958983	DRR981438	public	search_api
DRX958984	DRR981439	public	search_api
DRX958985	DRR981440	public	search_api
DRX958986	DRR981441	public	search_api
DRX958987	DRR981442	public	search_api
DRX958988	DRR981443	public	search_api
DRX958989	DRR981444	public	search_api
DRX958990	DRR981445	public	search_api
DRX958991	DRR981446	public	search_api
DRX958992	DRR981447	public	search_api
DRX958993	DRR981448	public	search_api
DRX958994	DRR981449	public	search_api
DRX958995	DRR981450	public	search_api
DRX958996	DRR981451	public	search_api
DRX958998	DRR981453	public	search_api
DRX958999	DRR981454	public	search_api
DRX959000	DRR981455	public	search_api
DRX959001	DRR981456	public	search_api
DRX959002	DRR981457	public	search_api
DRX959003	DRR981458	public	search_api
DRX959004	DRR981459	public	search_api
DRX959005	DRR981460	public	search_api
DRX959006	DRR981461	public	search_api
DRX959007	DRR981462	public	search_api
DRX959008	DRR981463	public	search_api
DRX959009	DRR981464	public	search_api
DRX959010	DRR981465	public	search_api
DRX959011	DRR981466	public	search_api
DRX959012	DRR981467	public	search_api
DRX959013	DRR981468	public	search_api
DRX959014	DRR981469	public	search_api
DRX959015	DRR981470	public	search_api
DRX959016	DRR981471	public	search_api
DRX959017	DRR981472	public	search_api
DRX959018	DRR981473	public	search_api
DRX959019	DRR981474	public	search_api
DRX959020	DRR981475	public	search_api
DRX959021	DRR981476	public	search_api
DRX959022	DRR981477	public	search_api
DRX959023	DRR981478	public	search_api
DRX959024	DRR981479	public	search_api
DRX959025	DRR981480	public	search_api
DRX959026	DRR981481	public	search_api
DRX959027	DRR981482	public	search_api
DRX959028	DRR981483	public	search_api
DRX959029	DRR981484	public	search_api
DRX959030	DRR981485	public	search_api
DRX959031	DRR981486	public	search_api
DRX959032	DRR981487	public	search_api
DRX959033	DRR981488	public	search_api
DRX959034	DRR981489	public	search_api
DRX959035	DRR981490	public	search_api
DRX959036	DRR981491	public	search_api
DRX959037	DRR981492	public	search_api
DRX959038	DRR981493	public	search_api
DRX959039	DRR981494	public	search_api
DRX959040	DRR981495	public	search_api
DRX959041	DRR981496	public	search_api
DRX959042	DRR981497	public	search_api
DRX959043	DRR981498	public	search_api
DRX959044	DRR981499	public	search_api
DRX959045	DRR981500	public	search_api
DRX959046	DRR981501	public	search_api
DRX959047	DRR981502	public	search_api
DRX959048	DRR981503	public	search_api
DRX959049	DRR981504	public	search_api
DRX959051	DRR981506	public	search_api
DRX959052	DRR981507	public	search_api
DRX959233	DRR981688	public	search_api
DRX959234	DRR981689	public	search_api
DRX959235	DRR981690	public	search_api
DRX959236	DRR981691	public	search_api
DRX959237	DRR981692	public	search_api
DRX959238	DRR981693	public	search_api
DRX959239	DRR981694	public	search_api
DRX959240	DRR981695	public	search_api
DRX959241	DRR981696	public	search_api
DRX959242	DRR981697	public	search_api
DRX959243	DRR981698	public	search_api
DRX959244	DRR981699	public	search_api
DRX959245	DRR981700	public	search_api
DRX959246	DRR981701	public	search_api
DRX959247	DRR981702	public	search_api
DRX959248	DRR981703	public	search_api
DRX959249	DRR981704	public	search_api
DRX959250	DRR981705	public	search_api
DRX959251	DRR981706	public	search_api
DRX959252	DRR981707	public	search_api
DRX959253	DRR981708	public	search_api
DRX959254	DRR981709	public	search_api
DRX959255	DRR981710	public	search_api
DRX959256	DRR981711	public	search_api
DRX959257	DRR981712	public	search_api
DRX959258	DRR981713	public	search_api
DRX959259	DRR981714	public	search_api
DRX959260	DRR981715	public	search_api
DRX959261	DRR981716	public	search_api
DRX959262	DRR981717	public	search_api
DRX959263	DRR981718	public	search_api
DRX959264	DRR981719	public	search_api
DRX959265	DRR981720	public	search_api
DRX959266	DRR981721	public	search_api
DRX959267	DRR981722	public	search_api
DRX959268	DRR981723	public	search_api
DRX959269	DRR981724	public	search_api
DRX959270	DRR981725	public	search_api
DRX959271	DRR981726	public	search_api
DRX959272	DRR981727	public	search_api
DRX959273	DRR981728	public	search_api
DRX959274	DRR981729	public	search_api
DRX959275	DRR981730	public	search_api
DRX959276	DRR981731	public	search_api
DRX959277	DRR981732	public	search_api
DRX959278	DRR981733	public	search_api
DRX959279	DRR981734	public	search_api
DRX959280	DRR981735	public	search_api
DRX959281	DRR981736	public	search_api
DRX959282	DRR981737	public	search_api
DRX959284	DRR981739	public	search_api
DRX959285	DRR981740	public	search_api
DRX959286	DRR981741	public	search_api
DRX959287	DRR981742	public	search_api
DRX959288	DRR981743	public	search_api
DRX959290	DRR981745	public	search_api
DRX959291	DRR981746	public	search_api
DRX959292	DRR981747	public	search_api
DRX959293	DRR981748	public	search_api
DRX959294	DRR981749	public	search_api
DRX959295	DRR981750	public	search_api
DRX959297	DRR981752	public	search_api
DRX959298	DRR981753	public	search_api
DRX959299	DRR981754	public	search_api
DRX959300	DRR981755	public	search_api
DRX959301	DRR981756	public	search_api
DRX959302	DRR981757	public	search_api
DRX959303	DRR981758	public	search_api
DRX959304	DRR981759	public	search_api
DRX959305	DRR981760	public	search_api
DRX959306	DRR981761	public	search_api
DRX959307	DRR981762	public	search_api
DRX959308	DRR981763	public	search_api
DRX959309	DRR981764	public	search_api
DRX959310	DRR981765	public	search_api
DRX959311	DRR981766	public	search_api
DRX959312	DRR981767	public	search_api
DRX959313	DRR981768	public	search_api
DRX959314	DRR981769	public	search_api
DRX959315	DRR981770	public	search_api
DRX959316	DRR981771	public	search_api
DRX959317	DRR981772	public	search_api
DRX959318	DRR981773	public	search_api
DRX959319	DRR981774	public	search_api
DRX959320	DRR981775	public	search_api
DRX959321	DRR981776	public	search_api
DRX959329	DRR981784	public	search_api
DRX959330	DRR981785	public	search_api
DRX959331	DRR981786	public	search_api
DRX959332	DRR981787	public	search_api
DRX959333	DRR981788	public	search_api
DRX959334	DRR981789	public	search_api
DRX959335	DRR981790	public	search_api
DRX959336	DRR981791	public	search_api
DRX959337	DRR981792	public	search_api
DRX959338	DRR981793	public	search_api
DRX959339	DRR981794	public	search_api
DRX959340	DRR981795	public	search_api
DRX959341	DRR981796	public	search_api
DRX959342	DRR981797	public	search_api
DRX959343	DRR981798	public	search_api
DRX959344	DRR981799	public	search_api
DRX959345	DRR981800	public	search_api
DRX959346	DRR981801	public	search_api
DRX959347	DRR981802	public	search_api
DRX959348	DRR981803	public	search_api
DRX959349	DRR981804	public	search_api
DRX959350	DRR981805	public	search_api
DRX959351	DRR981806	public	search_api
DRX959352	DRR981807	public	search_api
DRX959353	DRR981808	public	search_api
DRX959354	DRR981809	public	search_api
DRX959354	DRR981810	public	search_api
DRX959354	DRR981811	public	search_api
DRX959355	DRR981812	public	search_api
DRX959355	DRR981813	public	search_api
DRX959356	DRR981814	public	search_api
DRX959356	DRR981815	public	search_api
DRX959357	DRR981816	public	search_api
DRX959357	DRR981817	public	search_api
DRX959358	DRR981818	public	search_api
DRX959360	DRR981820	public	search_api
DRX959361	DRR981821	public	search_api
DRX959361	DRR981822	public	search_api
DRX959362	DRR981823	public	search_api
DRX959363	DRR981824	public	search_api
DRX959364	DRR981825	public	search_api
DRX959365	DRR981826	public	search_api
DRX959366	DRR981827	public	search_api
DRX959367	DRR981828	public	search_api
DRX959368	DRR981829	public	search_api
DRX959369	DRR981830	public	search_api
DRX959370	DRR981831	public	search_api
DRX959371	DRR981832	public	search_api
DRX959372	DRR981833	public	search_api
DRX959373	DRR981834	public	search_api
DRX959374	DRR981835	public	search_api
DRX959375	DRR981836	public	search_api
DRX959376	DRR981837	public	search_api
DRX959377	DRR981838	public	search_api
DRX959378	DRR981839	public	search_api
DRX959379	DRR981840	public	search_api
DRX959380	DRR981841	public	search_api
DRX959381	DRR981842	public	search_api
DRX959382	DRR981843	public	search_api
DRX959383	DRR981844	public	search_api
DRX959384	DRR981845	public	search_api
DRX959385	DRR981846	public	search_api
DRX959387	DRR981849	public	search_api
DRX959387	DRR981850	public	search_api
DRX959388	DRR981851	public	search_api
DRX959389	DRR981852	public	search_api
DRX959389	DRR981853	public	search_api
DRX959390	DRR981854	public	search_api
DRX959391	DRR981855	public	search_api
DRX959392	DRR981856	public	search_api
DRX959394	DRR981858	public	search_api
DRX959395	DRR981859	public	search_api
DRX959396	DRR981860	public	search_api
DRX959397	DRR981861	public	search_api
DRX959397	DRR981862	public	search_api
DRX959398	DRR981863	public	search_api
DRX959399	DRR981864	public	search_api
DRX959400	DRR981865	public	search_api
DRX959401	DRR981866	public	search_api
DRX959402	DRR981867	public	search_api
DRX959403	DRR981868	public	search_api
DRX959404	DRR981869	public	search_api
DRX959405	DRR981870	public	search_api
DRX959406	DRR981871	public	search_api
DRX959407	DRR981872	public	search_api
DRX959408	DRR981873	public	search_api
DRX959409	DRR981874	public	search_api
DRX959410	DRR981875	public	search_api
DRX959411	DRR981876	public	search_api
DRX959412	DRR981877	public	search_api
DRX959413	DRR981878	public	search_api
DRX959414	DRR981879	public	search_api
DRX959415	DRR981880	public	search_api
DRX959416	DRR981881	public	search_api
DRX959417	DRR981882	public	search_api
DRX959418	DRR981883	public	search_api
DRX959419	DRR981884	public	search_api
DRX959420	DRR981885	public	search_api
DRX959421	DRR981886	public	search_api
DRX959422	DRR981887	public	search_api
DRX959423	DRR981888	public	search_api
DRX959424	DRR981889	public	search_api
DRX959425	DRR981890	public	search_api
DRX959426	DRR981891	public	search_api
DRX959427	DRR981892	public	search_api
DRX959428	DRR981893	public	search_api
DRX959429	DRR981894	public	search_api
DRX959430	DRR981895	public	search_api
DRX959431	DRR981896	public	search_api
DRX959433	DRR981898	public	search_api
DRX959434	DRR981899	public	search_api
DRX959436	DRR981901	public	search_api
DRX959437	DRR981902	public	search_api
DRX959438	DRR981903	public	search_api
DRX959439	DRR981904	public	search_api
DRX959440	DRR981905	public	search_api
DRX959441	DRR981906	public	search_api
DRX959442	DRR981907	public	search_api
DRX959442	DRR981908	public	search_api
DRX959443	DRR981909	public	search_api
DRX959444	DRR981910	public	search_api
DRX959448	DRR981916	public	search_api
DRX959449	DRR981917	public	search_api
DRX959450	DRR981918	public	search_api
DRX959451	DRR981919	public	search_api
DRX959452	DRR981920	public	search_api
DRX959453	DRR981921	public	search_api
DRX959453	DRR981922	public	search_api
DRX959454	DRR981923	public	search_api
DRX959455	DRR981924	public	search_api
DRX959456	DRR981925	public	search_api
DRX959457	DRR981926	public	search_api
DRX959458	DRR981927	public	search_api
DRX959459	DRR981928	public	search_api
DRX959460	DRR981929	public	search_api
DRX959461	DRR981930	public	search_api
DRX959462	DRR981931	public	search_api
DRX959463	DRR981932	public	search_api
DRX959464	DRR981933	public	search_api
DRX959465	DRR981934	public	search_api
DRX959466	DRR981935	public	search_api
DRX959467	DRR981936	public	search_api
DRX959468	DRR981937	public	search_api
DRX959469	DRR981938	public	search_api
DRX959470	DRR981939	public	search_api
DRX959471	DRR981940	public	search_api
DRX959472	DRR981941	public	search_api
DRX959473	DRR981942	public	search_api
DRX959474	DRR981943	public	search_api
DRX959475	DRR981944	public	search_api
DRX959476	DRR981945	public	search_api
DRX959477	DRR981946	public	search_api
DRX959478	DRR981947	public	search_api
DRX959479	DRR981948	public	search_api
DRX959480	DRR981949	public	search_api
DRX959481	DRR981950	public	search_api
DRX959482	DRR981951	public	search_api
DRX959483	DRR981952	public	search_api
DRX959484	DRR981953	public	search_api
DRX959485	DRR981954	public	search_api
DRX959486	DRR981955	public	search_api
DRX959487	DRR981956	public	search_api
DRX959488	DRR981957	public	search_api
DRX959489	DRR981958	public	search_api
DRX959490	DRR981959	public	search_api
DRX959491	DRR981960	public	search_api
DRX959492	DRR981961	public	search_api
DRX959493	DRR981962	public	search_api
DRX959494	DRR981963	public	search_api
DRX959495	DRR981964	public	search_api
DRX959496	DRR981965	public	search_api
DRX959497	DRR981966	public	search_api
DRX959498	DRR981967	public	search_api
DRX959499	DRR981968	public	search_api
DRX959500	DRR981969	public	search_api
DRX959501	DRR981970	public	search_api
DRX959502	DRR981971	public	search_api
DRX959503	DRR981972	public	search_api
DRX959504	DRR981973	public	search_api
DRX959505	DRR981974	public	search_api
DRX959506	DRR981975	public	search_api
DRX959507	DRR981976	public	search_api
DRX959508	DRR981977	public	search_api
DRX959509	DRR981978	public	search_api
DRX959510	DRR981979	public	search_api
DRX959511	DRR981980	public	search_api
DRX959512	DRR981981	public	search_api
DRX959513	DRR981982	public	search_api
DRX959514	DRR981983	public	search_api
DRX959515	DRR981984	public	search_api
DRX959516	DRR981985	public	search_api
DRX959517	DRR981986	public	search_api
DRX959518	DRR981987	public	search_api
DRX959519	DRR981988	public	search_api
DRX959520	DRR981989	public	search_api
DRX959521	DRR981990	public	search_api
DRX959522	DRR981991	public	search_api
DRX959523	DRR981992	public	search_api
DRX959524	DRR981993	public	search_api
DRX959525	DRR981994	public	search_api
DRX959526	DRR981995	public	search_api
DRX959527	DRR981996	public	search_api
DRX959528	DRR981997	public	search_api
DRX959529	DRR981998	public	search_api
DRX959530	DRR981999	public	search_api
DRX959531	DRR982000	public	search_api
DRX959532	DRR982001	public	search_api
DRX959533	DRR982002	public	search_api
DRX959534	DRR982003	public	search_api
DRX959535	DRR982004	public	search_api
DRX959536	DRR982005	public	search_api
DRX959537	DRR982006	public	search_api
DRX959538	DRR982007	public	search_api
DRX959539	DRR982008	public	search_api
DRX959540	DRR982009	public	search_api
DRX959541	DRR982010	public	search_api
DRX959542	DRR982011	public	search_api
DRX959543	DRR982012	public	search_api
DRX959544	DRR982013	public	search_api
DRX959545	DRR982014	public	search_api
DRX959546	DRR982015	public	search_api
DRX959547	DRR982016	public	search_api
DRX959548	DRR982017	public	search_api
DRX959549	DRR982018	public	search_api
DRX959550	DRR982019	public	search_api
DRX959551	DRR982020	public	search_api
DRX959552	DRR982021	public	search_api
DRX959553	DRR982022	public	search_api
DRX959554	DRR982023	public	search_api
DRX959555	DRR982024	public	search_api
DRX959556	DRR982025	public	search_api
DRX959557	DRR982026	public	search_api
DRX959558	DRR982027	public	search_api
DRX959559	DRR982028	public	search_api
DRX959560	DRR982029	public	search_api
DRX959561	DRR982030	public	search_api
DRX959562	DRR982031	public	search_api
DRX959563	DRR982032	public	search_api
DRX959564	DRR982033	public	search_api
DRX959565	DRR982034	public	search_api
DRX959566	DRR982035	public	search_api
DRX959567	DRR982036	public	search_api
DRX959568	DRR982037	public	search_api
DRX959569	DRR982038	public	search_api
DRX959570	DRR982039	public	search_api
DRX959571	DRR982040	public	search_api
DRX959572	DRR982041	public	search_api
DRX959573	DRR982042	public	search_api
DRX959574	DRR982043	public	search_api
DRX959575	DRR982044	public	search_api
DRX959576	DRR982045	public	search_api
DRX959577	DRR982046	public	search_api
DRX959578	DRR982047	public	search_api
DRX959579	DRR982048	public	search_api
DRX959580	DRR982049	public	search_api
DRX959581	DRR982050	public	search_api
DRX959582	DRR982051	public	search_api
DRX959583	DRR982052	public	search_api
DRX959584	DRR982053	public	search_api
DRX959585	DRR982054	public	search_api
DRX959586	DRR982055	public	search_api
DRX959587	DRR982056	public	search_api
DRX959588	DRR982057	public	search_api
DRX959589	DRR982058	public	search_api
DRX959590	DRR982059	public	search_api
DRX959591	DRR982060	public	search_api
DRX959592	DRR982061	public	search_api
DRX959593	DRR982062	public	search_api
DRX959594	DRR982063	public	search_api
DRX959595	DRR982064	public	search_api
DRX959596	DRR982065	public	search_api
DRX959597	DRR982066	public	search_api
DRX959598	DRR982067	public	search_api
DRX959599	DRR982068	public	search_api
DRX959600	DRR982069	public	search_api
DRX959601	DRR982070	public	search_api
DRX959602	DRR982071	public	search_api
DRX959603	DRR982072	public	search_api
DRX959604	DRR982073	public	search_api
DRX959605	DRR982074	public	search_api
DRX959606	DRR982075	public	search_api
DRX959607	DRR982076	public	search_api
DRX959608	DRR982077	public	search_api
DRX959609	DRR982078	public	search_api
DRX959610	DRR982079	public	search_api
DRX959611	DRR982080	public	search_api
DRX959612	DRR982081	public	search_api
DRX959613	DRR982082	public	search_api
DRX959614	DRR982083	public	search_api
DRX959615	DRR982084	public	search_api
DRX959616	DRR982085	public	search_api
DRX959617	DRR982086	public	search_api
DRX959618	DRR982087	public	search_api
DRX959619	DRR982088	public	search_api
DRX959620	DRR982089	public	search_api
DRX959621	DRR982090	public	search_api
DRX959622	DRR982091	public	search_api
DRX959623	DRR982092	public	search_api
DRX959624	DRR982093	public	search_api
DRX959625	DRR982094	public	search_api
DRX959626	DRR982095	public	search_api
DRX959627	DRR982096	public	search_api
DRX959628	DRR982097	public	search_api
DRX959629	DRR982098	public	search_api
DRX959630	DRR982099	public	search_api
DRX959631	DRR982100	public	search_api
DRX959632	DRR982101	public	search_api
DRX959633	DRR982102	public	search_api
DRX959634	DRR982103	public	search_api
DRX959635	DRR982104	public	search_api
DRX959636	DRR982105	public	search_api
DRX959637	DRR982106	public	search_api
DRX959638	DRR982107	public	search_api
DRX959639	DRR982108	public	search_api
DRX959640	DRR982109	public	search_api
DRX959641	DRR982110	public	search_api
DRX959642	DRR982111	public	search_api
DRX959643	DRR982112	public	search_api
DRX959644	DRR982113	public	search_api
DRX959645	DRR982114	public	search_api
DRX959646	DRR982115	public	search_api
DRX959647	DRR982116	public	search_api
DRX959648	DRR982117	public	search_api
DRX959649	DRR982118	public	search_api
DRX959650	DRR982119	public	search_api
DRX959651	DRR982120	public	search_api
DRX959652	DRR982121	public	search_api
DRX959653	DRR982122	public	search_api
DRX959654	DRR982123	public	search_api
DRX959655	DRR982124	public	search_api
DRX959656	DRR982125	public	search_api
DRX959657	DRR982126	public	search_api
DRX959658	DRR982127	public	search_api
DRX959659	DRR982128	public	search_api
DRX959660	DRR982129	public	search_api
DRX959661	DRR982130	public	search_api
DRX959662	DRR982131	public	search_api
DRX959663	DRR982132	public	search_api
DRX959664	DRR982133	public	search_api
DRX959665	DRR982134	public	search_api
DRX959666	DRR982135	public	search_api
DRX959667	DRR982136	public	search_api
DRX959668	DRR982137	public	search_api
DRX959669	DRR982138	public	search_api
DRX959670	DRR982139	public	search_api
DRX959671	DRR982140	public	search_api
DRX959672	DRR982141	public	search_api
DRX959673	DRR982142	public	search_api
DRX959674	DRR982143	public	search_api
DRX959675	DRR982144	public	search_api
DRX959676	DRR982145	public	search_api
DRX959678	DRR982147	public	search_api
DRX959679	DRR982148	public	search_api
DRX959680	DRR982149	public	search_api
DRX959681	DRR982150	public	search_api
DRX959682	DRR982151	public	search_api
DRX959683	DRR982152	public	search_api
DRX959684	DRR982153	public	search_api
DRX959685	DRR982154	public	search_api
DRX959686	DRR982155	public	search_api
DRX959687	DRR982156	public	search_api
DRX959688	DRR982157	public	search_api
DRX959689	DRR982158	public	search_api
DRX959690	DRR982159	public	search_api
DRX959691	DRR982160	public	search_api
DRX959692	DRR982161	public	search_api
DRX959693	DRR982162	public	search_api
DRX959694	DRR982163	public	search_api
DRX959695	DRR982164	public	search_api
DRX959696	DRR982165	public	search_api
DRX959697	DRR982166	public	search_api
DRX959698	DRR982167	public	search_api
DRX959699	DRR982168	public	search_api
DRX959700	DRR982169	public	search_api
DRX959701	DRR982170	public	search_api
DRX959702	DRR982171	public	search_api
DRX959703	DRR982172	public	search_api
DRX959704	DRR982173	public	search_api
DRX959705	DRR982174	public	search_api
DRX959706	DRR982175	public	search_api
DRX959707	DRR982176	public	search_api
DRX959708	DRR982177	public	search_api
DRX959709	DRR982178	public	search_api
DRX959710	DRR982179	public	search_api
DRX959711	DRR982180	public	search_api
DRX959712	DRR982181	public	search_api
DRX959713	DRR982182	public	search_api
DRX959714	DRR982183	public	search_api
DRX959715	DRR982184	public	search_api
DRX959716	DRR982185	public	search_api
DRX959717	DRR982186	public	search_api
DRX959718	DRR982187	public	search_api
DRX959719	DRR982188	public	search_api
DRX959720	DRR982189	public	search_api
DRX959721	DRR982190	public	search_api
DRX959722	DRR982191	public	search_api
DRX959723	DRR982192	public	search_api
DRX959724	DRR982193	public	search_api
DRX959725	DRR982194	public	search_api
DRX959726	DRR982195	public	search_api
DRX959727	DRR982196	public	search_api
DRX959728	DRR982197	public	search_api
DRX959729	DRR982198	public	search_api
DRX959730	DRR982199	public	search_api
DRX959731	DRR982200	public	search_api
DRX959732	DRR982201	public	search_api
DRX959733	DRR982202	public	search_api
DRX959734	DRR982203	public	search_api
DRX959735	DRR982204	public	search_api
DRX959736	DRR982205	public	search_api
DRX959737	DRR982206	public	search_api
DRX959738	DRR982207	public	search_api
DRX959739	DRR982208	public	search_api
DRX959740	DRR982209	public	search_api
DRX959741	DRR982210	public	search_api
DRX959742	DRR982211	public	search_api
DRX959743	DRR982212	public	search_api
DRX959744	DRR982213	public	search_api
DRX959745	DRR982214	public	search_api
DRX959746	DRR982215	public	search_api
DRX959747	DRR982216	public	search_api
DRX959748	DRR982217	public	search_api
DRX959749	DRR982218	public	search_api
DRX959750	DRR982219	public	search_api
DRX959751	DRR982220	public	search_api
DRX959752	DRR982221	public	search_api
DRX959753	DRR982222	public	search_api
DRX959754	DRR982223	public	search_api
DRX959755	DRR982224	public	search_api
DRX959756	DRR982225	public	search_api
DRX959757	DRR982226	public	search_api
DRX959758	DRR982227	public	search_api
DRX959759	DRR982228	public	search_api
DRX959760	DRR982229	public	search_api
DRX959761	DRR982230	public	search_api
DRX959762	DRR982231	public	search_api
DRX959763	DRR982232	public	search_api
DRX959764	DRR982233	public	search_api
DRX959765	DRR982234	public	search_api
DRX959766	DRR982235	public	search_api
DRX959767	DRR982236	public	search_api
DRX959768	DRR982237	public	search_api
DRX959769	DRR982238	public	search_api
DRX959770	DRR982239	public	search_api
DRX959771	DRR982240	public	search_api
DRX959772	DRR982241	public	search_api
DRX959773	DRR982242	public	search_api
DRX959774	DRR982243	public	search_api
DRX959775	DRR982244	public	search_api
DRX959776	DRR982245	public	search_api
DRX959777	DRR982246	public	search_api
DRX959778	DRR982247	public	search_api
DRX959779	DRR982248	public	search_api
DRX959780	DRR982249	public	search_api
DRX959781	DRR982250	public	search_api
DRX959782	DRR982251	public	search_api
DRX959783	DRR982252	public	search_api
DRX959784	DRR982253	public	search_api
DRX959785	DRR982254	public	search_api
DRX959786	DRR982255	public	search_api
DRX959787	DRR982256	public	search_api
DRX959788	DRR982257	public	search_api
DRX959789	DRR982258	public	search_api
DRX959790	DRR982259	public	search_api
DRX959791	DRR982260	public	search_api
DRX959792	DRR982261	public	search_api
DRX959793	DRR982262	public	search_api
DRX959794	DRR982263	public	search_api
DRX959795	DRR982264	public	search_api
DRX959796	DRR982265	public	search_api
DRX959797	DRR982266	public	search_api
DRX959798	DRR982267	public	search_api
DRX959799	DRR982268	public	search_api
DRX959800	DRR982269	public	search_api
DRX959801	DRR982270	public	search_api
DRX959802	DRR982271	public	search_api
DRX959803	DRR982272	public	search_api
DRX959804	DRR982273	public	search_api
DRX959805	DRR982274	public	search_api
DRX959806	DRR982275	public	search_api
DRX959807	DRR982276	public	search_api
DRX959808	DRR982277	public	search_api
DRX959809	DRR982278	public	search_api
DRX959810	DRR982279	public	search_api
DRX959811	DRR982280	public	search_api
DRX959812	DRR982281	public	search_api
DRX959813	DRR982282	public	search_api
DRX959814	DRR982283	public	search_api
DRX959815	DRR982284	public	search_api
DRX959816	DRR982285	public	search_api
DRX959817	DRR982286	public	search_api
DRX959818	DRR982287	public	search_api
DRX959819	DRR982288	public	search_api
DRX959820	DRR982289	public	search_api
DRX959821	DRR982290	public	search_api
DRX959822	DRR982291	public	search_api
DRX959823	DRR982292	public	search_api
DRX959824	DRR982293	public	search_api
DRX959825	DRR982294	public	search_api
DRX959826	DRR982295	public	search_api
DRX959827	DRR982296	public	search_api
DRX959828	DRR982297	public	search_api
DRX959829	DRR982298	public	search_api
DRX959830	DRR982299	public	search_api
DRX959831	DRR982300	public	search_api
DRX959832	DRR982301	public	search_api
DRX959833	DRR982302	public	search_api
DRX959834	DRR982303	public	search_api
DRX959835	DRR982304	public	search_api
DRX959836	DRR982305	public	search_api
DRX959837	DRR982306	public	search_api
DRX959838	DRR982307	public	search_api
DRX959839	DRR982308	public	search_api
DRX959840	DRR982309	public	search_api
DRX959841	DRR982310	public	search_api
DRX959843	DRR982312	public	search_api
DRX959844	DRR982313	public	search_api
DRX959845	DRR982314	public	search_api
DRX959847	DRR982316	public	search_api
DRX959848	DRR982317	public	search_api
DRX959849	DRR982318	public	search_api
DRX959850	DRR982319	public	search_api
DRX959851	DRR982320	public	search_api
DRX959852	DRR982321	public	search_api
DRX959853	DRR982322	public	search_api
DRX959854	DRR982323	public	search_api
DRX959855	DRR982324	public	search_api
DRX959856	DRR982325	public	search_api
DRX959857	DRR982326	public	search_api
DRX959858	DRR982327	public	search_api
DRX959859	DRR982328	public	search_api
DRX959860	DRR982329	public	search_api
DRX959861	DRR982330	public	search_api
DRX959862	DRR982331	public	search_api
DRX959863	DRR982332	public	search_api
DRX959864	DRR982333	public	search_api
DRX959865	DRR982334	public	search_api
DRX959866	DRR982335	public	search_api
DRX959867	DRR982336	public	search_api
DRX959868	DRR982337	public	search_api
DRX959869	DRR982338	public	search_api
DRX959870	DRR982339	public	search_api
DRX959871	DRR982340	public	search_api
DRX959872	DRR982341	public	search_api
DRX959873	DRR982342	public	search_api
DRX959874	DRR982343	public	search_api
DRX959875	DRR982344	public	search_api
DRX959876	DRR982345	public	search_api
DRX959877	DRR982346	public	search_api
DRX959878	DRR982347	public	search_api
DRX959879	DRR982348	public	search_api
DRX959880	DRR982349	public	search_api
DRX959881	DRR982350	public	search_api
DRX959882	DRR982351	public	search_api
DRX959883	DRR982352	public	search_api
DRX959884	DRR982353	public	search_api
DRX959885	DRR982354	public	search_api
DRX959886	DRR982355	public	search_api
DRX959887	DRR982356	public	search_api
DRX959888	DRR982357	public	search_api
DRX959889	DRR982358	public	search_api
DRX959890	DRR982359	public	search_api
DRX959891	DRR982360	public	search_api
DRX959892	DRR982361	public	search_api
DRX959893	DRR982362	public	search_api
DRX959894	DRR982363	public	search_api
DRX959895	DRR982364	public	search_api
DRX959896	DRR982365	public	search_api
DRX959897	DRR982366	public	search_api
DRX959898	DRR982367	public	search_api
DRX959899	DRR982368	public	search_api
DRX959900	DRR982369	public	search_api
DRX959901	DRR982370	public	search_api
DRX959902	DRR982371	public	search_api
DRX959903	DRR982372	public	search_api
DRX959904	DRR982373	public	search_api
DRX959905	DRR982374	public	search_api
DRX959906	DRR982375	public	search_api
DRX959907	DRR982376	public	search_api
DRX959908	DRR982377	public	search_api
DRX959909	DRR982378	public	search_api
DRX959910	DRR982379	public	search_api
DRX959911	DRR982380	public	search_api
DRX959912	DRR982381	public	search_api
DRX959913	DRR982382	public	search_api
DRX959914	DRR982383	public	search_api
DRX959915	DRR982384	public	search_api
DRX959916	DRR982385	public	search_api
DRX959917	DRR982386	public	search_api
DRX959918	DRR982387	public	search_api
DRX959919	DRR982388	public	search_api
DRX959920	DRR982389	public	search_api
DRX959921	DRR982390	public	search_api
DRX959922	DRR982391	public	search_api
DRX959923	DRR982392	public	search_api
DRX959924	DRR982393	public	search_api
DRX959925	DRR982394	public	search_api
DRX959926	DRR982395	public	search_api
DRX959927	DRR982396	public	search_api
DRX959928	DRR982397	public	search_api
DRX959929	DRR982398	public	search_api
DRX959930	DRR982399	public	search_api
DRX959931	DRR982400	public	search_api
DRX959932	DRR982401	public	search_api
DRX959933	DRR982402	public	search_api
DRX959934	DRR982403	public	search_api
DRX959935	DRR982404	public	search_api
DRX959936	DRR982405	public	search_api
DRX959937	DRR982406	public	search_api
DRX959938	DRR982407	public	search_api
DRX959939	DRR982408	public	search_api
DRX959940	DRR982409	public	search_api
DRX959941	DRR982410	public	search_api
DRX959942	DRR982411	public	search_api
DRX959943	DRR982412	public	search_api
DRX959944	DRR982413	public	search_api
DRX959945	DRR982414	public	search_api
DRX959946	DRR982415	public	search_api
DRX959947	DRR982416	public	search_api
DRX959948	DRR982417	public	search_api
DRX959949	DRR982418	public	search_api
DRX959950	DRR982419	public	search_api
DRX959951	DRR982420	public	search_api
DRX959952	DRR982421	public	search_api
DRX959953	DRR982422	public	search_api
DRX959954	DRR982423	public	search_api
DRX959955	DRR982424	public	search_api
DRX959956	DRR982425	public	search_api
DRX959957	DRR982426	public	search_api
DRX959958	DRR982427	public	search_api
DRX959959	DRR982428	public	search_api
DRX959960	DRR982429	public	search_api
DRX959961	DRR982430	public	search_api
DRX959962	DRR982431	public	search_api
DRX959963	DRR982432	public	search_api
DRX959964	DRR982433	public	search_api
DRX959965	DRR982434	public	search_api
DRX959966	DRR982435	public	search_api
DRX959967	DRR982436	public	search_api
DRX959968	DRR982437	public	search_api
DRX959969	DRR982438	public	search_api
DRX959970	DRR982439	public	search_api
DRX959971	DRR982440	public	search_api
DRX959972	DRR982441	public	search_api
DRX959973	DRR982442	public	search_api
DRX959974	DRR982443	public	search_api
DRX959975	DRR982444	public	search_api
DRX959976	DRR982445	public	search_api
DRX959977	DRR982446	public	search_api
DRX959978	DRR982447	public	search_api
DRX959979	DRR982448	public	search_api
DRX959980	DRR982449	public	search_api
DRX959981	DRR982450	public	search_api
DRX959982	DRR982451	public	search_api
DRX959983	DRR982452	public	search_api
DRX959984	DRR982453	public	search_api
DRX959985	DRR982454	public	search_api
DRX959986	DRR982455	public	search_api
DRX959987	DRR982456	public	search_api
DRX959988	DRR982457	public	search_api
DRX959989	DRR982458	public	search_api
DRX959990	DRR982459	public	search_api
DRX959991	DRR982460	public	search_api
DRX959992	DRR982461	public	search_api
DRX959993	DRR982462	public	search_api
DRX959994	DRR982463	public	search_api
DRX959995	DRR982464	public	search_api
DRX959996	DRR982465	public	search_api
DRX959997	DRR982466	public	search_api
DRX959998	DRR982467	public	search_api
DRX959999	DRR982468	public	search_api
DRX960000	DRR982469	public	search_api
DRX960001	DRR982470	public	search_api
DRX960002	DRR982471	public	search_api
DRX960003	DRR982472	public	search_api
DRX960004	DRR982473	public	search_api
DRX960005	DRR982474	public	search_api
DRX960006	DRR982475	public	search_api
DRX960007	DRR982476	public	search_api
DRX960008	DRR982477	public	search_api
DRX960009	DRR982478	public	search_api
DRX960010	DRR982479	public	search_api
DRX960011	DRR982480	public	search_api
DRX960012	DRR982481	public	search_api
DRX960013	DRR982482	public	search_api
DRX960014	DRR982483	public	search_api
DRX960015	DRR982484	public	search_api
DRX960016	DRR982485	public	search_api
DRX960017	DRR982486	public	search_api
DRX960018	DRR982487	public	search_api
DRX960019	DRR982488	public	search_api
DRX960020	DRR982489	public	search_api
DRX960021	DRR982490	public	search_api
DRX960022	DRR982491	public	search_api
DRX960023	DRR982492	public	search_api
DRX960024	DRR982493	public	search_api
DRX960025	DRR982494	public	search_api
DRX960026	DRR982495	public	search_api
DRX960027	DRR982496	public	search_api
DRX960028	DRR982497	public	search_api
DRX960029	DRR982498	public	search_api
DRX960030	DRR982499	public	search_api
DRX960031	DRR982500	public	search_api
DRX960032	DRR982501	public	search_api
DRX960033	DRR982502	public	search_api
DRX960034	DRR982503	public	search_api
DRX960035	DRR982504	public	search_api
DRX960036	DRR982505	public	search_api
DRX960037	DRR982506	public	search_api
DRX960038	DRR982507	public	search_api
DRX960039	DRR982508	public	search_api
DRX960040	DRR982509	public	search_api
DRX960041	DRR982510	public	search_api
DRX960042	DRR982511	public	search_api
DRX960043	DRR982512	public	search_api
DRX960044	DRR982513	public	search_api
DRX960045	DRR982514	public	search_api
DRX960046	DRR982515	public	search_api
DRX960047	DRR982516	public	search_api
DRX960048	DRR982517	public	search_api
DRX960049	DRR982518	public	search_api
DRX960050	DRR982519	public	search_api
DRX960051	DRR982520	public	search_api
DRX960052	DRR982521	public	search_api
DRX960053	DRR982522	public	search_api
DRX960054	DRR982523	public	search_api
DRX960055	DRR982524	public	search_api
DRX960056	DRR982525	public	search_api
DRX960058	DRR982527	public	search_api
DRX960059	DRR982528	public	search_api
DRX960060	DRR982529	public	search_api
DRX960061	DRR982530	public	search_api
DRX960062	DRR982531	public	search_api
DRX960063	DRR982532	public	search_api
DRX960064	DRR982533	public	search_api
DRX960065	DRR982534	public	search_api
DRX960066	DRR982535	public	search_api
DRX960067	DRR982536	public	search_api
DRX960068	DRR982537	public	search_api
DRX960069	DRR982538	public	search_api
DRX960070	DRR982539	public	search_api
DRX960071	DRR982540	public	search_api
DRX960072	DRR982541	public	search_api
DRX960073	DRR982542	public	search_api
DRX960074	DRR982543	public	search_api
DRX960075	DRR982544	public	search_api
DRX960076	DRR982545	public	search_api
DRX960077	DRR982546	public	search_api
DRX960078	DRR982547	public	search_api
DRX960079	DRR982548	public	search_api
DRX960080	DRR982549	public	search_api
DRX960081	DRR982550	public	search_api
DRX960082	DRR982551	public	search_api
DRX960083	DRR982552	public	search_api
DRX960084	DRR982553	public	search_api
DRX960085	DRR982554	public	search_api
DRX960086	DRR982555	public	search_api
DRX960087	DRR982556	public	search_api
DRX960088	DRR982557	public	search_api
DRX960089	DRR982558	public	search_api
DRX960090	DRR982559	public	search_api
DRX960091	DRR982560	public	search_api
DRX960092	DRR982561	public	search_api
DRX960093	DRR982562	public	search_api
DRX960094	DRR982563	public	search_api
DRX960095	DRR982564	public	search_api
DRX960096	DRR982565	public	search_api
DRX960097	DRR982566	public	search_api
DRX960098	DRR982567	public	search_api
DRX960099	DRR982568	public	search_api
DRX960100	DRR982569	public	search_api
DRX960101	DRR982570	public	search_api
DRX960102	DRR982571	public	search_api
DRX960103	DRR982572	public	search_api
DRX960104	DRR982573	public	search_api
DRX960105	DRR982574	public	search_api
DRX960106	DRR982575	public	search_api
DRX960107	DRR982576	public	search_api
DRX960108	DRR982577	public	search_api
DRX960109	DRR982578	public	search_api
DRX960110	DRR982579	public	search_api
DRX960111	DRR982580	public	search_api
DRX960112	DRR982581	public	search_api
DRX960113	DRR982582	public	search_api
DRX960114	DRR982583	public	search_api
DRX960115	DRR982584	public	search_api
DRX960116	DRR982585	public	search_api
DRX960117	DRR982586	public	search_api
DRX960118	DRR982587	public	search_api
DRX960119	DRR982588	public	search_api
DRX960120	DRR982589	public	search_api
DRX960121	DRR982590	public	search_api
DRX960122	DRR982591	public	search_api
DRX960124	DRR982593	public	search_api
DRX960125	DRR982594	public	search_api
DRX960126	DRR982595	public	search_api
DRX960127	DRR982596	public	search_api
DRX960128	DRR982597	public	search_api
DRX960129	DRR982598	public	search_api
DRX960130	DRR982599	public	search_api
DRX960131	DRR982600	public	search_api
DRX960132	DRR982601	public	search_api
DRX960133	DRR982602	public	search_api
DRX960134	DRR982603	public	search_api
DRX960135	DRR982604	public	search_api
DRX960136	DRR982605	public	search_api
DRX960137	DRR982606	public	search_api
DRX960138	DRR982607	public	search_api
DRX960139	DRR982608	public	search_api
DRX960140	DRR982609	public	search_api
DRX960141	DRR982610	public	search_api
DRX960142	DRR982611	public	search_api
DRX960143	DRR982612	public	search_api
DRX960144	DRR982613	public	search_api
DRX960145	DRR982614	public	search_api
DRX960146	DRR982615	public	search_api
DRX960147	DRR982616	public	search_api
DRX960148	DRR982617	public	search_api
DRX960149	DRR982618	public	search_api
DRX960150	DRR982619	public	search_api
DRX960151	DRR982620	public	search_api
DRX960152	DRR982621	public	search_api
DRX960153	DRR982622	public	search_api
DRX960154	DRR982623	public	search_api
DRX960155	DRR982624	public	search_api
DRX960156	DRR982625	public	search_api
DRX960157	DRR982626	public	search_api
DRX960158	DRR982627	public	search_api
DRX960159	DRR982628	public	search_api
DRX960160	DRR982629	public	search_api
DRX960161	DRR982630	public	search_api
DRX960162	DRR982631	public	search_api
DRX960163	DRR982632	public	search_api
DRX960164	DRR982633	public	search_api
DRX960165	DRR982634	public	search_api
DRX960166	DRR982635	public	search_api
DRX960167	DRR982636	public	search_api
DRX960168	DRR982637	public	search_api
DRX960169	DRR982638	public	search_api
DRX960170	DRR982639	public	search_api
DRX960171	DRR982640	public	search_api
DRX960172	DRR982641	public	search_api
DRX960174	DRR982643	public	search_api
DRX960175	DRR982644	public	search_api
DRX960176	DRR982645	public	search_api
DRX960178	DRR982647	public	search_api
DRX960179	DRR982648	public	search_api
DRX960181	DRR982650	public	search_api
DRX960182	DRR982651	public	search_api
DRX960183	DRR982652	public	search_api
DRX960184	DRR982653	public	search_api
DRX960185	DRR982654	public	search_api
DRX960186	DRR982655	public	search_api
DRX960187	DRR982656	public	search_api
DRX960188	DRR982657	public	search_api
DRX960189	DRR982658	public	search_api
DRX960190	DRR982659	public	search_api
DRX960191	DRR982660	public	search_api
DRX960192	DRR982661	public	search_api
DRX960193	DRR982662	public	search_api
DRX960194	DRR982663	public	search_api
DRX960195	DRR982664	public	search_api
DRX960196	DRR982665	public	search_api
DRX960197	DRR982666	public	search_api
DRX960198	DRR982667	public	search_api
DRX960199	DRR982668	public	search_api
DRX960200	DRR982669	public	search_api
DRX960201	DRR982670	public	search_api
DRX960202	DRR982671	public	search_api
DRX960203	DRR982672	public	search_api
DRX960204	DRR982673	public	search_api
DRX960205	DRR982674	public	search_api
DRX960206	DRR982675	public	search_api
DRX960207	DRR982676	public	search_api
DRX960208	DRR982677	public	search_api
DRX960209	DRR982678	public	search_api
DRX960210	DRR982679	public	search_api
DRX960211	DRR982680	public	search_api
DRX960212	DRR982681	public	search_api
DRX960213	DRR982682	public	search_api
DRX960214	DRR982683	public	search_api
DRX960215	DRR982684	public	search_api
DRX960216	DRR982685	public	search_api
DRX960217	DRR982686	public	search_api
DRX960218	DRR982687	public	search_api
DRX960219	DRR982688	public	search_api
DRX960220	DRR982689	public	search_api
DRX960221	DRR982690	public	search_api
DRX960222	DRR982691	public	search_api
DRX960223	DRR982692	public	search_api
DRX960224	DRR982693	public	search_api
DRX960225	DRR982694	public	search_api
DRX960226	DRR982695	public	search_api
DRX960227	DRR982696	public	search_api
DRX960228	DRR982697	public	search_api
DRX960229	DRR982698	public	search_api
DRX960230	DRR982699	public	search_api
DRX960231	DRR982700	public	search_api
DRX960232	DRR982701	public	search_api
DRX960233	DRR982702	public	search_api
DRX960234	DRR982703	public	search_api
DRX960235	DRR982704	public	search_api
DRX960236	DRR982705	public	search_api
DRX960237	DRR982706	public	search_api
DRX960238	DRR982707	public	search_api
DRX960240	DRR982709	public	search_api
DRX960241	DRR982710	public	search_api
DRX960242	DRR982711	public	search_api
DRX960243	DRR982712	public	search_api
DRX960244	DRR982713	public	search_api
DRX960245	DRR982714	public	search_api
DRX960246	DRR982715	public	search_api
DRX960247	DRR982716	public	search_api
DRX960248	DRR982717	public	search_api
DRX960249	DRR982718	public	search_api
DRX960250	DRR982719	public	search_api
DRX960251	DRR982720	public	search_api
DRX960252	DRR982721	public	search_api
DRX960253	DRR982722	public	search_api
DRX960254	DRR982723	public	search_api
DRX960255	DRR982724	public	search_api
DRX960256	DRR982725	public	search_api
DRX960257	DRR982726	public	search_api
DRX960258	DRR982727	public	search_api
DRX960259	DRR982728	public	search_api
DRX960260	DRR982729	public	search_api
DRX960261	DRR982730	public	search_api
DRX960262	DRR982731	public	search_api
DRX960263	DRR982732	public	search_api
DRX960264	DRR982733	public	search_api
DRX960265	DRR982734	public	search_api
DRX960266	DRR982735	public	search_api
DRX960267	DRR982736	public	search_api
DRX960268	DRR982737	public	search_api
DRX960269	DRR982738	public	search_api
DRX960270	DRR982739	public	search_api
DRX960271	DRR982740	public	search_api
DRX960272	DRR982741	public	search_api
DRX960273	DRR982742	public	search_api
DRX960274	DRR982743	public	search_api
DRX960275	DRR982744	public	search_api
DRX960276	DRR982745	public	search_api
DRX960277	DRR982746	public	search_api
DRX960279	DRR982748	public	search_api
DRX960280	DRR982749	public	search_api
DRX960281	DRR982750	public	search_api
DRX960282	DRR982751	public	search_api
DRX960283	DRR982752	public	search_api
DRX960284	DRR982753	public	search_api
DRX960285	DRR982754	public	search_api
DRX960286	DRR982755	public	search_api
DRX960287	DRR982756	public	search_api
DRX960288	DRR982757	public	search_api
DRX960289	DRR982758	public	search_api
DRX960290	DRR982759	public	search_api
DRX960291	DRR982760	public	search_api
DRX960292	DRR982761	public	search_api
DRX960293	DRR982762	public	search_api
DRX960294	DRR982763	public	search_api
DRX960295	DRR982764	public	search_api
DRX960296	DRR982765	public	search_api
DRX960297	DRR982766	public	search_api
DRX960298	DRR982767	public	search_api
DRX960299	DRR982768	public	search_api
DRX960300	DRR982769	public	search_api
DRX960301	DRR982770	public	search_api
DRX960302	DRR982771	public	search_api
DRX960303	DRR982772	public	search_api
DRX960304	DRR982773	public	search_api
DRX960305	DRR982774	public	search_api
DRX960306	DRR982775	public	search_api
DRX960307	DRR982776	public	search_api
DRX960308	DRR982777	public	search_api
DRX960309	DRR982778	public	search_api
DRX960310	DRR982779	public	search_api
DRX960311	DRR982780	public	search_api
DRX960312	DRR982781	public	search_api
DRX960313	DRR982782	public	search_api
DRX960314	DRR982783	public	search_api
DRX960315	DRR982784	public	search_api
DRX960316	DRR982785	public	search_api
DRX960317	DRR982786	public	search_api
DRX960318	DRR982787	public	search_api
DRX960319	DRR982788	public	search_api
DRX960320	DRR982789	public	search_api
DRX960321	DRR982790	public	search_api
DRX960322	DRR982791	public	search_api
DRX960323	DRR982792	public	search_api
DRX960324	DRR982793	public	search_api
DRX960325	DRR982794	public	search_api
DRX960326	DRR982795	public	search_api
DRX960327	DRR982796	public	search_api
DRX960328	DRR982797	public	search_api
DRX960329	DRR982798	public	search_api
DRX960330	DRR982799	public	search_api
DRX960331	DRR982800	public	search_api
DRX960332	DRR982801	public	search_api
DRX960333	DRR982802	public	search_api
DRX960334	DRR982803	public	search_api
DRX960335	DRR982804	public	search_api
DRX960336	DRR982805	public	search_api
DRX960337	DRR982806	public	search_api
DRX960338	DRR982807	public	search_api
DRX960339	DRR982808	public	search_api
DRX960340	DRR982809	public	search_api
DRX960341	DRR982810	public	search_api
DRX960342	DRR982811	public	search_api
DRX960343	DRR982812	public	search_api
DRX960344	DRR982813	public	search_api
DRX960345	DRR982814	public	search_api
DRX960346	DRR982815	public	search_api
DRX960347	DRR982816	public	search_api
DRX960349	DRR982818	public	search_api
DRX960350	DRR982819	public	search_api
DRX960351	DRR982820	public	search_api
DRX960352	DRR982821	public	search_api
DRX960353	DRR982822	public	search_api
DRX960354	DRR982823	public	search_api
DRX960355	DRR982824	public	search_api
DRX960356	DRR982825	public	search_api
DRX960357	DRR982826	public	search_api
DRX960358	DRR982827	public	search_api
DRX960359	DRR982828	public	search_api
DRX960360	DRR982829	public	search_api
DRX960361	DRR982830	public	search_api
DRX960362	DRR982831	public	search_api
DRX960363	DRR982832	public	search_api
DRX960364	DRR982833	public	search_api
DRX960365	DRR982834	public	search_api
DRX960366	DRR982835	public	search_api
DRX960367	DRR982836	public	search_api
DRX960368	DRR982837	public	search_api
DRX960369	DRR982838	public	search_api
DRX960370	DRR982839	public	search_api
DRX960371	DRR982840	public	search_api
DRX960372	DRR982841	public	search_api
DRX960373	DRR982842	public	search_api
DRX960374	DRR982843	public	search_api
DRX960375	DRR982844	public	search_api
DRX960376	DRR982845	public	search_api
DRX960377	DRR982846	public	search_api
DRX960378	DRR982847	public	search_api
DRX960379	DRR982848	public	search_api
DRX960380	DRR982849	public	search_api
DRX960381	DRR982850	public	search_api
DRX960382	DRR982851	public	search_api
DRX960383	DRR982852	public	search_api
DRX960385	DRR982854	public	search_api
DRX960386	DRR982855	public	search_api
DRX960387	DRR982856	public	search_api
DRX960388	DRR982857	public	search_api
DRX960389	DRR982858	public	search_api
DRX960390	DRR982859	public	search_api
DRX960391	DRR982860	public	search_api
DRX960392	DRR982861	public	search_api
DRX960393	DRR982862	public	search_api
DRX960394	DRR982863	public	search_api
DRX960395	DRR982864	public	search_api
DRX960396	DRR982865	public	search_api
DRX960397	DRR982866	public	search_api
DRX960398	DRR982867	public	search_api
DRX960399	DRR982868	public	search_api
DRX960400	DRR982869	public	search_api
DRX960401	DRR982870	public	search_api
DRX960402	DRR982871	public	search_api
DRX960403	DRR982872	public	search_api
DRX960404	DRR982873	public	search_api
DRX960405	DRR982874	public	search_api
DRX960406	DRR982875	public	search_api
DRX960407	DRR982876	public	search_api
DRX960408	DRR982877	public	search_api
DRX960409	DRR982878	public	search_api
DRX960410	DRR982879	public	search_api
DRX960411	DRR982880	public	search_api
DRX960412	DRR982881	public	search_api
DRX960413	DRR982882	public	search_api
DRX960414	DRR982883	public	search_api
DRX960415	DRR982884	public	search_api
DRX960417	DRR982886	public	search_api
DRX960418	DRR982887	public	search_api
DRX960419	DRR982888	public	search_api
DRX960420	DRR982889	public	search_api
DRX960421	DRR982890	public	search_api
DRX960422	DRR982891	public	search_api
DRX960423	DRR982892	public	search_api
DRX960424	DRR982893	public	search_api
DRX960425	DRR982894	public	search_api
DRX960426	DRR982895	public	search_api
DRX960427	DRR982896	public	search_api
DRX960428	DRR982897	public	search_api
DRX960429	DRR982898	public	search_api
DRX960430	DRR982899	public	search_api
DRX960431	DRR982900	public	search_api
DRX960432	DRR982901	public	search_api
DRX960433	DRR982902	public	search_api
DRX960435	DRR982904	public	search_api
DRX960436	DRR982905	public	search_api
DRX960437	DRR982906	public	search_api
DRX960438	DRR982907	public	search_api
DRX960439	DRR982908	public	search_api
DRX960440	DRR982909	public	search_api
DRX960441	DRR982910	public	search_api
DRX960442	DRR982911	public	search_api
DRX960443	DRR982912	public	search_api
DRX960444	DRR982913	public	search_api
DRX960446	DRR982915	public	search_api
DRX960447	DRR982916	public	search_api
DRX960448	DRR982917	public	search_api
DRX960449	DRR982918	public	search_api
DRX960450	DRR982919	public	search_api
DRX960451	DRR982920	public	search_api
DRX960452	DRR982921	public	search_api
DRX960453	DRR982922	public	search_api
DRX960454	DRR982923	public	search_api
DRX960455	DRR982924	public	search_api
DRX960457	DRR982926	public	search_api
DRX960458	DRR982927	public	search_api
DRX960459	DRR982928	public	search_api
DRX960460	DRR982929	public	search_api
DRX960461	DRR982930	public	search_api
DRX960462	DRR982931	public	search_api
DRX960463	DRR982932	public	search_api
DRX960464	DRR982933	public	search_api
DRX960465	DRR982934	public	search_api
DRX960466	DRR982935	public	search_api
DRX960467	DRR982936	public	search_api
DRX960468	DRR982937	public	search_api
DRX960469	DRR982938	public	search_api
DRX960470	DRR982939	public	search_api
DRX960471	DRR982940	public	search_api
DRX960472	DRR982941	public	search_api
DRX960473	DRR982942	public	search_api
DRX960474	DRR982943	public	search_api
DRX960475	DRR982944	public	search_api
DRX960476	DRR982945	public	search_api
DRX960477	DRR982946	public	search_api
DRX960478	DRR982947	public	search_api
DRX960479	DRR982948	public	search_api
DRX960480	DRR982949	public	search_api
DRX960481	DRR982950	public	search_api
DRX960482	DRR982951	public	search_api
DRX960483	DRR982952	public	search_api
DRX960485	DRR982954	public	search_api
DRX960486	DRR982955	public	search_api
DRX960487	DRR982956	public	search_api
DRX960488	DRR982957	public	search_api
DRX960489	DRR982958	public	search_api
DRX960490	DRR982959	public	search_api
DRX960491	DRR982960	public	search_api
DRX960492	DRR982961	public	search_api
DRX960493	DRR982962	public	search_api
DRX960494	DRR982963	public	search_api
DRX960495	DRR982964	public	search_api
DRX960496	DRR982965	public	search_api
DRX960497	DRR982966	public	search_api
DRX960498	DRR982967	public	search_api
DRX960499	DRR982968	public	search_api
DRX960500	DRR982969	public	search_api
DRX960501	DRR982970	public	search_api
DRX960502	DRR982971	public	search_api
DRX960503	DRR982972	public	search_api
DRX960504	DRR982973	public	search_api
DRX960505	DRR982974	public	search_api
DRX960506	DRR982975	public	search_api
DRX960507	DRR982976	public	search_api
DRX960508	DRR982977	public	search_api
DRX960510	DRR982979	public	search_api
DRX960511	DRR982980	public	search_api
DRX960512	DRR982981	public	search_api
DRX960513	DRR982982	public	search_api
DRX960514	DRR982983	public	search_api
DRX960515	DRR982984	public	search_api
DRX960516	DRR982985	public	search_api
DRX960517	DRR982986	public	search_api
DRX960518	DRR982987	public	search_api
DRX960519	DRR982988	public	search_api
DRX960521	DRR982990	public	search_api
DRX960522	DRR982991	public	search_api
DRX960523	DRR982992	public	search_api
DRX960524	DRR982993	public	search_api
DRX960525	DRR982994	public	search_api
DRX960526	DRR982995	public	search_api
DRX960527	DRR982996	public	search_api
DRX960528	DRR982997	public	search_api
DRX960529	DRR982998	public	search_api
DRX960531	DRR983000	public	search_api
DRX960532	DRR983001	public	search_api
DRX960533	DRR983002	public	search_api
DRX960534	DRR983003	public	search_api
DRX960535	DRR983004	public	search_api
DRX960536	DRR983005	public	search_api
DRX960537	DRR983006	public	search_api
DRX960538	DRR983007	public	search_api
DRX960539	DRR983008	public	search_api
DRX960540	DRR983009	public	search_api
DRX960542	DRR983011	public	search_api
DRX960543	DRR983012	public	search_api
DRX960544	DRR983013	public	search_api
DRX960545	DRR983014	public	search_api
DRX960546	DRR983015	public	search_api
DRX960547	DRR983016	public	search_api
DRX960548	DRR983017	public	search_api
DRX960549	DRR983018	public	search_api
DRX960550	DRR983019	public	search_api
DRX960551	DRR983020	public	search_api
DRX960552	DRR983021	public	search_api
DRX960553	DRR983022	public	search_api
DRX960554	DRR983023	public	search_api
DRX960554	DRR983024	public	search_api
DRX960554	DRR983025	public	search_api
DRX960554	DRR983026	public	search_api
DRX960555	DRR983027	public	search_api
DRX960555	DRR983028	public	search_api
DRX960555	DRR983029	public	search_api
DRX960555	DRR983030	public	search_api
DRX960556	DRR983031	public	search_api
DRX960557	DRR983032	public	search_api
DRX960558	DRR983033	public	search_api
DRX960559	DRR983034	public	search_api
DRX960560	DRR983035	public	search_api
DRX960561	DRR983036	public	search_api
DRX960562	DRR983037	public	search_api
DRX960563	DRR983038	public	search_api
DRX960564	DRR983039	public	search_api
DRX960565	DRR983040	public	search_api
DRX960566	DRR983041	public	search_api
DRX960567	DRR983042	public	search_api
DRX960568	DRR983043	public	search_api
DRX960569	DRR983044	public	search_api
DRX960570	DRR983045	public	search_api
DRX960571	DRR983046	public	search_api
DRX960572	DRR983047	public	search_api
DRX960573	DRR983048	public	search_api
DRX960574	DRR983049	public	search_api
DRX960575	DRR983050	public	search_api
DRX960576	DRR983051	public	search_api
DRX960577	DRR983052	public	search_api
DRX960578	DRR983053	public	search_api
DRX960579	DRR983054	public	search_api
DRX960580	DRR983055	public	search_api
DRX960581	DRR983056	public	search_api
DRX960582	DRR983057	public	search_api
DRX960583	DRR983058	public	search_api
DRX960584	DRR983059	public	search_api
DRX960585	DRR983060	public	search_api
DRX960586	DRR983061	public	search_api
DRX960588	DRR983063	public	search_api
DRX960589	DRR983064	public	search_api
DRX960590	DRR983065	public	search_api
DRX960591	DRR983066	public	search_api
DRX960592	DRR983067	public	search_api
DRX960593	DRR983068	public	search_api
DRX960594	DRR983069	public	search_api
DRX960595	DRR983070	public	search_api
DRX960596	DRR983071	public	search_api
DRX960597	DRR983072	public	search_api
DRX960598	DRR983073	public	search_api
DRX960599	DRR983074	public	search_api
DRX960600	DRR983075	public	search_api
DRX960601	DRR983076	public	search_api
DRX960602	DRR983077	public	search_api
DRX960603	DRR983078	public	search_api
DRX960604	DRR983079	public	search_api
DRX960605	DRR983080	public	search_api
DRX960606	DRR983081	public	search_api
DRX960607	DRR983082	public	search_api
DRX960608	DRR983083	public	search_api
DRX960609	DRR983084	public	search_api
DRX960610	DRR983085	public	search_api
DRX960611	DRR983086	public	search_api
DRX960612	DRR983087	public	search_api
DRX960613	DRR983088	public	search_api
DRX960614	DRR983089	public	search_api
DRX960615	DRR983090	public	search_api
DRX960616	DRR983091	public	search_api
DRX960617	DRR983092	public	search_api
DRX960618	DRR983093	public	search_api
DRX960619	DRR983094	public	search_api
DRX960620	DRR983095	public	search_api
DRX960621	DRR983096	public	search_api
DRX960622	DRR983097	public	search_api
DRX960623	DRR983098	public	search_api
DRX960624	DRR983099	public	search_api
DRX960625	DRR983100	public	search_api
DRX960626	DRR983101	public	search_api
DRX960627	DRR983102	public	search_api
DRX960628	DRR983103	public	search_api
DRX960629	DRR983104	public	search_api
DRX960630	DRR983105	public	search_api
DRX960631	DRR983106	public	search_api
DRX960632	DRR983107	public	search_api
DRX960633	DRR983108	public	search_api
DRX960634	DRR983109	public	search_api
DRX960635	DRR983110	public	search_api
DRX960636	DRR983111	public	search_api
DRX960637	DRR983112	public	search_api
DRX960638	DRR983113	public	search_api
DRX960639	DRR983114	public	search_api
DRX960641	DRR983116	public	search_api
DRX960642	DRR983117	public	search_api
DRX960643	DRR983118	public	search_api
DRX960644	DRR983119	public	search_api
DRX960645	DRR983120	public	search_api
DRX960646	DRR983121	public	search_api
DRX960647	DRR983122	public	search_api
DRX960648	DRR983123	public	search_api
DRX960649	DRR983124	public	search_api
DRX960650	DRR983125	public	search_api
DRX960651	DRR983126	public	search_api
DRX960652	DRR983127	public	search_api
DRX960653	DRR983128	public	search_api
DRX960654	DRR983129	public	search_api
DRX960655	DRR983130	public	search_api
DRX960656	DRR983131	public	search_api
DRX960657	DRR983132	public	search_api
DRX960658	DRR983133	public	search_api
DRX960659	DRR983134	public	search_api
DRX960660	DRR983135	public	search_api
DRX960661	DRR983136	public	search_api
DRX960662	DRR983137	public	search_api
DRX960663	DRR983138	public	search_api
DRX960664	DRR983139	public	search_api
DRX960665	DRR983140	public	search_api
DRX960666	DRR983141	public	search_api
DRX960667	DRR983142	public	search_api
DRX960668	DRR983143	public	search_api
DRX960669	DRR983144	public	search_api
DRX960670	DRR983145	public	search_api
DRX960671	DRR983146	public	search_api
DRX960672	DRR983147	public	search_api
DRX960673	DRR983148	public	search_api
DRX960674	DRR983149	public	search_api
DRX960675	DRR983150	public	search_api
DRX960676	DRR983151	public	search_api
DRX960677	DRR983152	public	search_api
DRX960678	DRR983153	public	search_api
DRX960679	DRR983154	public	search_api
DRX960680	DRR983155	public	search_api
DRX960681	DRR983156	public	search_api
DRX960682	DRR983157	public	search_api
DRX960683	DRR983158	public	search_api
DRX960684	DRR983159	public	search_api
DRX960685	DRR983160	public	search_api
DRX960686	DRR983161	public	search_api
DRX960687	DRR983162	public	search_api
DRX960688	DRR983163	public	search_api
DRX960689	DRR983164	public	search_api
DRX960690	DRR983165	public	search_api
DRX960691	DRR983166	public	search_api
DRX960692	DRR983167	public	search_api
DRX960693	DRR983168	public	search_api
DRX960694	DRR983169	public	search_api
DRX960695	DRR983170	public	search_api
DRX960696	DRR983171	public	search_api
DRX960697	DRR983172	public	search_api
DRX960698	DRR983173	public	search_api
DRX960699	DRR983174	public	search_api
DRX960700	DRR983175	public	search_api
DRX960701	DRR983176	public	search_api
DRX960702	DRR983177	public	search_api
DRX960703	DRR983178	public	search_api
DRX960704	DRR983179	public	search_api
DRX960705	DRR983180	public	search_api
DRX960706	DRR983181	public	search_api
DRX960707	DRR983182	public	search_api
DRX960708	DRR983183	public	search_api
DRX960709	DRR983184	public	search_api
DRX960710	DRR983185	public	search_api
DRX960711	DRR983186	public	search_api
DRX960712	DRR983187	public	search_api
DRX960713	DRR983188	public	search_api
DRX960714	DRR983189	public	search_api
DRX960715	DRR983190	public	search_api
DRX960716	DRR983191	public	search_api
DRX960717	DRR983192	public	search_api
DRX960718	DRR983193	public	search_api
DRX960719	DRR983194	public	search_api
DRX960720	DRR983195	public	search_api
DRX960721	DRR983196	public	search_api
DRX960722	DRR983197	public	search_api
DRX960723	DRR983198	public	search_api
DRX960724	DRR983199	public	search_api
DRX960725	DRR983200	public	search_api
DRX960726	DRR983201	public	search_api
DRX960727	DRR983202	public	search_api
DRX960728	DRR983203	public	search_api
DRX960729	DRR983204	public	search_api
DRX960730	DRR983205	public	search_api
DRX960731	DRR983206	public	search_api
DRX960732	DRR983207	public	search_api
DRX960733	DRR983208	public	search_api
DRX960734	DRR983209	public	search_api
DRX960735	DRR983210	public	search_api
DRX960736	DRR983211	public	search_api
DRX960737	DRR983212	public	search_api
DRX960738	DRR983213	public	search_api
DRX960739	DRR983214	public	search_api
DRX960740	DRR983215	public	search_api
DRX960741	DRR983216	public	search_api
DRX960743	DRR983218	public	search_api
DRX960744	DRR983219	public	search_api
DRX960745	DRR983220	public	search_api
DRX960746	DRR983221	public	search_api
DRX960747	DRR983222	public	search_api
DRX960748	DRR983223	public	search_api
DRX960749	DRR983224	public	search_api
DRX960750	DRR983225	public	search_api
DRX960751	DRR983226	public	search_api
DRX960752	DRR983227	public	search_api
DRX960753	DRR983228	public	search_api
DRX960754	DRR983229	public	search_api
DRX960755	DRR983230	public	search_api
DRX960756	DRR983231	public	search_api
DRX960757	DRR983232	public	search_api
DRX960758	DRR983233	public	search_api
DRX960759	DRR983234	public	search_api
DRX960760	DRR983235	public	search_api
DRX960761	DRR983236	public	search_api
DRX960762	DRR983237	public	search_api
DRX960763	DRR983238	public	search_api
DRX960764	DRR983239	public	search_api
DRX960765	DRR983240	public	search_api
DRX960766	DRR983241	public	search_api
DRX960767	DRR983242	public	search_api
DRX960768	DRR983243	public	search_api
DRX960769	DRR983244	public	search_api
DRX960770	DRR983245	public	search_api
DRX960771	DRR983246	public	search_api
DRX960772	DRR983247	public	search_api
DRX960773	DRR983248	public	search_api
DRX960774	DRR983249	public	search_api
DRX960775	DRR983250	public	search_api
DRX960776	DRR983251	public	search_api
DRX960777	DRR983252	public	search_api
DRX960778	DRR983253	public	search_api
DRX960779	DRR983254	public	search_api
DRX960780	DRR983255	public	search_api
DRX960781	DRR983256	public	search_api
DRX960782	DRR983257	public	search_api
DRX960783	DRR983258	public	search_api
DRX960784	DRR983259	public	search_api
DRX960785	DRR983260	public	search_api
DRX960786	DRR983261	public	search_api
DRX960787	DRR983262	public	search_api
DRX960788	DRR983263	public	search_api
DRX960789	DRR983264	public	search_api
DRX960790	DRR983265	public	search_api
DRX960791	DRR983266	public	search_api
DRX960792	DRR983267	public	search_api
DRX960793	DRR983268	public	search_api
DRX960794	DRR983269	public	search_api
DRX960795	DRR983270	public	search_api
DRX960796	DRR983271	public	search_api
DRX960797	DRR983272	public	search_api
DRX960798	DRR983273	public	search_api
DRX960799	DRR983274	public	search_api
DRX960800	DRR983275	public	search_api
DRX960801	DRR983276	public	search_api
DRX960802	DRR983277	public	search_api
DRX960803	DRR983278	public	search_api
DRX960804	DRR983279	public	search_api
DRX960805	DRR983280	public	search_api
DRX960806	DRR983281	public	search_api
DRX960807	DRR983282	public	search_api
DRX960808	DRR983283	public	search_api
DRX960809	DRR983284	public	search_api
DRX960810	DRR983285	public	search_api
DRX960811	DRR983286	public	search_api
DRX960812	DRR983287	public	search_api
DRX960813	DRR983288	public	search_api
DRX960814	DRR983289	public	search_api
DRX960815	DRR983290	public	search_api
DRX960816	DRR983291	public	search_api
DRX960817	DRR983292	public	search_api
DRX960818	DRR983293	public	search_api
DRX960819	DRR983294	public	search_api
DRX960820	DRR983295	public	search_api
DRX960821	DRR983296	public	search_api
DRX960822	DRR983297	public	search_api
DRX960823	DRR983298	public	search_api
DRX960824	DRR983299	public	search_api
DRX960825	DRR983300	public	search_api
DRX960826	DRR983301	public	search_api
DRX960827	DRR983302	public	search_api
DRX960828	DRR983303	public	search_api
DRX960829	DRR983304	public	search_api
DRX960830	DRR983305	public	search_api
DRX960831	DRR983306	public	search_api
DRX960832	DRR983307	public	search_api
DRX960833	DRR983308	public	search_api
DRX960834	DRR983309	public	search_api
DRX960835	DRR983310	public	search_api
DRX960836	DRR983311	public	search_api
DRX960837	DRR983312	public	search_api
DRX960838	DRR983313	public	search_api
DRX960839	DRR983314	public	search_api
DRX960840	DRR983315	public	search_api
DRX960841	DRR983316	public	search_api
DRX960842	DRR983317	public	search_api
DRX960843	DRR983318	public	search_api
DRX960844	DRR983319	public	search_api
DRX960845	DRR983320	public	search_api
DRX960846	DRR983321	public	search_api
DRX960847	DRR983322	public	search_api
DRX960848	DRR983323	public	search_api
DRX960849	DRR983324	public	search_api
DRX960850	DRR983325	public	search_api
DRX960851	DRR983326	public	search_api
DRX960852	DRR983327	public	search_api
DRX960853	DRR983328	public	search_api
DRX960854	DRR983329	public	search_api
DRX960855	DRR983330	public	search_api
DRX960856	DRR983331	public	search_api
DRX960857	DRR983332	public	search_api
DRX960858	DRR983333	public	search_api
DRX960859	DRR983334	public	search_api
DRX960860	DRR983335	public	search_api
DRX960861	DRR983336	public	search_api
DRX960862	DRR983337	public	search_api
DRX960863	DRR983338	public	search_api
DRX960864	DRR983339	public	search_api
DRX960865	DRR983340	public	search_api
DRX960866	DRR983341	public	search_api
DRX960867	DRR983342	public	search_api
DRX960868	DRR983343	public	search_api
DRX960870	DRR983345	public	search_api
DRX960871	DRR983346	public	search_api
DRX960872	DRR983347	public	search_api
DRX960873	DRR983348	public	search_api
DRX960874	DRR983349	public	search_api
DRX960875	DRR983350	public	search_api
DRX960876	DRR983351	public	search_api
DRX960877	DRR983352	public	search_api
DRX960878	DRR983353	public	search_api
DRX960879	DRR983354	public	search_api
DRX960880	DRR983355	public	search_api
DRX960881	DRR983356	public	search_api
DRX960882	DRR983357	public	search_api
DRX960883	DRR983358	public	search_api
DRX960884	DRR983359	public	search_api
DRX960885	DRR983360	public	search_api
DRX960886	DRR983361	public	search_api
DRX960887	DRR983362	public	search_api
DRX960888	DRR983363	public	search_api
DRX960889	DRR983364	public	search_api
DRX960890	DRR983365	public	search_api
DRX960891	DRR983366	public	search_api
DRX960892	DRR983367	public	search_api
DRX960893	DRR983368	public	search_api
DRX960894	DRR983369	public	search_api
DRX960895	DRR983370	public	search_api
DRX960896	DRR983371	public	search_api
DRX960897	DRR983372	public	search_api
DRX960898	DRR983373	public	search_api
DRX960899	DRR983374	public	search_api
DRX960900	DRR983375	public	search_api
DRX960901	DRR983376	public	search_api
DRX960902	DRR983377	public	search_api
DRX960903	DRR983378	public	search_api
DRX960904	DRR983379	public	search_api
DRX960905	DRR983380	public	search_api
DRX960906	DRR983381	public	search_api
DRX960907	DRR983382	public	search_api
DRX960908	DRR983383	public	search_api
DRX960909	DRR983384	public	search_api
DRX960910	DRR983385	public	search_api
DRX960911	DRR983386	public	search_api
DRX960912	DRR983387	public	search_api
DRX960913	DRR983388	public	search_api
DRX960914	DRR983389	public	search_api
DRX960915	DRR983390	public	search_api
DRX960918	DRR983393	public	search_api
DRX960919	DRR983394	public	search_api
DRX960920	DRR983395	public	search_api
DRX960921	DRR983396	public	search_api
DRX960922	DRR983397	public	search_api
DRX960923	DRR983398	public	search_api
DRX960924	DRR983399	public	search_api
DRX960925	DRR983400	public	search_api
DRX960926	DRR983401	public	search_api
DRX960927	DRR983402	public	search_api
DRX960928	DRR983403	public	search_api
DRX960929	DRR983404	public	search_api
DRX960930	DRR983405	public	search_api
DRX960931	DRR983406	public	search_api
DRX960932	DRR983407	public	search_api
DRX960933	DRR983408	public	search_api
DRX960934	DRR983409	public	search_api
DRX960935	DRR983410	public	search_api
DRX960936	DRR983411	public	search_api
DRX960937	DRR983412	public	search_api
DRX960938	DRR983413	public	search_api
DRX960939	DRR983414	public	search_api
DRX960940	DRR983415	public	search_api
DRX960941	DRR983416	public	search_api
DRX960942	DRR983417	public	search_api
DRX960943	DRR983418	public	search_api
DRX960944	DRR983419	public	search_api
DRX960945	DRR983420	public	search_api
DRX960946	DRR983421	public	search_api
DRX960947	DRR983422	public	search_api
DRX960948	DRR983423	public	search_api
DRX960949	DRR983424	public	search_api
DRX960950	DRR983425	public	search_api
DRX960951	DRR983426	public	search_api
DRX960952	DRR983427	public	search_api
DRX960953	DRR983428	public	search_api
DRX960954	DRR983429	public	search_api
DRX960955	DRR983430	public	search_api
DRX960956	DRR983431	public	search_api
DRX960957	DRR983432	public	search_api
DRX960958	DRR983433	public	search_api
DRX960959	DRR983434	public	search_api
DRX960960	DRR983435	public	search_api
DRX960961	DRR983436	public	search_api
DRX960962	DRR983437	public	search_api
DRX960963	DRR983438	public	search_api
DRX960964	DRR983439	public	search_api
DRX960965	DRR983440	public	search_api
DRX960966	DRR983441	public	search_api
DRX960967	DRR983442	public	search_api
DRX960968	DRR983443	public	search_api
DRX960969	DRR983444	public	search_api
DRX960970	DRR983445	public	search_api
DRX960971	DRR983446	public	search_api
DRX960972	DRR983447	public	search_api
DRX960973	DRR983448	public	search_api
DRX960974	DRR983449	public	search_api
DRX960975	DRR983450	public	search_api
DRX960976	DRR983451	public	search_api
DRX960977	DRR983452	public	search_api
DRX960978	DRR983453	public	search_api
DRX960979	DRR983454	public	search_api
DRX960980	DRR983455	public	search_api
DRX960981	DRR983456	public	search_api
DRX960982	DRR983457	public	search_api
DRX960983	DRR983458	public	search_api
DRX960984	DRR983459	public	search_api
DRX960985	DRR983460	public	search_api
DRX960986	DRR983461	public	search_api
DRX960987	DRR983462	public	search_api
DRX960988	DRR983463	public	search_api
DRX960989	DRR983464	public	search_api
DRX960991	DRR983466	public	search_api
DRX960992	DRR983467	public	search_api
DRX960993	DRR983468	public	search_api
DRX960994	DRR983469	public	search_api
DRX960995	DRR983470	public	search_api
DRX960996	DRR983471	public	search_api
DRX960997	DRR983472	public	search_api
DRX960999	DRR983474	public	search_api
DRX961000	DRR983475	public	search_api
DRX961001	DRR983476	public	search_api
DRX961001	DRR983477	public	search_api
DRX961001	DRR983478	public	search_api
DRX961002	DRR983479	public	search_api
DRX961002	DRR983480	public	search_api
DRX961003	DRR983481	public	search_api
DRX961003	DRR983482	public	search_api
DRX961004	DRR983483	public	search_api
DRX961004	DRR983484	public	search_api
DRX961005	DRR983485	public	search_api
DRX961006	DRR983486	public	search_api
DRX961007	DRR983487	public	search_api
DRX961008	DRR983488	public	search_api
DRX961009	DRR983489	public	search_api
DRX961010	DRR983490	public	search_api
DRX961011	DRR983491	public	search_api
DRX961012	DRR983492	public	search_api
DRX961013	DRR983493	public	search_api
DRX961014	DRR983494	public	search_api
DRX961015	DRR983495	public	search_api
DRX961016	DRR983496	public	search_api
DRX961017	DRR983497	public	search_api
DRX961018	DRR983498	public	search_api
DRX961019	DRR983499	public	search_api
DRX961020	DRR983500	public	search_api
DRX961021	DRR983501	public	search_api
DRX961022	DRR983502	public	search_api
DRX961023	DRR983503	public	search_api
DRX961024	DRR983504	public	search_api
DRX961025	DRR983505	public	search_api
DRX961026	DRR983506	public	search_api
DRX961027	DRR983507	public	search_api
DRX961028	DRR983508	public	search_api
DRX961029	DRR983509	public	search_api
DRX961030	DRR983510	public	search_api
DRX961031	DRR983511	public	search_api
DRX961032	DRR983512	public	search_api
DRX961033	DRR983513	public	search_api
DRX961034	DRR983514	public	search_api
DRX961035	DRR983515	public	search_api
DRX961036	DRR983516	public	search_api
DRX961037	DRR983517	public	search_api
DRX961038	DRR983518	public	search_api
DRX961039	DRR983519	public	search_api
DRX961040	DRR983520	public	search_api
DRX961041	DRR983521	public	search_api
DRX961042	DRR983522	public	search_api
DRX961043	DRR983523	public	search_api
DRX961044	DRR983524	public	search_api
DRX961045	DRR983525	public	search_api
DRX961046	DRR983526	public	search_api
DRX961047	DRR983527	public	search_api
DRX961048	DRR983528	public	search_api
DRX961049	DRR983529	public	search_api
DRX961050	DRR983530	public	search_api
DRX961051	DRR983531	public	search_api
DRX961052	DRR983532	public	search_api
DRX961053	DRR983533	public	search_api
DRX961054	DRR983534	public	search_api
DRX961055	DRR983535	public	search_api
DRX961056	DRR983536	public	search_api
DRX961057	DRR983537	public	search_api
DRX961058	DRR983538	public	search_api
DRX961059	DRR983539	public	search_api
DRX961060	DRR983540	public	search_api
DRX961060	DRR983541	public	search_api
DRX961060	DRR983542	public	search_api
DRX961060	DRR983543	public	search_api
DRX961060	DRR983544	public	search_api
DRX961060	DRR983545	public	search_api
DRX961060	DRR983546	public	search_api
DRX961060	DRR983547	public	search_api
DRX961060	DRR983548	public	search_api
DRX961060	DRR983549	public	search_api
DRX961061	DRR983550	public	search_api
DRX961061	DRR983551	public	search_api
DRX961061	DRR983552	public	search_api
DRX961061	DRR983553	public	search_api
DRX961061	DRR983554	public	search_api
DRX961061	DRR983555	public	search_api
DRX961061	DRR983556	public	search_api
DRX961061	DRR983557	public	search_api
DRX961061	DRR983558	public	search_api
DRX961061	DRR983559	public	search_api
DRX961062	DRR983560	public	search_api
DRX961063	DRR983561	public	search_api
DRX961064	DRR983562	public	search_api
DRX961065	DRR983563	public	search_api
DRX961066	DRR983564	public	search_api
DRX961067	DRR983565	public	search_api
DRX961068	DRR983566	public	search_api
DRX961069	DRR983567	public	search_api
DRX961070	DRR983568	public	search_api
DRX961071	DRR983569	public	search_api
DRX961072	DRR983570	public	search_api
DRX961073	DRR983571	public	search_api
DRX961074	DRR983572	public	search_api
DRX961075	DRR983573	public	search_api
DRX961076	DRR983574	public	search_api
DRX961077	DRR983575	public	search_api
DRX961078	DRR983576	public	search_api
DRX961079	DRR983577	public	search_api
DRX961080	DRR983578	public	search_api
DRX961081	DRR983579	public	search_api
DRX961082	DRR983580	public	search_api
DRX961083	DRR983581	public	search_api
DRX961084	DRR983582	public	search_api
DRX961085	DRR983583	public	search_api
DRX961086	DRR983584	public	search_api
DRX961087	DRR983585	public	search_api
DRX961088	DRR983586	public	search_api
DRX961089	DRR983587	public	search_api
DRX961090	DRR983588	public	search_api
DRX961091	DRR983589	public	search_api
DRX961092	DRR983590	public	search_api
DRX961093	DRR983591	public	search_api
DRX961094	DRR983592	public	search_api
DRX961095	DRR983593	public	search_api
DRX961096	DRR983594	public	search_api
DRX961097	DRR983595	public	search_api
DRX961098	DRR983596	public	search_api
DRX961099	DRR983597	public	search_api
DRX961100	DRR983598	public	search_api
DRX961101	DRR983599	public	search_api
DRX961102	DRR983600	public	search_api
DRX961103	DRR983601	public	search_api
DRX961104	DRR983602	public	search_api
DRX961105	DRR983603	public	search_api
DRX961107	DRR983605	public	search_api
DRX961108	DRR983606	public	search_api
DRX961109	DRR983607	public	search_api
DRX961110	DRR983608	public	search_api
DRX961111	DRR983609	public	search_api
DRX961112	DRR983610	public	search_api
DRX961113	DRR983611	public	search_api
DRX961114	DRR983612	public	search_api
DRX961115	DRR983613	public	search_api
DRX961118	DRR983634	public	search_api
DRX961119	DRR983635	public	search_api
DRX961120	DRR983636	public	search_api
DRX961121	DRR983637	public	search_api
DRX961122	DRR983638	public	search_api
DRX961123	DRR983639	public	search_api
DRX961124	DRR983640	public	search_api
DRX961125	DRR983641	public	search_api
DRX961126	DRR983642	public	search_api
DRX961127	DRR983643	public	search_api
DRX961128	DRR983644	public	search_api
DRX961129	DRR983645	public	search_api
DRX961130	DRR983646	public	search_api
DRX961131	DRR983647	public	search_api
DRX961132	DRR983648	public	search_api
DRX961133	DRR983649	public	search_api
DRX961134	DRR983650	public	search_api
DRX961135	DRR983651	public	search_api
DRX961136	DRR983652	public	search_api
DRX961137	DRR983653	public	search_api
DRX961138	DRR983654	public	search_api
DRX961139	DRR983655	public	search_api
DRX961140	DRR983656	public	search_api
DRX961141	DRR983657	public	search_api
DRX961142	DRR983658	public	search_api
DRX961143	DRR983659	public	search_api
DRX961144	DRR983660	public	search_api
DRX961146	DRR983662	public	search_api
DRX961147	DRR983663	public	search_api
DRX961148	DRR983664	public	search_api
DRX961149	DRR983665	public	search_api
DRX961150	DRR983666	public	search_api
DRX961151	DRR983667	public	search_api
DRX961152	DRR983668	public	search_api
DRX961153	DRR983669	public	search_api
DRX961154	DRR983670	public	search_api
DRX961155	DRR983671	public	search_api
DRX961156	DRR983672	public	search_api
DRX961157	DRR983673	public	search_api
DRX961158	DRR983674	public	search_api
DRX961160	DRR983676	public	search_api
DRX961161	DRR983677	public	search_api
DRX961162	DRR983678	public	search_api
DRX961163	DRR983679	public	search_api
DRX961195	DRR983711	public	search_api
DRX961196	DRR983712	public	search_api
DRX961197	DRR983713	public	search_api
DRX961198	DRR983714	public	search_api
DRX961199	DRR983715	public	search_api
DRX961200	DRR983716	public	search_api
DRX961201	DRR983717	public	search_api
DRX961202	DRR983718	public	search_api
DRX961203	DRR983719	public	search_api
DRX961204	DRR983720	public	search_api
DRX961205	DRR983721	public	search_api
DRX961206	DRR983722	public	search_api
DRX961207	DRR983723	public	search_api
DRX961208	DRR983724	public	search_api
DRX961209	DRR983725	public	search_api
DRX961210	DRR983726	public	search_api
DRX961211	DRR983727	public	search_api
DRX961212	DRR983728	public	search_api
DRX961213	DRR983729	public	search_api
DRX961214	DRR983730	public	search_api
DRX961215	DRR983731	public	search_api
DRX961216	DRR983732	public	search_api
DRX961217	DRR983733	public	search_api
DRX961218	DRR983734	public	search_api
DRX961219	DRR983735	public	search_api
DRX961220	DRR983736	public	search_api
DRX961221	DRR983737	public	search_api
DRX961222	DRR983738	public	search_api
DRX961223	DRR983739	public	search_api
DRX961224	DRR983740	public	search_api
DRX961225	DRR983741	public	search_api
DRX961226	DRR983742	public	search_api
DRX961227	DRR983743	public	search_api
DRX961228	DRR983744	public	search_api
DRX961229	DRR983745	public	search_api
DRX961230	DRR983746	public	search_api
DRX961232	DRR983748	public	search_api
DRX961233	DRR983749	public	search_api
DRX961234	DRR983750	public	search_api
DRX961235	DRR983751	public	search_api
DRX961236	DRR983752	public	search_api
DRX961237	DRR983753	public	search_api
DRX961238	DRR983754	public	search_api
DRX961239	DRR983755	public	search_api
DRX961240	DRR983756	public	search_api
DRX961241	DRR983757	public	search_api
DRX961242	DRR983758	public	search_api
DRX961243	DRR983759	public	search_api
DRX961244	DRR983760	public	search_api
DRX961245	DRR983761	public	search_api
DRX961246	DRR983762	public	search_api
DRX961247	DRR983763	public	search_api
DRX961248	DRR983764	public	search_api
DRX961249	DRR983765	public	search_api
DRX961250	DRR983766	public	search_api
DRX961251	DRR983767	public	search_api
DRX961252	DRR983768	public	search_api
DRX961253	DRR983769	public	search_api
DRX961254	DRR983770	public	search_api
DRX961255	DRR983771	public	search_api
DRX961256	DRR983772	public	search_api
DRX961257	DRR983773	public	search_api
DRX961258	DRR983774	public	search_api
DRX961259	DRR983775	public	search_api
DRX961260	DRR983776	public	search_api
DRX961261	DRR983777	public	search_api
DRX961262	DRR983778	public	search_api
DRX961263	DRR983779	public	search_api
DRX961264	DRR983780	public	search_api
DRX961265	DRR983781	public	search_api
DRX961266	DRR983782	public	search_api
DRX961267	DRR983783	public	search_api
DRX961268	DRR983784	public	search_api
DRX961269	DRR983785	public	search_api
DRX961270	DRR983786	public	search_api
DRX961271	DRR983787	public	search_api
DRX961272	DRR983788	public	search_api
DRX961273	DRR983789	public	search_api
DRX961274	DRR983790	public	search_api
DRX961275	DRR983791	public	search_api
DRX961276	DRR983792	public	search_api
DRX961277	DRR983793	public	search_api
DRX961278	DRR983794	public	search_api
DRX961291	DRR983807	public	search_api
DRX961294	DRR983810	public	search_api
DRX961295	DRR983811	public	search_api
DRX961297	DRR983813	public	search_api
DRX961298	DRR983814	public	search_api
DRX961299	DRR983815	public	search_api
DRX961300	DRR983816	public	search_api
DRX961301	DRR983817	public	search_api
DRX961302	DRR983818	public	search_api
DRX961303	DRR983819	public	search_api
DRX961304	DRR983820	public	search_api
DRX961305	DRR983821	public	search_api
DRX961306	DRR983822	public	search_api
DRX961307	DRR983823	public	search_api
DRX961308	DRR983824	public	search_api
DRX961309	DRR983825	public	search_api
DRX961310	DRR983826	public	search_api
DRX961311	DRR983827	public	search_api
DRX961312	DRR983828	public	search_api
DRX961313	DRR983829	public	search_api
DRX961314	DRR983830	public	search_api
DRX961315	DRR983831	public	search_api
DRX961316	DRR983832	public	search_api
DRX961317	DRR983833	public	search_api
DRX961318	DRR983834	public	search_api
DRX961319	DRR983835	public	search_api
DRX961320	DRR983836	public	search_api
DRX961321	DRR983837	public	search_api
DRX961322	DRR983838	public	search_api
DRX961323	DRR983839	public	search_api
DRX961324	DRR983840	public	search_api
DRX961325	DRR983841	public	search_api
DRX961326	DRR983842	public	search_api
DRX961327	DRR983843	public	search_api
DRX961328	DRR983844	public	search_api
DRX961329	DRR983845	public	search_api
DRX961330	DRR983846	public	search_api
DRX961331	DRR983847	public	search_api
DRX961332	DRR983848	public	search_api
DRX961333	DRR983849	public	search_api
DRX961334	DRR983850	public	search_api
DRX961335	DRR983851	public	search_api
DRX961336	DRR983852	public	search_api
DRX961337	DRR983853	public	search_api
DRX961338	DRR983854	public	search_api
DRX961339	DRR983855	public	search_api
DRX961340	DRR983856	public	search_api
DRX961341	DRR983857	public	search_api
DRX961342	DRR983858	public	search_api
DRX961343	DRR983859	public	search_api
DRX961344	DRR983860	public	search_api
DRX961345	DRR983861	public	search_api
DRX961346	DRR983862	public	search_api
DRX961347	DRR983863	public	search_api
DRX961348	DRR983864	public	search_api
DRX961349	DRR983865	public	search_api
DRX961350	DRR983866	public	search_api
DRX961351	DRR983867	public	search_api
DRX961352	DRR983868	public	search_api
DRX961353	DRR983869	public	search_api
DRX961354	DRR983870	public	search_api
DRX961355	DRR983871	public	search_api
DRX961356	DRR983872	public	search_api
DRX961357	DRR983873	public	search_api
DRX961358	DRR983874	public	search_api
DRX961359	DRR983875	public	search_api
DRX961360	DRR983876	public	search_api
DRX961361	DRR983877	public	search_api
DRX961362	DRR983878	public	search_api
DRX961363	DRR983879	public	search_api
DRX961364	DRR983880	public	search_api
DRX961365	DRR983881	public	search_api
DRX961366	DRR983882	public	search_api
DRX961367	DRR983883	public	search_api
DRX961368	DRR983884	public	search_api
DRX961369	DRR983885	public	search_api
DRX961370	DRR983886	public	search_api
DRX961371	DRR983887	public	search_api
DRX961372	DRR983888	public	search_api
DRX961373	DRR983889	public	search_api
DRX961374	DRR983890	public	search_api
DRX961375	DRR983891	public	search_api
DRX961376	DRR983892	public	search_api
DRX961377	DRR983893	public	search_api
DRX961378	DRR983894	public	search_api
DRX961379	DRR983895	public	search_api
DRX961380	DRR983896	public	search_api
DRX961381	DRR983897	public	search_api
DRX961384	DRR983900	public	search_api
DRX961385	DRR983901	public	search_api
DRX961386	DRR983902	public	search_api
DRX961387	DRR983903	public	search_api
DRX961388	DRR983904	public	search_api
DRX961389	DRR983905	public	search_api
DRX961390	DRR983906	public	search_api
DRX961391	DRR983907	public	search_api
DRX961392	DRR983908	public	search_api
DRX961393	DRR983909	public	search_api
DRX961394	DRR983910	public	search_api
DRX961395	DRR983911	public	search_api
DRX961396	DRR983912	public	search_api
DRX961397	DRR983913	public	search_api
DRX961398	DRR983914	public	search_api
DRX961399	DRR983915	public	search_api
DRX961400	DRR983916	public	search_api
DRX961401	DRR983917	public	search_api
DRX961402	DRR983918	public	search_api
DRX961403	DRR983919	public	search_api
DRX961404	DRR983920	public	search_api
DRX961405	DRR983921	public	search_api
DRX961406	DRR983922	public	search_api
DRX961407	DRR983923	public	search_api
DRX961408	DRR983924	public	search_api
DRX961409	DRR983925	public	search_api
DRX961410	DRR983926	public	search_api
DRX961411	DRR983927	public	search_api
DRX961412	DRR983928	public	search_api
DRX961413	DRR983929	public	search_api
DRX961414	DRR983930	public	search_api
DRX961415	DRR983931	public	search_api
DRX961416	DRR983932	public	search_api
DRX961417	DRR983933	public	search_api
DRX961418	DRR983934	public	search_api
DRX961419	DRR983935	public	search_api
DRX961420	DRR983936	public	search_api
DRX961421	DRR983937	public	search_api
DRX961422	DRR983938	public	search_api
DRX961423	DRR983939	public	search_api
DRX961424	DRR983940	public	search_api
DRX961425	DRR983941	public	search_api
DRX961426	DRR983942	public	search_api
DRX961427	DRR983943	public	search_api
DRX961428	DRR983944	public	search_api
DRX961429	DRR983945	public	search_api
DRX961430	DRR983946	public	search_api
DRX961431	DRR983947	public	search_api
DRX961432	DRR983948	public	search_api
DRX961433	DRR983949	public	search_api
DRX961434	DRR983950	public	search_api
DRX961435	DRR983951	public	search_api
DRX961436	DRR983952	public	search_api
DRX961437	DRR983953	public	search_api
DRX961438	DRR983954	public	search_api
DRX961439	DRR983955	public	search_api
DRX961440	DRR983956	public	search_api
DRX961441	DRR983957	public	search_api
DRX961442	DRR983958	public	search_api
DRX961443	DRR983959	public	search_api
DRX961444	DRR983960	public	search_api
DRX961445	DRR983961	public	search_api
DRX961446	DRR983962	public	search_api
DRX961447	DRR983963	public	search_api
DRX961448	DRR983964	public	search_api
DRX961451	DRR983967	public	search_api
DRX961452	DRR983968	public	search_api
DRX961453	DRR983969	public	search_api
DRX961454	DRR983970	public	search_api
DRX961455	DRR983971	public	search_api
DRX961456	DRR983972	public	search_api
DRX961457	DRR983973	public	search_api
DRX961458	DRR983974	public	search_api
DRX961459	DRR983975	public	search_api
DRX961460	DRR983976	public	search_api
DRX961461	DRR983977	public	search_api
DRX961462	DRR983978	public	search_api
DRX961463	DRR983979	public	search_api
DRX961464	DRR983980	public	search_api
DRX961465	DRR983981	public	search_api
DRX961466	DRR983982	public	search_api
DRX961467	DRR983983	public	search_api
DRX961468	DRR983984	public	search_api
DRX961469	DRR983985	public	search_api
DRX961470	DRR983986	public	search_api
DRX961471	DRR983987	public	search_api
DRX961472	DRR983988	public	search_api
DRX961473	DRR983989	public	search_api
DRX961474	DRR983990	public	search_api
DRX961475	DRR983991	public	search_api
DRX961476	DRR983992	public	search_api
DRX961477	DRR983993	public	search_api
DRX961478	DRR983994	public	search_api
DRX961479	DRR983995	public	search_api
DRX961480	DRR983996	public	search_api
DRX961481	DRR983997	public	search_api
DRX961482	DRR983998	public	search_api
DRX961483	DRR983999	public	search_api
DRX961484	DRR984000	public	search_api
DRX961485	DRR984001	public	search_api
DRX961486	DRR984002	public	search_api
DRX961487	DRR984003	public	search_api
DRX961488	DRR984004	public	search_api
DRX961489	DRR984005	public	search_api
DRX961490	DRR984006	public	search_api
DRX961491	DRR984007	public	search_api
DRX961492	DRR984008	public	search_api
DRX961493	DRR984009	public	search_api
DRX961494	DRR984010	public	search_api
DRX961495	DRR984011	public	search_api
DRX961496	DRR984012	public	search_api
DRX961497	DRR984013	public	search_api
DRX961498	DRR984014	public	search_api
DRX961499	DRR984015	public	search_api
DRX961500	DRR984016	public	search_api
DRX961501	DRR984017	public	search_api
DRX961502	DRR984018	public	search_api
DRX961503	DRR984019	public	search_api
DRX961504	DRR984020	public	search_api
DRX961505	DRR984021	public	search_api
DRX961506	DRR984022	public	search_api
DRX961507	DRR984023	public	search_api
DRX961508	DRR984024	public	search_api
DRX961509	DRR984025	public	search_api
DRX961510	DRR984026	public	search_api
DRX961511	DRR984027	public	search_api
DRX961512	DRR984028	public	search_api
DRX961513	DRR984029	public	search_api
DRX961514	DRR984030	public	search_api
DRX961515	DRR984031	public	search_api
DRX961516	DRR984032	public	search_api
DRX961517	DRR984033	public	search_api
DRX961518	DRR984034	public	search_api
DRX961519	DRR984035	public	search_api
DRX961520	DRR984036	public	search_api
DRX961521	DRR984037	public	search_api
DRX961522	DRR984038	public	search_api
DRX961523	DRR984039	public	search_api
DRX961524	DRR984040	public	search_api
DRX961525	DRR984041	public	search_api
DRX961526	DRR984042	public	search_api
DRX961527	DRR984043	public	search_api
DRX961528	DRR984044	public	search_api
DRX961529	DRR984045	public	search_api
DRX961530	DRR984046	public	search_api
DRX961531	DRR984047	public	search_api
DRX961532	DRR984048	public	search_api
DRX961533	DRR984049	public	search_api
DRX961534	DRR984050	public	search_api
DRX961535	DRR984051	public	search_api
DRX961536	DRR984052	public	search_api
DRX961537	DRR984053	public	search_api
DRX961538	DRR984054	public	search_api
DRX961539	DRR984055	public	search_api
DRX961540	DRR984056	public	search_api
DRX961541	DRR984057	public	search_api
DRX961542	DRR984058	public	search_api
DRX961543	DRR984059	public	search_api
DRX961544	DRR984060	public	search_api
DRX961545	DRR984061	public	search_api
DRX961546	DRR984062	public	search_api
DRX961547	DRR984063	public	search_api
DRX961548	DRR984064	public	search_api
DRX961549	DRR984065	public	search_api
DRX961550	DRR984066	public	search_api
DRX961551	DRR984067	public	search_api
DRX961552	DRR984068	public	search_api
DRX961553	DRR984069	public	search_api
DRX961554	DRR984070	public	search_api
DRX961555	DRR984071	public	search_api
DRX961556	DRR984072	public	search_api
DRX961557	DRR984073	public	search_api
DRX961558	DRR984074	public	search_api
DRX961559	DRR984075	public	search_api
DRX961560	DRR984076	public	search_api
DRX961561	DRR984077	public	search_api
DRX961562	DRR984078	public	search_api
DRX961563	DRR984079	public	search_api
DRX961564	DRR984080	public	search_api
DRX961565	DRR984081	public	search_api
DRX961566	DRR984082	public	search_api
DRX961567	DRR984083	public	search_api
DRX961568	DRR984084	public	search_api
DRX961569	DRR984085	public	search_api
DRX961570	DRR984086	public	search_api
DRX961571	DRR984087	public	search_api
DRX961572	DRR984088	public	search_api
DRX961573	DRR984089	public	search_api
DRX961574	DRR984090	public	search_api
DRX961575	DRR984091	public	search_api
DRX961576	DRR984092	public	search_api
DRX961577	DRR984093	public	search_api
DRX961578	DRR984094	public	search_api
DRX961579	DRR984095	public	search_api
DRX961580	DRR984096	public	search_api
DRX961581	DRR984097	public	search_api
DRX961582	DRR984098	public	search_api
DRX961583	DRR984099	public	search_api
DRX961584	DRR984100	public	search_api
DRX961585	DRR984101	public	search_api
DRX961586	DRR984102	public	search_api
DRX961587	DRR984103	public	search_api
DRX961588	DRR984104	public	search_api
DRX961589	DRR984105	public	search_api
DRX961590	DRR984106	public	search_api
DRX961591	DRR984107	public	search_api
DRX961592	DRR984108	public	search_api
DRX961593	DRR984109	public	search_api
DRX961594	DRR984110	public	search_api
DRX961595	DRR984111	public	search_api
DRX961596	DRR984112	public	search_api
DRX961597	DRR984113	public	search_api
DRX961598	DRR984114	public	search_api
DRX961599	DRR984115	public	search_api
DRX961600	DRR984116	public	search_api
DRX961601	DRR984117	public	search_api
DRX961602	DRR984118	public	search_api
DRX961603	DRR984119	public	search_api
DRX961604	DRR984120	public	search_api
DRX961605	DRR984121	public	search_api
DRX961606	DRR984122	public	search_api
DRX961607	DRR984123	public	search_api
DRX961608	DRR984124	public	search_api
DRX961609	DRR984125	public	search_api
DRX961610	DRR984126	public	search_api
DRX961611	DRR984127	public	search_api
DRX961612	DRR984128	public	search_api
DRX961622	DRR984138	public	search_api
DRX961623	DRR984139	public	search_api
DRX961624	DRR984140	public	search_api
DRX961625	DRR984141	public	search_api
DRX961626	DRR984142	public	search_api
DRX961627	DRR984143	public	search_api
DRX961628	DRR984144	public	search_api
DRX961629	DRR984145	public	search_api
DRX961630	DRR984146	public	search_api
DRX961631	DRR984147	public	search_api
DRX961632	DRR984148	public	search_api
DRX961633	DRR984149	public	search_api
DRX961634	DRR984150	public	search_api
DRX961635	DRR984151	public	search_api
DRX961637	DRR984153	public	search_api
DRX961638	DRR984154	public	search_api
DRX961639	DRR984155	public	search_api
DRX961640	DRR984156	public	search_api
DRX961641	DRR984157	public	search_api
DRX961642	DRR984158	public	search_api
DRX961643	DRR984159	public	search_api
DRX961644	DRR984160	public	search_api
DRX961645	DRR984161	public	search_api
DRX961646	DRR984162	public	search_api
DRX961647	DRR984163	public	search_api
DRX961648	DRR984164	public	search_api
DRX961649	DRR984165	public	search_api
DRX961651	DRR984167	public	search_api
DRX961652	DRR984168	public	search_api
DRX961653	DRR984169	public	search_api
DRX961654	DRR984170	public	search_api
DRX961655	DRR984171	public	search_api
DRX961656	DRR984172	public	search_api
DRX961657	DRR984173	public	search_api
DRX961658	DRR984174	public	search_api
DRX961659	DRR984175	public	search_api
DRX961660	DRR984176	public	search_api
DRX961661	DRR984177	public	search_api
DRX961662	DRR984178	public	search_api
DRX961663	DRR984179	public	search_api
DRX961664	DRR984180	public	search_api
DRX961665	DRR984181	public	search_api
DRX961666	DRR984182	public	search_api
DRX961667	DRR984183	public	search_api
DRX961668	DRR984184	public	search_api
DRX961669	DRR984185	public	search_api
DRX961670	DRR984186	public	search_api
DRX961671	DRR984187	public	search_api
DRX961672	DRR984188	public	search_api
DRX961673	DRR984189	public	search_api
DRX961674	DRR984190	public	search_api
DRX961675	DRR984191	public	search_api
DRX961676	DRR984192	public	search_api
DRX961677	DRR984193	public	search_api
DRX961678	DRR984194	public	search_api
DRX961679	DRR984195	public	search_api
DRX961680	DRR984196	public	search_api
DRX961681	DRR984197	public	search_api
DRX961682	DRR984198	public	search_api
DRX961683	DRR984199	public	search_api
DRX961684	DRR984200	public	search_api
DRX961685	DRR984201	public	search_api
DRX961686	DRR984202	public	search_api
DRX961687	DRR984203	public	search_api
DRX961688	DRR984204	public	search_api
DRX961689	DRR984205	public	search_api
DRX961690	DRR984206	public	search_api
DRX961691	DRR984207	public	search_api
DRX961692	DRR984208	public	search_api
DRX961711	DRR984227	public	search_api
DRX961712	DRR984228	public	search_api
DRX961713	DRR984229	public	search_api
DRX961714	DRR984230	public	search_api
DRX961715	DRR984231	public	search_api
DRX961716	DRR984232	public	search_api
DRX961717	DRR984233	public	search_api
DRX961718	DRR984234	public	search_api
DRX961719	DRR984235	public	search_api
DRX961720	DRR984236	public	search_api
DRX961721	DRR984237	public	search_api
DRX961722	DRR984238	public	search_api
DRX961723	DRR984239	public	search_api
DRX961724	DRR984240	public	search_api
DRX961725	DRR984241	public	search_api
DRX961726	DRR984242	public	search_api
DRX961727	DRR984243	public	search_api
DRX961728	DRR984244	public	search_api
DRX961729	DRR984245	public	search_api
DRX961730	DRR984246	public	search_api
DRX961731	DRR984247	public	search_api
DRX961732	DRR984248	public	search_api
DRX961733	DRR984249	public	search_api
DRX961734	DRR984250	public	search_api
DRX961735	DRR984251	public	search_api
DRX961736	DRR984252	public	search_api
DRX961737	DRR984253	public	search_api
DRX961738	DRR984254	public	search_api
DRX961740	DRR984256	public	search_api
DRX961741	DRR984257	public	search_api
DRX961742	DRR984258	public	search_api
DRX961743	DRR984259	public	search_api
DRX961744	DRR984260	public	search_api
DRX961745	DRR984261	public	search_api
DRX961746	DRR984262	public	search_api
DRX961747	DRR984263	public	search_api
DRX961748	DRR984264	public	search_api
DRX961749	DRR984265	public	search_api
DRX961750	DRR984266	public	search_api
DRX961751	DRR984267	public	search_api
DRX961752	DRR984268	public	search_api
DRX961753	DRR984269	public	search_api
DRX961754	DRR984270	public	search_api
DRX961755	DRR984271	public	search_api
DRX961756	DRR984272	public	search_api
DRX961757	DRR984273	public	search_api
DRX961758	DRR984274	public	search_api
DRX961759	DRR984275	public	search_api
DRX961760	DRR984276	public	search_api
DRX961761	DRR984277	public	search_api
DRX961763	DRR984279	public	search_api
DRX961764	DRR984280	public	search_api
DRX961765	DRR984281	public	search_api
DRX961766	DRR984282	public	search_api
DRX961767	DRR984283	public	search_api
DRX961768	DRR984284	public	search_api
DRX961769	DRR984285	public	search_api
DRX961770	DRR984286	public	search_api
DRX961771	DRR984287	public	search_api
DRX961787	DRR984303	public	search_api
DRX961788	DRR984304	public	search_api
DRX961789	DRR984305	public	search_api
DRX961790	DRR984306	public	search_api
DRX961791	DRR984307	public	search_api
DRX961792	DRR984308	public	search_api
DRX961793	DRR984309	public	search_api
DRX961794	DRR984310	public	search_api
DRX961795	DRR984311	public	search_api
DRX961796	DRR984312	public	search_api
DRX961797	DRR984313	public	search_api
DRX961798	DRR984314	public	search_api
DRX961800	DRR984316	public	search_api
DRX961801	DRR984317	public	search_api
DRX961802	DRR984318	public	search_api
DRX961803	DRR984319	public	search_api
DRX961804	DRR984320	public	search_api
DRX961805	DRR984321	public	search_api
DRX961806	DRR984322	public	search_api
DRX961807	DRR984323	public	search_api
DRX961808	DRR984324	public	search_api
DRX961809	DRR984325	public	search_api
DRX961810	DRR984326	public	search_api
DRX961811	DRR984327	public	search_api
DRX961813	DRR984329	public	search_api
DRX961814	DRR984330	public	search_api
DRX961815	DRR984331	public	search_api
DRX961816	DRR984332	public	search_api
DRX961817	DRR984333	public	search_api
DRX961818	DRR984334	public	search_api
DRX961819	DRR984335	public	search_api
DRX961820	DRR984336	public	search_api
DRX961837	DRR984353	public	search_api
DRX961838	DRR984354	public	search_api
DRX961839	DRR984355	public	search_api
DRX961840	DRR984356	public	search_api
DRX961841	DRR984357	public	search_api
DRX961842	DRR984358	public	search_api
DRX962079	DRR984595	public	search_api
DRX962080	DRR984596	public	search_api
DRX962081	DRR984597	public	search_api
DRX962082	DRR984598	public	search_api
DRX962083	DRR984599	public	search_api
DRX962084	DRR984600	public	search_api
DRX962085	DRR984601	public	search_api
DRX962086	DRR984602	public	search_api
DRX962087	DRR984603	public	search_api
DRX962088	DRR984604	public	search_api
DRX962089	DRR984605	public	search_api
DRX962090	DRR984606	public	search_api
DRX965085	DRR987612	public	search_api
DRX965086	DRR987613	public	search_api
DRX965087	DRR987614	public	search_api
DRX965816	DRR988344	public	search_api
DRX965817	DRR988345	public	search_api
DRX965818	DRR988346	public	search_api
DRX965819	DRR988347	public	search_api
DRX965820	DRR988348	public	search_api
DRX965821	DRR988349	public	search_api
DRX968561	DRR991127	public	search_api
DRX968562	DRR991128	public	search_api
DRX968563	DRR991129	public	search_api
DRX968564	DRR991130	public	search_api
DRX968565	DRR991131	public	search_api
DRX968566	DRR991132	public	search_api
DRX968567	DRR991133	public	search_api
DRX968568	DRR991134	public	search_api
DRX968569	DRR991135	public	search_api
DRX968570	DRR991136	public	search_api
DRX968575	DRR991141	public	search_api
DRX968576	DRR991142	public	search_api
DRX968577	DRR991143	public	search_api
DRX968578	DRR991144	public	search_api
DRX968579	DRR991145	public	search_api
DRX968580	DRR991146	public	search_api
DRX968581	DRR991147	public	search_api
DRX968582	DRR991148	public	search_api
DRX968583	DRR991149	public	search_api
DRX968584	DRR991150	public	search_api
DRX968585	DRR991151	public	search_api
DRX968586	DRR991152	public	search_api
DRX968587	DRR991153	public	search_api
DRX968588	DRR991154	public	search_api
DRX968589	DRR991155	public	search_api
DRX968590	DRR991156	public	search_api
DRX968591	DRR991157	public	search_api
DRX968592	DRR991158	public	search_api
DRX975551	DRR998921	public	search_api
DRX975552	DRR998922	public	search_api
DRX975553	DRR998923	public	search_api
DRX975554	DRR998924	public	search_api
DRX975555	DRR998925	public	search_api
DRX975556	DRR998926	public	search_api
DRX975557	DRR998927	public	search_api
DRX975558	DRR998928	public	search_api
DRX975559	DRR998929	public	search_api
DRX975560	DRR998930	public	search_api
DRX975561	DRR998931	public	search_api
DRX975562	DRR998932	public	search_api
DRX975563	DRR998933	public	search_api
DRX975564	DRR998934	public	search_api
DRX975565	DRR998935	public	search_api
DRX975566	DRR998936	public	search_api
DRX975567	DRR998937	public	search_api
DRX975568	DRR998938	public	search_api
DRX975569	DRR998939	public	search_api
DRX975570	DRR998940	public	search_api
DRX975571	DRR998941	public	search_api
DRX975572	DRR998942	public	search_api
DRX979855	DRR1003230	public	search_api
DRX982025	DRR1005410	public	search_api
DRX982026	DRR1005411	public	search_api
DRX982027	DRR1005412	public	search_api
DRX982028	DRR1005413	public	search_api
DRX982029	DRR1005414	public	search_api
DRX982030	DRR1005415	public	search_api
DRX982031	DRR1005416	public	search_api
DRX982032	DRR1005417	public	search_api
DRX982033	DRR1005418	public	search_api
DRX982034	DRR1005419	public	search_api
DRX982035	DRR1005420	public	search_api
DRX982036	DRR1005421	public	search_api
DRX998681	DRR1022116	public	search_api
DRX998682	DRR1022117	public	search_api
DRX998683	DRR1022118	public	search_api
DRX998684	DRR1022119	public	search_api
DRX998685	DRR1022120	public	search_api
DRX998686	DRR1022121	public	search_api
DRX998687	DRR1022122	public	search_api
DRX998688	DRR1022123	public	search_api
DRX998689	DRR1022124	public	search_api
DRX998690	DRR1022125	public	search_api
DRX998691	DRR1022126	public	search_api
DRX998692	DRR1022127	public	search_api
DRX998693	DRR1022128	public	search_api
DRX998694	DRR1022129	public	search_api
DRX998695	DRR1022130	public	search_api
DRX998696	DRR1022131	public	search_api
DRX998697	DRR1022132	public	search_api
DRX998698	DRR1022133	public	search_api
DRX998699	DRR1022134	public	search_api
DRX998700	DRR1022135	public	search_api
DRX998701	DRR1022136	public	search_api
DRX998702	DRR1022137	public	search_api
DRX998703	DRR1022138	public	search_api
DRX998704	DRR1022139	public	search_api
DRX998705	DRR1022140	public	search_api
DRX998706	DRR1022141	public	search_api
DRX998707	DRR1022142	public	search_api
DRX998708	DRR1022143	public	search_api
DRX998709	DRR1022144	public	search_api
DRX998710	DRR1022145	public	search_api
DRX998711	DRR1022146	public	search_api
DRX998712	DRR1022147	public	search_api
DRX998713	DRR1022148	public	search_api
DRX998714	DRR1022149	public	search_api
DRX998715	DRR1022150	public	search_api
DRX998716	DRR1022151	public	search_api
DRX998717	DRR1022152	public	search_api
DRX998718	DRR1022153	public	search_api
DRX998719	DRR1022154	public	search_api
DRX998720	DRR1022155	public	search_api
DRX998721	DRR1022156	public	search_api
DRX998722	DRR1022157	public	search_api
DRX998723	DRR1022158	public	search_api
DRX998724	DRR1022159	public	search_api
DRX998725	DRR1022160	public	search_api
DRX998726	DRR1022161	public	search_api
